-- Generated by TestRankerInvariantBenchmark/generateK8sFixture
-- Deterministic synthetic kubernetes-size corpus.
BEGIN;
INSERT INTO source_files (id, repo, relative_path, content_hash, extractor_version, grammar_version, last_indexed, deleted, last_pr_id_set, pr_miner_version) VALUES (1, 'bench-repo', 'pkg/mod0/file.go', 'h1', 'test', NULL, '2026-01-01T00:00:00Z', 0, X'01000000', '');
INSERT INTO source_files (id, repo, relative_path, content_hash, extractor_version, grammar_version, last_indexed, deleted, last_pr_id_set, pr_miner_version) VALUES (2, 'bench-repo', 'pkg/mod1/file.go', 'h2', 'test', NULL, '2026-01-01T00:00:00Z', 0, X'01000000', '');
INSERT INTO source_files (id, repo, relative_path, content_hash, extractor_version, grammar_version, last_indexed, deleted, last_pr_id_set, pr_miner_version) VALUES (3, 'bench-repo', 'pkg/mod2/file.go', 'h3', 'test', NULL, '2026-01-01T00:00:00Z', 0, X'01000000', '');
INSERT INTO source_files (id, repo, relative_path, content_hash, extractor_version, grammar_version, last_indexed, deleted, last_pr_id_set, pr_miner_version) VALUES (4, 'bench-repo', 'pkg/mod3/file.go', 'h4', 'test', NULL, '2026-01-01T00:00:00Z', 0, X'01000000', '');
INSERT INTO source_files (id, repo, relative_path, content_hash, extractor_version, grammar_version, last_indexed, deleted, last_pr_id_set, pr_miner_version) VALUES (5, 'bench-repo', 'pkg/mod4/file.go', 'h5', 'test', NULL, '2026-01-01T00:00:00Z', 0, X'01000000', '');
INSERT INTO source_files (id, repo, relative_path, content_hash, extractor_version, grammar_version, last_indexed, deleted, last_pr_id_set, pr_miner_version) VALUES (6, 'bench-repo', 'pkg/mod5/file.go', 'h6', 'test', NULL, '2026-01-01T00:00:00Z', 0, X'01000000', '');
INSERT INTO source_files (id, repo, relative_path, content_hash, extractor_version, grammar_version, last_indexed, deleted, last_pr_id_set, pr_miner_version) VALUES (7, 'bench-repo', 'pkg/mod6/file.go', 'h7', 'test', NULL, '2026-01-01T00:00:00Z', 0, X'01000000', '');
INSERT INTO source_files (id, repo, relative_path, content_hash, extractor_version, grammar_version, last_indexed, deleted, last_pr_id_set, pr_miner_version) VALUES (8, 'bench-repo', 'pkg/mod7/file.go', 'h8', 'test', NULL, '2026-01-01T00:00:00Z', 0, X'01000000', '');
INSERT INTO source_files (id, repo, relative_path, content_hash, extractor_version, grammar_version, last_indexed, deleted, last_pr_id_set, pr_miner_version) VALUES (9, 'bench-repo', 'pkg/mod8/file.go', 'h9', 'test', NULL, '2026-01-01T00:00:00Z', 0, X'01000000', '');
INSERT INTO source_files (id, repo, relative_path, content_hash, extractor_version, grammar_version, last_indexed, deleted, last_pr_id_set, pr_miner_version) VALUES (10, 'bench-repo', 'pkg/mod9/file.go', 'h10', 'test', NULL, '2026-01-01T00:00:00Z', 0, X'01000000', '');
INSERT INTO source_files (id, repo, relative_path, content_hash, extractor_version, grammar_version, last_indexed, deleted, last_pr_id_set, pr_miner_version) VALUES (11, 'bench-repo', 'pkg/mod10/file.go', 'h11', 'test', NULL, '2026-01-01T00:00:00Z', 0, X'01000000', '');
INSERT INTO source_files (id, repo, relative_path, content_hash, extractor_version, grammar_version, last_indexed, deleted, last_pr_id_set, pr_miner_version) VALUES (12, 'bench-repo', 'pkg/mod11/file.go', 'h12', 'test', NULL, '2026-01-01T00:00:00Z', 0, X'01000000', '');
INSERT INTO source_files (id, repo, relative_path, content_hash, extractor_version, grammar_version, last_indexed, deleted, last_pr_id_set, pr_miner_version) VALUES (13, 'bench-repo', 'pkg/mod12/file.go', 'h13', 'test', NULL, '2026-01-01T00:00:00Z', 0, X'01000000', '');
INSERT INTO source_files (id, repo, relative_path, content_hash, extractor_version, grammar_version, last_indexed, deleted, last_pr_id_set, pr_miner_version) VALUES (14, 'bench-repo', 'pkg/mod13/file.go', 'h14', 'test', NULL, '2026-01-01T00:00:00Z', 0, X'01000000', '');
INSERT INTO source_files (id, repo, relative_path, content_hash, extractor_version, grammar_version, last_indexed, deleted, last_pr_id_set, pr_miner_version) VALUES (15, 'bench-repo', 'pkg/mod14/file.go', 'h15', 'test', NULL, '2026-01-01T00:00:00Z', 0, X'01000000', '');
INSERT INTO source_files (id, repo, relative_path, content_hash, extractor_version, grammar_version, last_indexed, deleted, last_pr_id_set, pr_miner_version) VALUES (16, 'bench-repo', 'pkg/mod15/file.go', 'h16', 'test', NULL, '2026-01-01T00:00:00Z', 0, X'01000000', '');
INSERT INTO source_files (id, repo, relative_path, content_hash, extractor_version, grammar_version, last_indexed, deleted, last_pr_id_set, pr_miner_version) VALUES (17, 'bench-repo', 'pkg/mod16/file.go', 'h17', 'test', NULL, '2026-01-01T00:00:00Z', 0, X'01000000', '');
INSERT INTO source_files (id, repo, relative_path, content_hash, extractor_version, grammar_version, last_indexed, deleted, last_pr_id_set, pr_miner_version) VALUES (18, 'bench-repo', 'pkg/mod17/file.go', 'h18', 'test', NULL, '2026-01-01T00:00:00Z', 0, X'01000000', '');
INSERT INTO source_files (id, repo, relative_path, content_hash, extractor_version, grammar_version, last_indexed, deleted, last_pr_id_set, pr_miner_version) VALUES (19, 'bench-repo', 'pkg/mod18/file.go', 'h19', 'test', NULL, '2026-01-01T00:00:00Z', 0, X'01000000', '');
INSERT INTO source_files (id, repo, relative_path, content_hash, extractor_version, grammar_version, last_indexed, deleted, last_pr_id_set, pr_miner_version) VALUES (20, 'bench-repo', 'pkg/mod19/file.go', 'h20', 'test', NULL, '2026-01-01T00:00:00Z', 0, X'01000000', '');
INSERT INTO source_files (id, repo, relative_path, content_hash, extractor_version, grammar_version, last_indexed, deleted, last_pr_id_set, pr_miner_version) VALUES (21, 'bench-repo', 'pkg/mod20/file.go', 'h21', 'test', NULL, '2026-01-01T00:00:00Z', 0, X'01000000', '');
INSERT INTO source_files (id, repo, relative_path, content_hash, extractor_version, grammar_version, last_indexed, deleted, last_pr_id_set, pr_miner_version) VALUES (22, 'bench-repo', 'pkg/mod21/file.go', 'h22', 'test', NULL, '2026-01-01T00:00:00Z', 0, X'01000000', '');
INSERT INTO source_files (id, repo, relative_path, content_hash, extractor_version, grammar_version, last_indexed, deleted, last_pr_id_set, pr_miner_version) VALUES (23, 'bench-repo', 'pkg/mod22/file.go', 'h23', 'test', NULL, '2026-01-01T00:00:00Z', 0, X'01000000', '');
INSERT INTO source_files (id, repo, relative_path, content_hash, extractor_version, grammar_version, last_indexed, deleted, last_pr_id_set, pr_miner_version) VALUES (24, 'bench-repo', 'pkg/mod23/file.go', 'h24', 'test', NULL, '2026-01-01T00:00:00Z', 0, X'01000000', '');
INSERT INTO source_files (id, repo, relative_path, content_hash, extractor_version, grammar_version, last_indexed, deleted, last_pr_id_set, pr_miner_version) VALUES (25, 'bench-repo', 'pkg/mod24/file.go', 'h25', 'test', NULL, '2026-01-01T00:00:00Z', 0, X'01000000', '');
INSERT INTO source_files (id, repo, relative_path, content_hash, extractor_version, grammar_version, last_indexed, deleted, last_pr_id_set, pr_miner_version) VALUES (26, 'bench-repo', 'pkg/mod25/file.go', 'h26', 'test', NULL, '2026-01-01T00:00:00Z', 0, X'01000000', '');
INSERT INTO source_files (id, repo, relative_path, content_hash, extractor_version, grammar_version, last_indexed, deleted, last_pr_id_set, pr_miner_version) VALUES (27, 'bench-repo', 'pkg/mod26/file.go', 'h27', 'test', NULL, '2026-01-01T00:00:00Z', 0, X'01000000', '');
INSERT INTO source_files (id, repo, relative_path, content_hash, extractor_version, grammar_version, last_indexed, deleted, last_pr_id_set, pr_miner_version) VALUES (28, 'bench-repo', 'pkg/mod27/file.go', 'h28', 'test', NULL, '2026-01-01T00:00:00Z', 0, X'01000000', '');
INSERT INTO source_files (id, repo, relative_path, content_hash, extractor_version, grammar_version, last_indexed, deleted, last_pr_id_set, pr_miner_version) VALUES (29, 'bench-repo', 'pkg/mod28/file.go', 'h29', 'test', NULL, '2026-01-01T00:00:00Z', 0, X'01000000', '');
INSERT INTO source_files (id, repo, relative_path, content_hash, extractor_version, grammar_version, last_indexed, deleted, last_pr_id_set, pr_miner_version) VALUES (30, 'bench-repo', 'pkg/mod29/file.go', 'h30', 'test', NULL, '2026-01-01T00:00:00Z', 0, X'01000000', '');
INSERT INTO source_files (id, repo, relative_path, content_hash, extractor_version, grammar_version, last_indexed, deleted, last_pr_id_set, pr_miner_version) VALUES (31, 'bench-repo', 'pkg/mod30/file.go', 'h31', 'test', NULL, '2026-01-01T00:00:00Z', 0, X'01000000', '');
INSERT INTO source_files (id, repo, relative_path, content_hash, extractor_version, grammar_version, last_indexed, deleted, last_pr_id_set, pr_miner_version) VALUES (32, 'bench-repo', 'pkg/mod31/file.go', 'h32', 'test', NULL, '2026-01-01T00:00:00Z', 0, X'01000000', '');
INSERT INTO source_files (id, repo, relative_path, content_hash, extractor_version, grammar_version, last_indexed, deleted, last_pr_id_set, pr_miner_version) VALUES (33, 'bench-repo', 'pkg/mod32/file.go', 'h33', 'test', NULL, '2026-01-01T00:00:00Z', 0, X'01000000', '');
INSERT INTO source_files (id, repo, relative_path, content_hash, extractor_version, grammar_version, last_indexed, deleted, last_pr_id_set, pr_miner_version) VALUES (34, 'bench-repo', 'pkg/mod33/file.go', 'h34', 'test', NULL, '2026-01-01T00:00:00Z', 0, X'01000000', '');
INSERT INTO source_files (id, repo, relative_path, content_hash, extractor_version, grammar_version, last_indexed, deleted, last_pr_id_set, pr_miner_version) VALUES (35, 'bench-repo', 'pkg/mod34/file.go', 'h35', 'test', NULL, '2026-01-01T00:00:00Z', 0, X'01000000', '');
INSERT INTO source_files (id, repo, relative_path, content_hash, extractor_version, grammar_version, last_indexed, deleted, last_pr_id_set, pr_miner_version) VALUES (36, 'bench-repo', 'pkg/mod35/file.go', 'h36', 'test', NULL, '2026-01-01T00:00:00Z', 0, X'01000000', '');
INSERT INTO source_files (id, repo, relative_path, content_hash, extractor_version, grammar_version, last_indexed, deleted, last_pr_id_set, pr_miner_version) VALUES (37, 'bench-repo', 'pkg/mod36/file.go', 'h37', 'test', NULL, '2026-01-01T00:00:00Z', 0, X'01000000', '');
INSERT INTO source_files (id, repo, relative_path, content_hash, extractor_version, grammar_version, last_indexed, deleted, last_pr_id_set, pr_miner_version) VALUES (38, 'bench-repo', 'pkg/mod37/file.go', 'h38', 'test', NULL, '2026-01-01T00:00:00Z', 0, X'01000000', '');
INSERT INTO source_files (id, repo, relative_path, content_hash, extractor_version, grammar_version, last_indexed, deleted, last_pr_id_set, pr_miner_version) VALUES (39, 'bench-repo', 'pkg/mod38/file.go', 'h39', 'test', NULL, '2026-01-01T00:00:00Z', 0, X'01000000', '');
INSERT INTO source_files (id, repo, relative_path, content_hash, extractor_version, grammar_version, last_indexed, deleted, last_pr_id_set, pr_miner_version) VALUES (40, 'bench-repo', 'pkg/mod39/file.go', 'h40', 'test', NULL, '2026-01-01T00:00:00Z', 0, X'01000000', '');
INSERT INTO source_files (id, repo, relative_path, content_hash, extractor_version, grammar_version, last_indexed, deleted, last_pr_id_set, pr_miner_version) VALUES (41, 'bench-repo', 'pkg/mod40/file.go', 'h41', 'test', NULL, '2026-01-01T00:00:00Z', 0, X'01000000', '');
INSERT INTO source_files (id, repo, relative_path, content_hash, extractor_version, grammar_version, last_indexed, deleted, last_pr_id_set, pr_miner_version) VALUES (42, 'bench-repo', 'pkg/mod41/file.go', 'h42', 'test', NULL, '2026-01-01T00:00:00Z', 0, X'01000000', '');
INSERT INTO source_files (id, repo, relative_path, content_hash, extractor_version, grammar_version, last_indexed, deleted, last_pr_id_set, pr_miner_version) VALUES (43, 'bench-repo', 'pkg/mod42/file.go', 'h43', 'test', NULL, '2026-01-01T00:00:00Z', 0, X'01000000', '');
INSERT INTO source_files (id, repo, relative_path, content_hash, extractor_version, grammar_version, last_indexed, deleted, last_pr_id_set, pr_miner_version) VALUES (44, 'bench-repo', 'pkg/mod43/file.go', 'h44', 'test', NULL, '2026-01-01T00:00:00Z', 0, X'01000000', '');
INSERT INTO source_files (id, repo, relative_path, content_hash, extractor_version, grammar_version, last_indexed, deleted, last_pr_id_set, pr_miner_version) VALUES (45, 'bench-repo', 'pkg/mod44/file.go', 'h45', 'test', NULL, '2026-01-01T00:00:00Z', 0, X'01000000', '');
INSERT INTO source_files (id, repo, relative_path, content_hash, extractor_version, grammar_version, last_indexed, deleted, last_pr_id_set, pr_miner_version) VALUES (46, 'bench-repo', 'pkg/mod45/file.go', 'h46', 'test', NULL, '2026-01-01T00:00:00Z', 0, X'01000000', '');
INSERT INTO source_files (id, repo, relative_path, content_hash, extractor_version, grammar_version, last_indexed, deleted, last_pr_id_set, pr_miner_version) VALUES (47, 'bench-repo', 'pkg/mod46/file.go', 'h47', 'test', NULL, '2026-01-01T00:00:00Z', 0, X'01000000', '');
INSERT INTO source_files (id, repo, relative_path, content_hash, extractor_version, grammar_version, last_indexed, deleted, last_pr_id_set, pr_miner_version) VALUES (48, 'bench-repo', 'pkg/mod47/file.go', 'h48', 'test', NULL, '2026-01-01T00:00:00Z', 0, X'01000000', '');
INSERT INTO source_files (id, repo, relative_path, content_hash, extractor_version, grammar_version, last_indexed, deleted, last_pr_id_set, pr_miner_version) VALUES (49, 'bench-repo', 'pkg/mod48/file.go', 'h49', 'test', NULL, '2026-01-01T00:00:00Z', 0, X'01000000', '');
INSERT INTO source_files (id, repo, relative_path, content_hash, extractor_version, grammar_version, last_indexed, deleted, last_pr_id_set, pr_miner_version) VALUES (50, 'bench-repo', 'pkg/mod49/file.go', 'h50', 'test', NULL, '2026-01-01T00:00:00Z', 0, X'01000000', '');
INSERT INTO source_files (id, repo, relative_path, content_hash, extractor_version, grammar_version, last_indexed, deleted, last_pr_id_set, pr_miner_version) VALUES (51, 'bench-repo', 'pkg/mod50/file.go', 'h51', 'test', NULL, '2026-01-01T00:00:00Z', 0, X'01000000', '');
INSERT INTO source_files (id, repo, relative_path, content_hash, extractor_version, grammar_version, last_indexed, deleted, last_pr_id_set, pr_miner_version) VALUES (52, 'bench-repo', 'pkg/mod51/file.go', 'h52', 'test', NULL, '2026-01-01T00:00:00Z', 0, X'01000000', '');
INSERT INTO source_files (id, repo, relative_path, content_hash, extractor_version, grammar_version, last_indexed, deleted, last_pr_id_set, pr_miner_version) VALUES (53, 'bench-repo', 'pkg/mod52/file.go', 'h53', 'test', NULL, '2026-01-01T00:00:00Z', 0, X'01000000', '');
INSERT INTO source_files (id, repo, relative_path, content_hash, extractor_version, grammar_version, last_indexed, deleted, last_pr_id_set, pr_miner_version) VALUES (54, 'bench-repo', 'pkg/mod53/file.go', 'h54', 'test', NULL, '2026-01-01T00:00:00Z', 0, X'01000000', '');
INSERT INTO source_files (id, repo, relative_path, content_hash, extractor_version, grammar_version, last_indexed, deleted, last_pr_id_set, pr_miner_version) VALUES (55, 'bench-repo', 'pkg/mod54/file.go', 'h55', 'test', NULL, '2026-01-01T00:00:00Z', 0, X'01000000', '');
INSERT INTO source_files (id, repo, relative_path, content_hash, extractor_version, grammar_version, last_indexed, deleted, last_pr_id_set, pr_miner_version) VALUES (56, 'bench-repo', 'pkg/mod55/file.go', 'h56', 'test', NULL, '2026-01-01T00:00:00Z', 0, X'01000000', '');
INSERT INTO source_files (id, repo, relative_path, content_hash, extractor_version, grammar_version, last_indexed, deleted, last_pr_id_set, pr_miner_version) VALUES (57, 'bench-repo', 'pkg/mod56/file.go', 'h57', 'test', NULL, '2026-01-01T00:00:00Z', 0, X'01000000', '');
INSERT INTO source_files (id, repo, relative_path, content_hash, extractor_version, grammar_version, last_indexed, deleted, last_pr_id_set, pr_miner_version) VALUES (58, 'bench-repo', 'pkg/mod57/file.go', 'h58', 'test', NULL, '2026-01-01T00:00:00Z', 0, X'01000000', '');
INSERT INTO source_files (id, repo, relative_path, content_hash, extractor_version, grammar_version, last_indexed, deleted, last_pr_id_set, pr_miner_version) VALUES (59, 'bench-repo', 'pkg/mod58/file.go', 'h59', 'test', NULL, '2026-01-01T00:00:00Z', 0, X'01000000', '');
INSERT INTO source_files (id, repo, relative_path, content_hash, extractor_version, grammar_version, last_indexed, deleted, last_pr_id_set, pr_miner_version) VALUES (60, 'bench-repo', 'pkg/mod59/file.go', 'h60', 'test', NULL, '2026-01-01T00:00:00Z', 0, X'01000000', '');
INSERT INTO source_files (id, repo, relative_path, content_hash, extractor_version, grammar_version, last_indexed, deleted, last_pr_id_set, pr_miner_version) VALUES (61, 'bench-repo', 'pkg/mod60/file.go', 'h61', 'test', NULL, '2026-01-01T00:00:00Z', 0, X'01000000', '');
INSERT INTO source_files (id, repo, relative_path, content_hash, extractor_version, grammar_version, last_indexed, deleted, last_pr_id_set, pr_miner_version) VALUES (62, 'bench-repo', 'pkg/mod61/file.go', 'h62', 'test', NULL, '2026-01-01T00:00:00Z', 0, X'01000000', '');
INSERT INTO source_files (id, repo, relative_path, content_hash, extractor_version, grammar_version, last_indexed, deleted, last_pr_id_set, pr_miner_version) VALUES (63, 'bench-repo', 'pkg/mod62/file.go', 'h63', 'test', NULL, '2026-01-01T00:00:00Z', 0, X'01000000', '');
INSERT INTO source_files (id, repo, relative_path, content_hash, extractor_version, grammar_version, last_indexed, deleted, last_pr_id_set, pr_miner_version) VALUES (64, 'bench-repo', 'pkg/mod63/file.go', 'h64', 'test', NULL, '2026-01-01T00:00:00Z', 0, X'01000000', '');
INSERT INTO source_files (id, repo, relative_path, content_hash, extractor_version, grammar_version, last_indexed, deleted, last_pr_id_set, pr_miner_version) VALUES (65, 'bench-repo', 'pkg/mod64/file.go', 'h65', 'test', NULL, '2026-01-01T00:00:00Z', 0, X'01000000', '');
INSERT INTO source_files (id, repo, relative_path, content_hash, extractor_version, grammar_version, last_indexed, deleted, last_pr_id_set, pr_miner_version) VALUES (66, 'bench-repo', 'pkg/mod65/file.go', 'h66', 'test', NULL, '2026-01-01T00:00:00Z', 0, X'01000000', '');
INSERT INTO source_files (id, repo, relative_path, content_hash, extractor_version, grammar_version, last_indexed, deleted, last_pr_id_set, pr_miner_version) VALUES (67, 'bench-repo', 'pkg/mod66/file.go', 'h67', 'test', NULL, '2026-01-01T00:00:00Z', 0, X'01000000', '');
INSERT INTO source_files (id, repo, relative_path, content_hash, extractor_version, grammar_version, last_indexed, deleted, last_pr_id_set, pr_miner_version) VALUES (68, 'bench-repo', 'pkg/mod67/file.go', 'h68', 'test', NULL, '2026-01-01T00:00:00Z', 0, X'01000000', '');
INSERT INTO source_files (id, repo, relative_path, content_hash, extractor_version, grammar_version, last_indexed, deleted, last_pr_id_set, pr_miner_version) VALUES (69, 'bench-repo', 'pkg/mod68/file.go', 'h69', 'test', NULL, '2026-01-01T00:00:00Z', 0, X'01000000', '');
INSERT INTO source_files (id, repo, relative_path, content_hash, extractor_version, grammar_version, last_indexed, deleted, last_pr_id_set, pr_miner_version) VALUES (70, 'bench-repo', 'pkg/mod69/file.go', 'h70', 'test', NULL, '2026-01-01T00:00:00Z', 0, X'01000000', '');
INSERT INTO source_files (id, repo, relative_path, content_hash, extractor_version, grammar_version, last_indexed, deleted, last_pr_id_set, pr_miner_version) VALUES (71, 'bench-repo', 'pkg/mod70/file.go', 'h71', 'test', NULL, '2026-01-01T00:00:00Z', 0, X'01000000', '');
INSERT INTO source_files (id, repo, relative_path, content_hash, extractor_version, grammar_version, last_indexed, deleted, last_pr_id_set, pr_miner_version) VALUES (72, 'bench-repo', 'pkg/mod71/file.go', 'h72', 'test', NULL, '2026-01-01T00:00:00Z', 0, X'01000000', '');
INSERT INTO source_files (id, repo, relative_path, content_hash, extractor_version, grammar_version, last_indexed, deleted, last_pr_id_set, pr_miner_version) VALUES (73, 'bench-repo', 'pkg/mod72/file.go', 'h73', 'test', NULL, '2026-01-01T00:00:00Z', 0, X'01000000', '');
INSERT INTO source_files (id, repo, relative_path, content_hash, extractor_version, grammar_version, last_indexed, deleted, last_pr_id_set, pr_miner_version) VALUES (74, 'bench-repo', 'pkg/mod73/file.go', 'h74', 'test', NULL, '2026-01-01T00:00:00Z', 0, X'01000000', '');
INSERT INTO source_files (id, repo, relative_path, content_hash, extractor_version, grammar_version, last_indexed, deleted, last_pr_id_set, pr_miner_version) VALUES (75, 'bench-repo', 'pkg/mod74/file.go', 'h75', 'test', NULL, '2026-01-01T00:00:00Z', 0, X'01000000', '');
INSERT INTO source_files (id, repo, relative_path, content_hash, extractor_version, grammar_version, last_indexed, deleted, last_pr_id_set, pr_miner_version) VALUES (76, 'bench-repo', 'pkg/mod75/file.go', 'h76', 'test', NULL, '2026-01-01T00:00:00Z', 0, X'01000000', '');
INSERT INTO source_files (id, repo, relative_path, content_hash, extractor_version, grammar_version, last_indexed, deleted, last_pr_id_set, pr_miner_version) VALUES (77, 'bench-repo', 'pkg/mod76/file.go', 'h77', 'test', NULL, '2026-01-01T00:00:00Z', 0, X'01000000', '');
INSERT INTO source_files (id, repo, relative_path, content_hash, extractor_version, grammar_version, last_indexed, deleted, last_pr_id_set, pr_miner_version) VALUES (78, 'bench-repo', 'pkg/mod77/file.go', 'h78', 'test', NULL, '2026-01-01T00:00:00Z', 0, X'01000000', '');
INSERT INTO source_files (id, repo, relative_path, content_hash, extractor_version, grammar_version, last_indexed, deleted, last_pr_id_set, pr_miner_version) VALUES (79, 'bench-repo', 'pkg/mod78/file.go', 'h79', 'test', NULL, '2026-01-01T00:00:00Z', 0, X'01000000', '');
INSERT INTO source_files (id, repo, relative_path, content_hash, extractor_version, grammar_version, last_indexed, deleted, last_pr_id_set, pr_miner_version) VALUES (80, 'bench-repo', 'pkg/mod79/file.go', 'h80', 'test', NULL, '2026-01-01T00:00:00Z', 0, X'01000000', '');
INSERT INTO source_files (id, repo, relative_path, content_hash, extractor_version, grammar_version, last_indexed, deleted, last_pr_id_set, pr_miner_version) VALUES (81, 'bench-repo', 'pkg/mod80/file.go', 'h81', 'test', NULL, '2026-01-01T00:00:00Z', 0, X'01000000', '');
INSERT INTO source_files (id, repo, relative_path, content_hash, extractor_version, grammar_version, last_indexed, deleted, last_pr_id_set, pr_miner_version) VALUES (82, 'bench-repo', 'pkg/mod81/file.go', 'h82', 'test', NULL, '2026-01-01T00:00:00Z', 0, X'01000000', '');
INSERT INTO source_files (id, repo, relative_path, content_hash, extractor_version, grammar_version, last_indexed, deleted, last_pr_id_set, pr_miner_version) VALUES (83, 'bench-repo', 'pkg/mod82/file.go', 'h83', 'test', NULL, '2026-01-01T00:00:00Z', 0, X'01000000', '');
INSERT INTO source_files (id, repo, relative_path, content_hash, extractor_version, grammar_version, last_indexed, deleted, last_pr_id_set, pr_miner_version) VALUES (84, 'bench-repo', 'pkg/mod83/file.go', 'h84', 'test', NULL, '2026-01-01T00:00:00Z', 0, X'01000000', '');
INSERT INTO source_files (id, repo, relative_path, content_hash, extractor_version, grammar_version, last_indexed, deleted, last_pr_id_set, pr_miner_version) VALUES (85, 'bench-repo', 'pkg/mod84/file.go', 'h85', 'test', NULL, '2026-01-01T00:00:00Z', 0, X'01000000', '');
INSERT INTO source_files (id, repo, relative_path, content_hash, extractor_version, grammar_version, last_indexed, deleted, last_pr_id_set, pr_miner_version) VALUES (86, 'bench-repo', 'pkg/mod85/file.go', 'h86', 'test', NULL, '2026-01-01T00:00:00Z', 0, X'01000000', '');
INSERT INTO source_files (id, repo, relative_path, content_hash, extractor_version, grammar_version, last_indexed, deleted, last_pr_id_set, pr_miner_version) VALUES (87, 'bench-repo', 'pkg/mod86/file.go', 'h87', 'test', NULL, '2026-01-01T00:00:00Z', 0, X'01000000', '');
INSERT INTO source_files (id, repo, relative_path, content_hash, extractor_version, grammar_version, last_indexed, deleted, last_pr_id_set, pr_miner_version) VALUES (88, 'bench-repo', 'pkg/mod87/file.go', 'h88', 'test', NULL, '2026-01-01T00:00:00Z', 0, X'01000000', '');
INSERT INTO source_files (id, repo, relative_path, content_hash, extractor_version, grammar_version, last_indexed, deleted, last_pr_id_set, pr_miner_version) VALUES (89, 'bench-repo', 'pkg/mod88/file.go', 'h89', 'test', NULL, '2026-01-01T00:00:00Z', 0, X'01000000', '');
INSERT INTO source_files (id, repo, relative_path, content_hash, extractor_version, grammar_version, last_indexed, deleted, last_pr_id_set, pr_miner_version) VALUES (90, 'bench-repo', 'pkg/mod89/file.go', 'h90', 'test', NULL, '2026-01-01T00:00:00Z', 0, X'01000000', '');
INSERT INTO source_files (id, repo, relative_path, content_hash, extractor_version, grammar_version, last_indexed, deleted, last_pr_id_set, pr_miner_version) VALUES (91, 'bench-repo', 'pkg/mod90/file.go', 'h91', 'test', NULL, '2026-01-01T00:00:00Z', 0, X'01000000', '');
INSERT INTO source_files (id, repo, relative_path, content_hash, extractor_version, grammar_version, last_indexed, deleted, last_pr_id_set, pr_miner_version) VALUES (92, 'bench-repo', 'pkg/mod91/file.go', 'h92', 'test', NULL, '2026-01-01T00:00:00Z', 0, X'01000000', '');
INSERT INTO source_files (id, repo, relative_path, content_hash, extractor_version, grammar_version, last_indexed, deleted, last_pr_id_set, pr_miner_version) VALUES (93, 'bench-repo', 'pkg/mod92/file.go', 'h93', 'test', NULL, '2026-01-01T00:00:00Z', 0, X'01000000', '');
INSERT INTO source_files (id, repo, relative_path, content_hash, extractor_version, grammar_version, last_indexed, deleted, last_pr_id_set, pr_miner_version) VALUES (94, 'bench-repo', 'pkg/mod93/file.go', 'h94', 'test', NULL, '2026-01-01T00:00:00Z', 0, X'01000000', '');
INSERT INTO source_files (id, repo, relative_path, content_hash, extractor_version, grammar_version, last_indexed, deleted, last_pr_id_set, pr_miner_version) VALUES (95, 'bench-repo', 'pkg/mod94/file.go', 'h95', 'test', NULL, '2026-01-01T00:00:00Z', 0, X'01000000', '');
INSERT INTO source_files (id, repo, relative_path, content_hash, extractor_version, grammar_version, last_indexed, deleted, last_pr_id_set, pr_miner_version) VALUES (96, 'bench-repo', 'pkg/mod95/file.go', 'h96', 'test', NULL, '2026-01-01T00:00:00Z', 0, X'01000000', '');
INSERT INTO source_files (id, repo, relative_path, content_hash, extractor_version, grammar_version, last_indexed, deleted, last_pr_id_set, pr_miner_version) VALUES (97, 'bench-repo', 'pkg/mod96/file.go', 'h97', 'test', NULL, '2026-01-01T00:00:00Z', 0, X'01000000', '');
INSERT INTO source_files (id, repo, relative_path, content_hash, extractor_version, grammar_version, last_indexed, deleted, last_pr_id_set, pr_miner_version) VALUES (98, 'bench-repo', 'pkg/mod97/file.go', 'h98', 'test', NULL, '2026-01-01T00:00:00Z', 0, X'01000000', '');
INSERT INTO source_files (id, repo, relative_path, content_hash, extractor_version, grammar_version, last_indexed, deleted, last_pr_id_set, pr_miner_version) VALUES (99, 'bench-repo', 'pkg/mod98/file.go', 'h99', 'test', NULL, '2026-01-01T00:00:00Z', 0, X'01000000', '');
INSERT INTO source_files (id, repo, relative_path, content_hash, extractor_version, grammar_version, last_indexed, deleted, last_pr_id_set, pr_miner_version) VALUES (100, 'bench-repo', 'pkg/mod99/file.go', 'h100', 'test', NULL, '2026-01-01T00:00:00Z', 0, X'01000000', '');
INSERT INTO source_files (id, repo, relative_path, content_hash, extractor_version, grammar_version, last_indexed, deleted, last_pr_id_set, pr_miner_version) VALUES (101, 'bench-repo', 'pkg/mod100/file.go', 'h101', 'test', NULL, '2026-01-01T00:00:00Z', 0, X'01000000', '');
INSERT INTO source_files (id, repo, relative_path, content_hash, extractor_version, grammar_version, last_indexed, deleted, last_pr_id_set, pr_miner_version) VALUES (102, 'bench-repo', 'pkg/mod101/file.go', 'h102', 'test', NULL, '2026-01-01T00:00:00Z', 0, X'01000000', '');
INSERT INTO source_files (id, repo, relative_path, content_hash, extractor_version, grammar_version, last_indexed, deleted, last_pr_id_set, pr_miner_version) VALUES (103, 'bench-repo', 'pkg/mod102/file.go', 'h103', 'test', NULL, '2026-01-01T00:00:00Z', 0, X'01000000', '');
INSERT INTO source_files (id, repo, relative_path, content_hash, extractor_version, grammar_version, last_indexed, deleted, last_pr_id_set, pr_miner_version) VALUES (104, 'bench-repo', 'pkg/mod103/file.go', 'h104', 'test', NULL, '2026-01-01T00:00:00Z', 0, X'01000000', '');
INSERT INTO source_files (id, repo, relative_path, content_hash, extractor_version, grammar_version, last_indexed, deleted, last_pr_id_set, pr_miner_version) VALUES (105, 'bench-repo', 'pkg/mod104/file.go', 'h105', 'test', NULL, '2026-01-01T00:00:00Z', 0, X'01000000', '');
INSERT INTO source_files (id, repo, relative_path, content_hash, extractor_version, grammar_version, last_indexed, deleted, last_pr_id_set, pr_miner_version) VALUES (106, 'bench-repo', 'pkg/mod105/file.go', 'h106', 'test', NULL, '2026-01-01T00:00:00Z', 0, X'01000000', '');
INSERT INTO source_files (id, repo, relative_path, content_hash, extractor_version, grammar_version, last_indexed, deleted, last_pr_id_set, pr_miner_version) VALUES (107, 'bench-repo', 'pkg/mod106/file.go', 'h107', 'test', NULL, '2026-01-01T00:00:00Z', 0, X'01000000', '');
INSERT INTO source_files (id, repo, relative_path, content_hash, extractor_version, grammar_version, last_indexed, deleted, last_pr_id_set, pr_miner_version) VALUES (108, 'bench-repo', 'pkg/mod107/file.go', 'h108', 'test', NULL, '2026-01-01T00:00:00Z', 0, X'01000000', '');
INSERT INTO source_files (id, repo, relative_path, content_hash, extractor_version, grammar_version, last_indexed, deleted, last_pr_id_set, pr_miner_version) VALUES (109, 'bench-repo', 'pkg/mod108/file.go', 'h109', 'test', NULL, '2026-01-01T00:00:00Z', 0, X'01000000', '');
INSERT INTO source_files (id, repo, relative_path, content_hash, extractor_version, grammar_version, last_indexed, deleted, last_pr_id_set, pr_miner_version) VALUES (110, 'bench-repo', 'pkg/mod109/file.go', 'h110', 'test', NULL, '2026-01-01T00:00:00Z', 0, X'01000000', '');
INSERT INTO source_files (id, repo, relative_path, content_hash, extractor_version, grammar_version, last_indexed, deleted, last_pr_id_set, pr_miner_version) VALUES (111, 'bench-repo', 'pkg/mod110/file.go', 'h111', 'test', NULL, '2026-01-01T00:00:00Z', 0, X'01000000', '');
INSERT INTO source_files (id, repo, relative_path, content_hash, extractor_version, grammar_version, last_indexed, deleted, last_pr_id_set, pr_miner_version) VALUES (112, 'bench-repo', 'pkg/mod111/file.go', 'h112', 'test', NULL, '2026-01-01T00:00:00Z', 0, X'01000000', '');
INSERT INTO source_files (id, repo, relative_path, content_hash, extractor_version, grammar_version, last_indexed, deleted, last_pr_id_set, pr_miner_version) VALUES (113, 'bench-repo', 'pkg/mod112/file.go', 'h113', 'test', NULL, '2026-01-01T00:00:00Z', 0, X'01000000', '');
INSERT INTO source_files (id, repo, relative_path, content_hash, extractor_version, grammar_version, last_indexed, deleted, last_pr_id_set, pr_miner_version) VALUES (114, 'bench-repo', 'pkg/mod113/file.go', 'h114', 'test', NULL, '2026-01-01T00:00:00Z', 0, X'01000000', '');
INSERT INTO source_files (id, repo, relative_path, content_hash, extractor_version, grammar_version, last_indexed, deleted, last_pr_id_set, pr_miner_version) VALUES (115, 'bench-repo', 'pkg/mod114/file.go', 'h115', 'test', NULL, '2026-01-01T00:00:00Z', 0, X'01000000', '');
INSERT INTO source_files (id, repo, relative_path, content_hash, extractor_version, grammar_version, last_indexed, deleted, last_pr_id_set, pr_miner_version) VALUES (116, 'bench-repo', 'pkg/mod115/file.go', 'h116', 'test', NULL, '2026-01-01T00:00:00Z', 0, X'01000000', '');
INSERT INTO source_files (id, repo, relative_path, content_hash, extractor_version, grammar_version, last_indexed, deleted, last_pr_id_set, pr_miner_version) VALUES (117, 'bench-repo', 'pkg/mod116/file.go', 'h117', 'test', NULL, '2026-01-01T00:00:00Z', 0, X'01000000', '');
INSERT INTO source_files (id, repo, relative_path, content_hash, extractor_version, grammar_version, last_indexed, deleted, last_pr_id_set, pr_miner_version) VALUES (118, 'bench-repo', 'pkg/mod117/file.go', 'h118', 'test', NULL, '2026-01-01T00:00:00Z', 0, X'01000000', '');
INSERT INTO source_files (id, repo, relative_path, content_hash, extractor_version, grammar_version, last_indexed, deleted, last_pr_id_set, pr_miner_version) VALUES (119, 'bench-repo', 'pkg/mod118/file.go', 'h119', 'test', NULL, '2026-01-01T00:00:00Z', 0, X'01000000', '');
INSERT INTO source_files (id, repo, relative_path, content_hash, extractor_version, grammar_version, last_indexed, deleted, last_pr_id_set, pr_miner_version) VALUES (120, 'bench-repo', 'pkg/mod119/file.go', 'h120', 'test', NULL, '2026-01-01T00:00:00Z', 0, X'01000000', '');
INSERT INTO source_files (id, repo, relative_path, content_hash, extractor_version, grammar_version, last_indexed, deleted, last_pr_id_set, pr_miner_version) VALUES (121, 'bench-repo', 'pkg/mod120/file.go', 'h121', 'test', NULL, '2026-01-01T00:00:00Z', 0, X'01000000', '');
INSERT INTO source_files (id, repo, relative_path, content_hash, extractor_version, grammar_version, last_indexed, deleted, last_pr_id_set, pr_miner_version) VALUES (122, 'bench-repo', 'pkg/mod121/file.go', 'h122', 'test', NULL, '2026-01-01T00:00:00Z', 0, X'01000000', '');
INSERT INTO source_files (id, repo, relative_path, content_hash, extractor_version, grammar_version, last_indexed, deleted, last_pr_id_set, pr_miner_version) VALUES (123, 'bench-repo', 'pkg/mod122/file.go', 'h123', 'test', NULL, '2026-01-01T00:00:00Z', 0, X'01000000', '');
INSERT INTO source_files (id, repo, relative_path, content_hash, extractor_version, grammar_version, last_indexed, deleted, last_pr_id_set, pr_miner_version) VALUES (124, 'bench-repo', 'pkg/mod123/file.go', 'h124', 'test', NULL, '2026-01-01T00:00:00Z', 0, X'01000000', '');
INSERT INTO source_files (id, repo, relative_path, content_hash, extractor_version, grammar_version, last_indexed, deleted, last_pr_id_set, pr_miner_version) VALUES (125, 'bench-repo', 'pkg/mod124/file.go', 'h125', 'test', NULL, '2026-01-01T00:00:00Z', 0, X'01000000', '');
INSERT INTO source_files (id, repo, relative_path, content_hash, extractor_version, grammar_version, last_indexed, deleted, last_pr_id_set, pr_miner_version) VALUES (126, 'bench-repo', 'pkg/mod125/file.go', 'h126', 'test', NULL, '2026-01-01T00:00:00Z', 0, X'01000000', '');
INSERT INTO source_files (id, repo, relative_path, content_hash, extractor_version, grammar_version, last_indexed, deleted, last_pr_id_set, pr_miner_version) VALUES (127, 'bench-repo', 'pkg/mod126/file.go', 'h127', 'test', NULL, '2026-01-01T00:00:00Z', 0, X'01000000', '');
INSERT INTO source_files (id, repo, relative_path, content_hash, extractor_version, grammar_version, last_indexed, deleted, last_pr_id_set, pr_miner_version) VALUES (128, 'bench-repo', 'pkg/mod127/file.go', 'h128', 'test', NULL, '2026-01-01T00:00:00Z', 0, X'01000000', '');
INSERT INTO source_files (id, repo, relative_path, content_hash, extractor_version, grammar_version, last_indexed, deleted, last_pr_id_set, pr_miner_version) VALUES (129, 'bench-repo', 'pkg/mod128/file.go', 'h129', 'test', NULL, '2026-01-01T00:00:00Z', 0, X'01000000', '');
INSERT INTO source_files (id, repo, relative_path, content_hash, extractor_version, grammar_version, last_indexed, deleted, last_pr_id_set, pr_miner_version) VALUES (130, 'bench-repo', 'pkg/mod129/file.go', 'h130', 'test', NULL, '2026-01-01T00:00:00Z', 0, X'01000000', '');
INSERT INTO source_files (id, repo, relative_path, content_hash, extractor_version, grammar_version, last_indexed, deleted, last_pr_id_set, pr_miner_version) VALUES (131, 'bench-repo', 'pkg/mod130/file.go', 'h131', 'test', NULL, '2026-01-01T00:00:00Z', 0, X'01000000', '');
INSERT INTO source_files (id, repo, relative_path, content_hash, extractor_version, grammar_version, last_indexed, deleted, last_pr_id_set, pr_miner_version) VALUES (132, 'bench-repo', 'pkg/mod131/file.go', 'h132', 'test', NULL, '2026-01-01T00:00:00Z', 0, X'01000000', '');
INSERT INTO source_files (id, repo, relative_path, content_hash, extractor_version, grammar_version, last_indexed, deleted, last_pr_id_set, pr_miner_version) VALUES (133, 'bench-repo', 'pkg/mod132/file.go', 'h133', 'test', NULL, '2026-01-01T00:00:00Z', 0, X'01000000', '');
INSERT INTO source_files (id, repo, relative_path, content_hash, extractor_version, grammar_version, last_indexed, deleted, last_pr_id_set, pr_miner_version) VALUES (134, 'bench-repo', 'pkg/mod133/file.go', 'h134', 'test', NULL, '2026-01-01T00:00:00Z', 0, X'01000000', '');
INSERT INTO source_files (id, repo, relative_path, content_hash, extractor_version, grammar_version, last_indexed, deleted, last_pr_id_set, pr_miner_version) VALUES (135, 'bench-repo', 'pkg/mod134/file.go', 'h135', 'test', NULL, '2026-01-01T00:00:00Z', 0, X'01000000', '');
INSERT INTO source_files (id, repo, relative_path, content_hash, extractor_version, grammar_version, last_indexed, deleted, last_pr_id_set, pr_miner_version) VALUES (136, 'bench-repo', 'pkg/mod135/file.go', 'h136', 'test', NULL, '2026-01-01T00:00:00Z', 0, X'01000000', '');
INSERT INTO source_files (id, repo, relative_path, content_hash, extractor_version, grammar_version, last_indexed, deleted, last_pr_id_set, pr_miner_version) VALUES (137, 'bench-repo', 'pkg/mod136/file.go', 'h137', 'test', NULL, '2026-01-01T00:00:00Z', 0, X'01000000', '');
INSERT INTO source_files (id, repo, relative_path, content_hash, extractor_version, grammar_version, last_indexed, deleted, last_pr_id_set, pr_miner_version) VALUES (138, 'bench-repo', 'pkg/mod137/file.go', 'h138', 'test', NULL, '2026-01-01T00:00:00Z', 0, X'01000000', '');
INSERT INTO source_files (id, repo, relative_path, content_hash, extractor_version, grammar_version, last_indexed, deleted, last_pr_id_set, pr_miner_version) VALUES (139, 'bench-repo', 'pkg/mod138/file.go', 'h139', 'test', NULL, '2026-01-01T00:00:00Z', 0, X'01000000', '');
INSERT INTO source_files (id, repo, relative_path, content_hash, extractor_version, grammar_version, last_indexed, deleted, last_pr_id_set, pr_miner_version) VALUES (140, 'bench-repo', 'pkg/mod139/file.go', 'h140', 'test', NULL, '2026-01-01T00:00:00Z', 0, X'01000000', '');
INSERT INTO source_files (id, repo, relative_path, content_hash, extractor_version, grammar_version, last_indexed, deleted, last_pr_id_set, pr_miner_version) VALUES (141, 'bench-repo', 'pkg/mod140/file.go', 'h141', 'test', NULL, '2026-01-01T00:00:00Z', 0, X'01000000', '');
INSERT INTO source_files (id, repo, relative_path, content_hash, extractor_version, grammar_version, last_indexed, deleted, last_pr_id_set, pr_miner_version) VALUES (142, 'bench-repo', 'pkg/mod141/file.go', 'h142', 'test', NULL, '2026-01-01T00:00:00Z', 0, X'01000000', '');
INSERT INTO source_files (id, repo, relative_path, content_hash, extractor_version, grammar_version, last_indexed, deleted, last_pr_id_set, pr_miner_version) VALUES (143, 'bench-repo', 'pkg/mod142/file.go', 'h143', 'test', NULL, '2026-01-01T00:00:00Z', 0, X'01000000', '');
INSERT INTO source_files (id, repo, relative_path, content_hash, extractor_version, grammar_version, last_indexed, deleted, last_pr_id_set, pr_miner_version) VALUES (144, 'bench-repo', 'pkg/mod143/file.go', 'h144', 'test', NULL, '2026-01-01T00:00:00Z', 0, X'01000000', '');
INSERT INTO source_files (id, repo, relative_path, content_hash, extractor_version, grammar_version, last_indexed, deleted, last_pr_id_set, pr_miner_version) VALUES (145, 'bench-repo', 'pkg/mod144/file.go', 'h145', 'test', NULL, '2026-01-01T00:00:00Z', 0, X'01000000', '');
INSERT INTO source_files (id, repo, relative_path, content_hash, extractor_version, grammar_version, last_indexed, deleted, last_pr_id_set, pr_miner_version) VALUES (146, 'bench-repo', 'pkg/mod145/file.go', 'h146', 'test', NULL, '2026-01-01T00:00:00Z', 0, X'01000000', '');
INSERT INTO source_files (id, repo, relative_path, content_hash, extractor_version, grammar_version, last_indexed, deleted, last_pr_id_set, pr_miner_version) VALUES (147, 'bench-repo', 'pkg/mod146/file.go', 'h147', 'test', NULL, '2026-01-01T00:00:00Z', 0, X'01000000', '');
INSERT INTO source_files (id, repo, relative_path, content_hash, extractor_version, grammar_version, last_indexed, deleted, last_pr_id_set, pr_miner_version) VALUES (148, 'bench-repo', 'pkg/mod147/file.go', 'h148', 'test', NULL, '2026-01-01T00:00:00Z', 0, X'01000000', '');
INSERT INTO source_files (id, repo, relative_path, content_hash, extractor_version, grammar_version, last_indexed, deleted, last_pr_id_set, pr_miner_version) VALUES (149, 'bench-repo', 'pkg/mod148/file.go', 'h149', 'test', NULL, '2026-01-01T00:00:00Z', 0, X'01000000', '');
INSERT INTO source_files (id, repo, relative_path, content_hash, extractor_version, grammar_version, last_indexed, deleted, last_pr_id_set, pr_miner_version) VALUES (150, 'bench-repo', 'pkg/mod149/file.go', 'h150', 'test', NULL, '2026-01-01T00:00:00Z', 0, X'01000000', '');
INSERT INTO source_files (id, repo, relative_path, content_hash, extractor_version, grammar_version, last_indexed, deleted, last_pr_id_set, pr_miner_version) VALUES (151, 'bench-repo', 'pkg/mod150/file.go', 'h151', 'test', NULL, '2026-01-01T00:00:00Z', 0, X'01000000', '');
INSERT INTO source_files (id, repo, relative_path, content_hash, extractor_version, grammar_version, last_indexed, deleted, last_pr_id_set, pr_miner_version) VALUES (152, 'bench-repo', 'pkg/mod151/file.go', 'h152', 'test', NULL, '2026-01-01T00:00:00Z', 0, X'01000000', '');
INSERT INTO source_files (id, repo, relative_path, content_hash, extractor_version, grammar_version, last_indexed, deleted, last_pr_id_set, pr_miner_version) VALUES (153, 'bench-repo', 'pkg/mod152/file.go', 'h153', 'test', NULL, '2026-01-01T00:00:00Z', 0, X'01000000', '');
INSERT INTO source_files (id, repo, relative_path, content_hash, extractor_version, grammar_version, last_indexed, deleted, last_pr_id_set, pr_miner_version) VALUES (154, 'bench-repo', 'pkg/mod153/file.go', 'h154', 'test', NULL, '2026-01-01T00:00:00Z', 0, X'01000000', '');
INSERT INTO source_files (id, repo, relative_path, content_hash, extractor_version, grammar_version, last_indexed, deleted, last_pr_id_set, pr_miner_version) VALUES (155, 'bench-repo', 'pkg/mod154/file.go', 'h155', 'test', NULL, '2026-01-01T00:00:00Z', 0, X'01000000', '');
INSERT INTO source_files (id, repo, relative_path, content_hash, extractor_version, grammar_version, last_indexed, deleted, last_pr_id_set, pr_miner_version) VALUES (156, 'bench-repo', 'pkg/mod155/file.go', 'h156', 'test', NULL, '2026-01-01T00:00:00Z', 0, X'01000000', '');
INSERT INTO source_files (id, repo, relative_path, content_hash, extractor_version, grammar_version, last_indexed, deleted, last_pr_id_set, pr_miner_version) VALUES (157, 'bench-repo', 'pkg/mod156/file.go', 'h157', 'test', NULL, '2026-01-01T00:00:00Z', 0, X'01000000', '');
INSERT INTO source_files (id, repo, relative_path, content_hash, extractor_version, grammar_version, last_indexed, deleted, last_pr_id_set, pr_miner_version) VALUES (158, 'bench-repo', 'pkg/mod157/file.go', 'h158', 'test', NULL, '2026-01-01T00:00:00Z', 0, X'01000000', '');
INSERT INTO source_files (id, repo, relative_path, content_hash, extractor_version, grammar_version, last_indexed, deleted, last_pr_id_set, pr_miner_version) VALUES (159, 'bench-repo', 'pkg/mod158/file.go', 'h159', 'test', NULL, '2026-01-01T00:00:00Z', 0, X'01000000', '');
INSERT INTO source_files (id, repo, relative_path, content_hash, extractor_version, grammar_version, last_indexed, deleted, last_pr_id_set, pr_miner_version) VALUES (160, 'bench-repo', 'pkg/mod159/file.go', 'h160', 'test', NULL, '2026-01-01T00:00:00Z', 0, X'01000000', '');
INSERT INTO source_files (id, repo, relative_path, content_hash, extractor_version, grammar_version, last_indexed, deleted, last_pr_id_set, pr_miner_version) VALUES (161, 'bench-repo', 'pkg/mod160/file.go', 'h161', 'test', NULL, '2026-01-01T00:00:00Z', 0, X'01000000', '');
INSERT INTO source_files (id, repo, relative_path, content_hash, extractor_version, grammar_version, last_indexed, deleted, last_pr_id_set, pr_miner_version) VALUES (162, 'bench-repo', 'pkg/mod161/file.go', 'h162', 'test', NULL, '2026-01-01T00:00:00Z', 0, X'01000000', '');
INSERT INTO source_files (id, repo, relative_path, content_hash, extractor_version, grammar_version, last_indexed, deleted, last_pr_id_set, pr_miner_version) VALUES (163, 'bench-repo', 'pkg/mod162/file.go', 'h163', 'test', NULL, '2026-01-01T00:00:00Z', 0, X'01000000', '');
INSERT INTO source_files (id, repo, relative_path, content_hash, extractor_version, grammar_version, last_indexed, deleted, last_pr_id_set, pr_miner_version) VALUES (164, 'bench-repo', 'pkg/mod163/file.go', 'h164', 'test', NULL, '2026-01-01T00:00:00Z', 0, X'01000000', '');
INSERT INTO source_files (id, repo, relative_path, content_hash, extractor_version, grammar_version, last_indexed, deleted, last_pr_id_set, pr_miner_version) VALUES (165, 'bench-repo', 'pkg/mod164/file.go', 'h165', 'test', NULL, '2026-01-01T00:00:00Z', 0, X'01000000', '');
INSERT INTO source_files (id, repo, relative_path, content_hash, extractor_version, grammar_version, last_indexed, deleted, last_pr_id_set, pr_miner_version) VALUES (166, 'bench-repo', 'pkg/mod165/file.go', 'h166', 'test', NULL, '2026-01-01T00:00:00Z', 0, X'01000000', '');
INSERT INTO source_files (id, repo, relative_path, content_hash, extractor_version, grammar_version, last_indexed, deleted, last_pr_id_set, pr_miner_version) VALUES (167, 'bench-repo', 'pkg/mod166/file.go', 'h167', 'test', NULL, '2026-01-01T00:00:00Z', 0, X'01000000', '');
INSERT INTO source_files (id, repo, relative_path, content_hash, extractor_version, grammar_version, last_indexed, deleted, last_pr_id_set, pr_miner_version) VALUES (168, 'bench-repo', 'pkg/mod167/file.go', 'h168', 'test', NULL, '2026-01-01T00:00:00Z', 0, X'01000000', '');
INSERT INTO source_files (id, repo, relative_path, content_hash, extractor_version, grammar_version, last_indexed, deleted, last_pr_id_set, pr_miner_version) VALUES (169, 'bench-repo', 'pkg/mod168/file.go', 'h169', 'test', NULL, '2026-01-01T00:00:00Z', 0, X'01000000', '');
INSERT INTO source_files (id, repo, relative_path, content_hash, extractor_version, grammar_version, last_indexed, deleted, last_pr_id_set, pr_miner_version) VALUES (170, 'bench-repo', 'pkg/mod169/file.go', 'h170', 'test', NULL, '2026-01-01T00:00:00Z', 0, X'01000000', '');
INSERT INTO source_files (id, repo, relative_path, content_hash, extractor_version, grammar_version, last_indexed, deleted, last_pr_id_set, pr_miner_version) VALUES (171, 'bench-repo', 'pkg/mod170/file.go', 'h171', 'test', NULL, '2026-01-01T00:00:00Z', 0, X'01000000', '');
INSERT INTO source_files (id, repo, relative_path, content_hash, extractor_version, grammar_version, last_indexed, deleted, last_pr_id_set, pr_miner_version) VALUES (172, 'bench-repo', 'pkg/mod171/file.go', 'h172', 'test', NULL, '2026-01-01T00:00:00Z', 0, X'01000000', '');
INSERT INTO source_files (id, repo, relative_path, content_hash, extractor_version, grammar_version, last_indexed, deleted, last_pr_id_set, pr_miner_version) VALUES (173, 'bench-repo', 'pkg/mod172/file.go', 'h173', 'test', NULL, '2026-01-01T00:00:00Z', 0, X'01000000', '');
INSERT INTO source_files (id, repo, relative_path, content_hash, extractor_version, grammar_version, last_indexed, deleted, last_pr_id_set, pr_miner_version) VALUES (174, 'bench-repo', 'pkg/mod173/file.go', 'h174', 'test', NULL, '2026-01-01T00:00:00Z', 0, X'01000000', '');
INSERT INTO source_files (id, repo, relative_path, content_hash, extractor_version, grammar_version, last_indexed, deleted, last_pr_id_set, pr_miner_version) VALUES (175, 'bench-repo', 'pkg/mod174/file.go', 'h175', 'test', NULL, '2026-01-01T00:00:00Z', 0, X'01000000', '');
INSERT INTO source_files (id, repo, relative_path, content_hash, extractor_version, grammar_version, last_indexed, deleted, last_pr_id_set, pr_miner_version) VALUES (176, 'bench-repo', 'pkg/mod175/file.go', 'h176', 'test', NULL, '2026-01-01T00:00:00Z', 0, X'01000000', '');
INSERT INTO source_files (id, repo, relative_path, content_hash, extractor_version, grammar_version, last_indexed, deleted, last_pr_id_set, pr_miner_version) VALUES (177, 'bench-repo', 'pkg/mod176/file.go', 'h177', 'test', NULL, '2026-01-01T00:00:00Z', 0, X'01000000', '');
INSERT INTO source_files (id, repo, relative_path, content_hash, extractor_version, grammar_version, last_indexed, deleted, last_pr_id_set, pr_miner_version) VALUES (178, 'bench-repo', 'pkg/mod177/file.go', 'h178', 'test', NULL, '2026-01-01T00:00:00Z', 0, X'01000000', '');
INSERT INTO source_files (id, repo, relative_path, content_hash, extractor_version, grammar_version, last_indexed, deleted, last_pr_id_set, pr_miner_version) VALUES (179, 'bench-repo', 'pkg/mod178/file.go', 'h179', 'test', NULL, '2026-01-01T00:00:00Z', 0, X'01000000', '');
INSERT INTO source_files (id, repo, relative_path, content_hash, extractor_version, grammar_version, last_indexed, deleted, last_pr_id_set, pr_miner_version) VALUES (180, 'bench-repo', 'pkg/mod179/file.go', 'h180', 'test', NULL, '2026-01-01T00:00:00Z', 0, X'01000000', '');
INSERT INTO source_files (id, repo, relative_path, content_hash, extractor_version, grammar_version, last_indexed, deleted, last_pr_id_set, pr_miner_version) VALUES (181, 'bench-repo', 'pkg/mod180/file.go', 'h181', 'test', NULL, '2026-01-01T00:00:00Z', 0, X'01000000', '');
INSERT INTO source_files (id, repo, relative_path, content_hash, extractor_version, grammar_version, last_indexed, deleted, last_pr_id_set, pr_miner_version) VALUES (182, 'bench-repo', 'pkg/mod181/file.go', 'h182', 'test', NULL, '2026-01-01T00:00:00Z', 0, X'01000000', '');
INSERT INTO source_files (id, repo, relative_path, content_hash, extractor_version, grammar_version, last_indexed, deleted, last_pr_id_set, pr_miner_version) VALUES (183, 'bench-repo', 'pkg/mod182/file.go', 'h183', 'test', NULL, '2026-01-01T00:00:00Z', 0, X'01000000', '');
INSERT INTO source_files (id, repo, relative_path, content_hash, extractor_version, grammar_version, last_indexed, deleted, last_pr_id_set, pr_miner_version) VALUES (184, 'bench-repo', 'pkg/mod183/file.go', 'h184', 'test', NULL, '2026-01-01T00:00:00Z', 0, X'01000000', '');
INSERT INTO source_files (id, repo, relative_path, content_hash, extractor_version, grammar_version, last_indexed, deleted, last_pr_id_set, pr_miner_version) VALUES (185, 'bench-repo', 'pkg/mod184/file.go', 'h185', 'test', NULL, '2026-01-01T00:00:00Z', 0, X'01000000', '');
INSERT INTO source_files (id, repo, relative_path, content_hash, extractor_version, grammar_version, last_indexed, deleted, last_pr_id_set, pr_miner_version) VALUES (186, 'bench-repo', 'pkg/mod185/file.go', 'h186', 'test', NULL, '2026-01-01T00:00:00Z', 0, X'01000000', '');
INSERT INTO source_files (id, repo, relative_path, content_hash, extractor_version, grammar_version, last_indexed, deleted, last_pr_id_set, pr_miner_version) VALUES (187, 'bench-repo', 'pkg/mod186/file.go', 'h187', 'test', NULL, '2026-01-01T00:00:00Z', 0, X'01000000', '');
INSERT INTO source_files (id, repo, relative_path, content_hash, extractor_version, grammar_version, last_indexed, deleted, last_pr_id_set, pr_miner_version) VALUES (188, 'bench-repo', 'pkg/mod187/file.go', 'h188', 'test', NULL, '2026-01-01T00:00:00Z', 0, X'01000000', '');
INSERT INTO source_files (id, repo, relative_path, content_hash, extractor_version, grammar_version, last_indexed, deleted, last_pr_id_set, pr_miner_version) VALUES (189, 'bench-repo', 'pkg/mod188/file.go', 'h189', 'test', NULL, '2026-01-01T00:00:00Z', 0, X'01000000', '');
INSERT INTO source_files (id, repo, relative_path, content_hash, extractor_version, grammar_version, last_indexed, deleted, last_pr_id_set, pr_miner_version) VALUES (190, 'bench-repo', 'pkg/mod189/file.go', 'h190', 'test', NULL, '2026-01-01T00:00:00Z', 0, X'01000000', '');
INSERT INTO source_files (id, repo, relative_path, content_hash, extractor_version, grammar_version, last_indexed, deleted, last_pr_id_set, pr_miner_version) VALUES (191, 'bench-repo', 'pkg/mod190/file.go', 'h191', 'test', NULL, '2026-01-01T00:00:00Z', 0, X'01000000', '');
INSERT INTO source_files (id, repo, relative_path, content_hash, extractor_version, grammar_version, last_indexed, deleted, last_pr_id_set, pr_miner_version) VALUES (192, 'bench-repo', 'pkg/mod191/file.go', 'h192', 'test', NULL, '2026-01-01T00:00:00Z', 0, X'01000000', '');
INSERT INTO source_files (id, repo, relative_path, content_hash, extractor_version, grammar_version, last_indexed, deleted, last_pr_id_set, pr_miner_version) VALUES (193, 'bench-repo', 'pkg/mod192/file.go', 'h193', 'test', NULL, '2026-01-01T00:00:00Z', 0, X'01000000', '');
INSERT INTO source_files (id, repo, relative_path, content_hash, extractor_version, grammar_version, last_indexed, deleted, last_pr_id_set, pr_miner_version) VALUES (194, 'bench-repo', 'pkg/mod193/file.go', 'h194', 'test', NULL, '2026-01-01T00:00:00Z', 0, X'01000000', '');
INSERT INTO source_files (id, repo, relative_path, content_hash, extractor_version, grammar_version, last_indexed, deleted, last_pr_id_set, pr_miner_version) VALUES (195, 'bench-repo', 'pkg/mod194/file.go', 'h195', 'test', NULL, '2026-01-01T00:00:00Z', 0, X'01000000', '');
INSERT INTO source_files (id, repo, relative_path, content_hash, extractor_version, grammar_version, last_indexed, deleted, last_pr_id_set, pr_miner_version) VALUES (196, 'bench-repo', 'pkg/mod195/file.go', 'h196', 'test', NULL, '2026-01-01T00:00:00Z', 0, X'01000000', '');
INSERT INTO source_files (id, repo, relative_path, content_hash, extractor_version, grammar_version, last_indexed, deleted, last_pr_id_set, pr_miner_version) VALUES (197, 'bench-repo', 'pkg/mod196/file.go', 'h197', 'test', NULL, '2026-01-01T00:00:00Z', 0, X'01000000', '');
INSERT INTO source_files (id, repo, relative_path, content_hash, extractor_version, grammar_version, last_indexed, deleted, last_pr_id_set, pr_miner_version) VALUES (198, 'bench-repo', 'pkg/mod197/file.go', 'h198', 'test', NULL, '2026-01-01T00:00:00Z', 0, X'01000000', '');
INSERT INTO source_files (id, repo, relative_path, content_hash, extractor_version, grammar_version, last_indexed, deleted, last_pr_id_set, pr_miner_version) VALUES (199, 'bench-repo', 'pkg/mod198/file.go', 'h199', 'test', NULL, '2026-01-01T00:00:00Z', 0, X'01000000', '');
INSERT INTO source_files (id, repo, relative_path, content_hash, extractor_version, grammar_version, last_indexed, deleted, last_pr_id_set, pr_miner_version) VALUES (200, 'bench-repo', 'pkg/mod199/file.go', 'h200', 'test', NULL, '2026-01-01T00:00:00Z', 0, X'01000000', '');
INSERT INTO source_files (id, repo, relative_path, content_hash, extractor_version, grammar_version, last_indexed, deleted, last_pr_id_set, pr_miner_version) VALUES (201, 'bench-repo', 'pkg/mod200/file.go', 'h201', 'test', NULL, '2026-01-01T00:00:00Z', 0, X'01000000', '');
INSERT INTO source_files (id, repo, relative_path, content_hash, extractor_version, grammar_version, last_indexed, deleted, last_pr_id_set, pr_miner_version) VALUES (202, 'bench-repo', 'pkg/mod201/file.go', 'h202', 'test', NULL, '2026-01-01T00:00:00Z', 0, X'01000000', '');
INSERT INTO source_files (id, repo, relative_path, content_hash, extractor_version, grammar_version, last_indexed, deleted, last_pr_id_set, pr_miner_version) VALUES (203, 'bench-repo', 'pkg/mod202/file.go', 'h203', 'test', NULL, '2026-01-01T00:00:00Z', 0, X'01000000', '');
INSERT INTO source_files (id, repo, relative_path, content_hash, extractor_version, grammar_version, last_indexed, deleted, last_pr_id_set, pr_miner_version) VALUES (204, 'bench-repo', 'pkg/mod203/file.go', 'h204', 'test', NULL, '2026-01-01T00:00:00Z', 0, X'01000000', '');
INSERT INTO source_files (id, repo, relative_path, content_hash, extractor_version, grammar_version, last_indexed, deleted, last_pr_id_set, pr_miner_version) VALUES (205, 'bench-repo', 'pkg/mod204/file.go', 'h205', 'test', NULL, '2026-01-01T00:00:00Z', 0, X'01000000', '');
INSERT INTO source_files (id, repo, relative_path, content_hash, extractor_version, grammar_version, last_indexed, deleted, last_pr_id_set, pr_miner_version) VALUES (206, 'bench-repo', 'pkg/mod205/file.go', 'h206', 'test', NULL, '2026-01-01T00:00:00Z', 0, X'01000000', '');
INSERT INTO source_files (id, repo, relative_path, content_hash, extractor_version, grammar_version, last_indexed, deleted, last_pr_id_set, pr_miner_version) VALUES (207, 'bench-repo', 'pkg/mod206/file.go', 'h207', 'test', NULL, '2026-01-01T00:00:00Z', 0, X'01000000', '');
INSERT INTO source_files (id, repo, relative_path, content_hash, extractor_version, grammar_version, last_indexed, deleted, last_pr_id_set, pr_miner_version) VALUES (208, 'bench-repo', 'pkg/mod207/file.go', 'h208', 'test', NULL, '2026-01-01T00:00:00Z', 0, X'01000000', '');
INSERT INTO source_files (id, repo, relative_path, content_hash, extractor_version, grammar_version, last_indexed, deleted, last_pr_id_set, pr_miner_version) VALUES (209, 'bench-repo', 'pkg/mod208/file.go', 'h209', 'test', NULL, '2026-01-01T00:00:00Z', 0, X'01000000', '');
INSERT INTO source_files (id, repo, relative_path, content_hash, extractor_version, grammar_version, last_indexed, deleted, last_pr_id_set, pr_miner_version) VALUES (210, 'bench-repo', 'pkg/mod209/file.go', 'h210', 'test', NULL, '2026-01-01T00:00:00Z', 0, X'01000000', '');
INSERT INTO source_files (id, repo, relative_path, content_hash, extractor_version, grammar_version, last_indexed, deleted, last_pr_id_set, pr_miner_version) VALUES (211, 'bench-repo', 'pkg/mod210/file.go', 'h211', 'test', NULL, '2026-01-01T00:00:00Z', 0, X'01000000', '');
INSERT INTO source_files (id, repo, relative_path, content_hash, extractor_version, grammar_version, last_indexed, deleted, last_pr_id_set, pr_miner_version) VALUES (212, 'bench-repo', 'pkg/mod211/file.go', 'h212', 'test', NULL, '2026-01-01T00:00:00Z', 0, X'01000000', '');
INSERT INTO source_files (id, repo, relative_path, content_hash, extractor_version, grammar_version, last_indexed, deleted, last_pr_id_set, pr_miner_version) VALUES (213, 'bench-repo', 'pkg/mod212/file.go', 'h213', 'test', NULL, '2026-01-01T00:00:00Z', 0, X'01000000', '');
INSERT INTO source_files (id, repo, relative_path, content_hash, extractor_version, grammar_version, last_indexed, deleted, last_pr_id_set, pr_miner_version) VALUES (214, 'bench-repo', 'pkg/mod213/file.go', 'h214', 'test', NULL, '2026-01-01T00:00:00Z', 0, X'01000000', '');
INSERT INTO source_files (id, repo, relative_path, content_hash, extractor_version, grammar_version, last_indexed, deleted, last_pr_id_set, pr_miner_version) VALUES (215, 'bench-repo', 'pkg/mod214/file.go', 'h215', 'test', NULL, '2026-01-01T00:00:00Z', 0, X'01000000', '');
INSERT INTO source_files (id, repo, relative_path, content_hash, extractor_version, grammar_version, last_indexed, deleted, last_pr_id_set, pr_miner_version) VALUES (216, 'bench-repo', 'pkg/mod215/file.go', 'h216', 'test', NULL, '2026-01-01T00:00:00Z', 0, X'01000000', '');
INSERT INTO source_files (id, repo, relative_path, content_hash, extractor_version, grammar_version, last_indexed, deleted, last_pr_id_set, pr_miner_version) VALUES (217, 'bench-repo', 'pkg/mod216/file.go', 'h217', 'test', NULL, '2026-01-01T00:00:00Z', 0, X'01000000', '');
INSERT INTO source_files (id, repo, relative_path, content_hash, extractor_version, grammar_version, last_indexed, deleted, last_pr_id_set, pr_miner_version) VALUES (218, 'bench-repo', 'pkg/mod217/file.go', 'h218', 'test', NULL, '2026-01-01T00:00:00Z', 0, X'01000000', '');
INSERT INTO source_files (id, repo, relative_path, content_hash, extractor_version, grammar_version, last_indexed, deleted, last_pr_id_set, pr_miner_version) VALUES (219, 'bench-repo', 'pkg/mod218/file.go', 'h219', 'test', NULL, '2026-01-01T00:00:00Z', 0, X'01000000', '');
INSERT INTO source_files (id, repo, relative_path, content_hash, extractor_version, grammar_version, last_indexed, deleted, last_pr_id_set, pr_miner_version) VALUES (220, 'bench-repo', 'pkg/mod219/file.go', 'h220', 'test', NULL, '2026-01-01T00:00:00Z', 0, X'01000000', '');
INSERT INTO source_files (id, repo, relative_path, content_hash, extractor_version, grammar_version, last_indexed, deleted, last_pr_id_set, pr_miner_version) VALUES (221, 'bench-repo', 'pkg/mod220/file.go', 'h221', 'test', NULL, '2026-01-01T00:00:00Z', 0, X'01000000', '');
INSERT INTO source_files (id, repo, relative_path, content_hash, extractor_version, grammar_version, last_indexed, deleted, last_pr_id_set, pr_miner_version) VALUES (222, 'bench-repo', 'pkg/mod221/file.go', 'h222', 'test', NULL, '2026-01-01T00:00:00Z', 0, X'01000000', '');
INSERT INTO source_files (id, repo, relative_path, content_hash, extractor_version, grammar_version, last_indexed, deleted, last_pr_id_set, pr_miner_version) VALUES (223, 'bench-repo', 'pkg/mod222/file.go', 'h223', 'test', NULL, '2026-01-01T00:00:00Z', 0, X'01000000', '');
INSERT INTO source_files (id, repo, relative_path, content_hash, extractor_version, grammar_version, last_indexed, deleted, last_pr_id_set, pr_miner_version) VALUES (224, 'bench-repo', 'pkg/mod223/file.go', 'h224', 'test', NULL, '2026-01-01T00:00:00Z', 0, X'01000000', '');
INSERT INTO source_files (id, repo, relative_path, content_hash, extractor_version, grammar_version, last_indexed, deleted, last_pr_id_set, pr_miner_version) VALUES (225, 'bench-repo', 'pkg/mod224/file.go', 'h225', 'test', NULL, '2026-01-01T00:00:00Z', 0, X'01000000', '');
INSERT INTO source_files (id, repo, relative_path, content_hash, extractor_version, grammar_version, last_indexed, deleted, last_pr_id_set, pr_miner_version) VALUES (226, 'bench-repo', 'pkg/mod225/file.go', 'h226', 'test', NULL, '2026-01-01T00:00:00Z', 0, X'01000000', '');
INSERT INTO source_files (id, repo, relative_path, content_hash, extractor_version, grammar_version, last_indexed, deleted, last_pr_id_set, pr_miner_version) VALUES (227, 'bench-repo', 'pkg/mod226/file.go', 'h227', 'test', NULL, '2026-01-01T00:00:00Z', 0, X'01000000', '');
INSERT INTO source_files (id, repo, relative_path, content_hash, extractor_version, grammar_version, last_indexed, deleted, last_pr_id_set, pr_miner_version) VALUES (228, 'bench-repo', 'pkg/mod227/file.go', 'h228', 'test', NULL, '2026-01-01T00:00:00Z', 0, X'01000000', '');
INSERT INTO source_files (id, repo, relative_path, content_hash, extractor_version, grammar_version, last_indexed, deleted, last_pr_id_set, pr_miner_version) VALUES (229, 'bench-repo', 'pkg/mod228/file.go', 'h229', 'test', NULL, '2026-01-01T00:00:00Z', 0, X'01000000', '');
INSERT INTO source_files (id, repo, relative_path, content_hash, extractor_version, grammar_version, last_indexed, deleted, last_pr_id_set, pr_miner_version) VALUES (230, 'bench-repo', 'pkg/mod229/file.go', 'h230', 'test', NULL, '2026-01-01T00:00:00Z', 0, X'01000000', '');
INSERT INTO source_files (id, repo, relative_path, content_hash, extractor_version, grammar_version, last_indexed, deleted, last_pr_id_set, pr_miner_version) VALUES (231, 'bench-repo', 'pkg/mod230/file.go', 'h231', 'test', NULL, '2026-01-01T00:00:00Z', 0, X'01000000', '');
INSERT INTO source_files (id, repo, relative_path, content_hash, extractor_version, grammar_version, last_indexed, deleted, last_pr_id_set, pr_miner_version) VALUES (232, 'bench-repo', 'pkg/mod231/file.go', 'h232', 'test', NULL, '2026-01-01T00:00:00Z', 0, X'01000000', '');
INSERT INTO source_files (id, repo, relative_path, content_hash, extractor_version, grammar_version, last_indexed, deleted, last_pr_id_set, pr_miner_version) VALUES (233, 'bench-repo', 'pkg/mod232/file.go', 'h233', 'test', NULL, '2026-01-01T00:00:00Z', 0, X'01000000', '');
INSERT INTO source_files (id, repo, relative_path, content_hash, extractor_version, grammar_version, last_indexed, deleted, last_pr_id_set, pr_miner_version) VALUES (234, 'bench-repo', 'pkg/mod233/file.go', 'h234', 'test', NULL, '2026-01-01T00:00:00Z', 0, X'01000000', '');
INSERT INTO source_files (id, repo, relative_path, content_hash, extractor_version, grammar_version, last_indexed, deleted, last_pr_id_set, pr_miner_version) VALUES (235, 'bench-repo', 'pkg/mod234/file.go', 'h235', 'test', NULL, '2026-01-01T00:00:00Z', 0, X'01000000', '');
INSERT INTO source_files (id, repo, relative_path, content_hash, extractor_version, grammar_version, last_indexed, deleted, last_pr_id_set, pr_miner_version) VALUES (236, 'bench-repo', 'pkg/mod235/file.go', 'h236', 'test', NULL, '2026-01-01T00:00:00Z', 0, X'01000000', '');
INSERT INTO source_files (id, repo, relative_path, content_hash, extractor_version, grammar_version, last_indexed, deleted, last_pr_id_set, pr_miner_version) VALUES (237, 'bench-repo', 'pkg/mod236/file.go', 'h237', 'test', NULL, '2026-01-01T00:00:00Z', 0, X'01000000', '');
INSERT INTO source_files (id, repo, relative_path, content_hash, extractor_version, grammar_version, last_indexed, deleted, last_pr_id_set, pr_miner_version) VALUES (238, 'bench-repo', 'pkg/mod237/file.go', 'h238', 'test', NULL, '2026-01-01T00:00:00Z', 0, X'01000000', '');
INSERT INTO source_files (id, repo, relative_path, content_hash, extractor_version, grammar_version, last_indexed, deleted, last_pr_id_set, pr_miner_version) VALUES (239, 'bench-repo', 'pkg/mod238/file.go', 'h239', 'test', NULL, '2026-01-01T00:00:00Z', 0, X'01000000', '');
INSERT INTO source_files (id, repo, relative_path, content_hash, extractor_version, grammar_version, last_indexed, deleted, last_pr_id_set, pr_miner_version) VALUES (240, 'bench-repo', 'pkg/mod239/file.go', 'h240', 'test', NULL, '2026-01-01T00:00:00Z', 0, X'01000000', '');
INSERT INTO source_files (id, repo, relative_path, content_hash, extractor_version, grammar_version, last_indexed, deleted, last_pr_id_set, pr_miner_version) VALUES (241, 'bench-repo', 'pkg/mod240/file.go', 'h241', 'test', NULL, '2026-01-01T00:00:00Z', 0, X'01000000', '');
INSERT INTO source_files (id, repo, relative_path, content_hash, extractor_version, grammar_version, last_indexed, deleted, last_pr_id_set, pr_miner_version) VALUES (242, 'bench-repo', 'pkg/mod241/file.go', 'h242', 'test', NULL, '2026-01-01T00:00:00Z', 0, X'01000000', '');
INSERT INTO source_files (id, repo, relative_path, content_hash, extractor_version, grammar_version, last_indexed, deleted, last_pr_id_set, pr_miner_version) VALUES (243, 'bench-repo', 'pkg/mod242/file.go', 'h243', 'test', NULL, '2026-01-01T00:00:00Z', 0, X'01000000', '');
INSERT INTO source_files (id, repo, relative_path, content_hash, extractor_version, grammar_version, last_indexed, deleted, last_pr_id_set, pr_miner_version) VALUES (244, 'bench-repo', 'pkg/mod243/file.go', 'h244', 'test', NULL, '2026-01-01T00:00:00Z', 0, X'01000000', '');
INSERT INTO source_files (id, repo, relative_path, content_hash, extractor_version, grammar_version, last_indexed, deleted, last_pr_id_set, pr_miner_version) VALUES (245, 'bench-repo', 'pkg/mod244/file.go', 'h245', 'test', NULL, '2026-01-01T00:00:00Z', 0, X'01000000', '');
INSERT INTO source_files (id, repo, relative_path, content_hash, extractor_version, grammar_version, last_indexed, deleted, last_pr_id_set, pr_miner_version) VALUES (246, 'bench-repo', 'pkg/mod245/file.go', 'h246', 'test', NULL, '2026-01-01T00:00:00Z', 0, X'01000000', '');
INSERT INTO source_files (id, repo, relative_path, content_hash, extractor_version, grammar_version, last_indexed, deleted, last_pr_id_set, pr_miner_version) VALUES (247, 'bench-repo', 'pkg/mod246/file.go', 'h247', 'test', NULL, '2026-01-01T00:00:00Z', 0, X'01000000', '');
INSERT INTO source_files (id, repo, relative_path, content_hash, extractor_version, grammar_version, last_indexed, deleted, last_pr_id_set, pr_miner_version) VALUES (248, 'bench-repo', 'pkg/mod247/file.go', 'h248', 'test', NULL, '2026-01-01T00:00:00Z', 0, X'01000000', '');
INSERT INTO source_files (id, repo, relative_path, content_hash, extractor_version, grammar_version, last_indexed, deleted, last_pr_id_set, pr_miner_version) VALUES (249, 'bench-repo', 'pkg/mod248/file.go', 'h249', 'test', NULL, '2026-01-01T00:00:00Z', 0, X'01000000', '');
INSERT INTO source_files (id, repo, relative_path, content_hash, extractor_version, grammar_version, last_indexed, deleted, last_pr_id_set, pr_miner_version) VALUES (250, 'bench-repo', 'pkg/mod249/file.go', 'h250', 'test', NULL, '2026-01-01T00:00:00Z', 0, X'01000000', '');
INSERT INTO source_files (id, repo, relative_path, content_hash, extractor_version, grammar_version, last_indexed, deleted, last_pr_id_set, pr_miner_version) VALUES (251, 'bench-repo', 'pkg/mod250/file.go', 'h251', 'test', NULL, '2026-01-01T00:00:00Z', 0, X'01000000', '');
INSERT INTO source_files (id, repo, relative_path, content_hash, extractor_version, grammar_version, last_indexed, deleted, last_pr_id_set, pr_miner_version) VALUES (252, 'bench-repo', 'pkg/mod251/file.go', 'h252', 'test', NULL, '2026-01-01T00:00:00Z', 0, X'01000000', '');
INSERT INTO source_files (id, repo, relative_path, content_hash, extractor_version, grammar_version, last_indexed, deleted, last_pr_id_set, pr_miner_version) VALUES (253, 'bench-repo', 'pkg/mod252/file.go', 'h253', 'test', NULL, '2026-01-01T00:00:00Z', 0, X'01000000', '');
INSERT INTO source_files (id, repo, relative_path, content_hash, extractor_version, grammar_version, last_indexed, deleted, last_pr_id_set, pr_miner_version) VALUES (254, 'bench-repo', 'pkg/mod253/file.go', 'h254', 'test', NULL, '2026-01-01T00:00:00Z', 0, X'01000000', '');
INSERT INTO source_files (id, repo, relative_path, content_hash, extractor_version, grammar_version, last_indexed, deleted, last_pr_id_set, pr_miner_version) VALUES (255, 'bench-repo', 'pkg/mod254/file.go', 'h255', 'test', NULL, '2026-01-01T00:00:00Z', 0, X'01000000', '');
INSERT INTO source_files (id, repo, relative_path, content_hash, extractor_version, grammar_version, last_indexed, deleted, last_pr_id_set, pr_miner_version) VALUES (256, 'bench-repo', 'pkg/mod255/file.go', 'h256', 'test', NULL, '2026-01-01T00:00:00Z', 0, X'01000000', '');
INSERT INTO source_files (id, repo, relative_path, content_hash, extractor_version, grammar_version, last_indexed, deleted, last_pr_id_set, pr_miner_version) VALUES (257, 'bench-repo', 'pkg/mod256/file.go', 'h257', 'test', NULL, '2026-01-01T00:00:00Z', 0, X'01000000', '');
INSERT INTO source_files (id, repo, relative_path, content_hash, extractor_version, grammar_version, last_indexed, deleted, last_pr_id_set, pr_miner_version) VALUES (258, 'bench-repo', 'pkg/mod257/file.go', 'h258', 'test', NULL, '2026-01-01T00:00:00Z', 0, X'01000000', '');
INSERT INTO source_files (id, repo, relative_path, content_hash, extractor_version, grammar_version, last_indexed, deleted, last_pr_id_set, pr_miner_version) VALUES (259, 'bench-repo', 'pkg/mod258/file.go', 'h259', 'test', NULL, '2026-01-01T00:00:00Z', 0, X'01000000', '');
INSERT INTO source_files (id, repo, relative_path, content_hash, extractor_version, grammar_version, last_indexed, deleted, last_pr_id_set, pr_miner_version) VALUES (260, 'bench-repo', 'pkg/mod259/file.go', 'h260', 'test', NULL, '2026-01-01T00:00:00Z', 0, X'01000000', '');
INSERT INTO source_files (id, repo, relative_path, content_hash, extractor_version, grammar_version, last_indexed, deleted, last_pr_id_set, pr_miner_version) VALUES (261, 'bench-repo', 'pkg/mod260/file.go', 'h261', 'test', NULL, '2026-01-01T00:00:00Z', 0, X'01000000', '');
INSERT INTO source_files (id, repo, relative_path, content_hash, extractor_version, grammar_version, last_indexed, deleted, last_pr_id_set, pr_miner_version) VALUES (262, 'bench-repo', 'pkg/mod261/file.go', 'h262', 'test', NULL, '2026-01-01T00:00:00Z', 0, X'01000000', '');
INSERT INTO source_files (id, repo, relative_path, content_hash, extractor_version, grammar_version, last_indexed, deleted, last_pr_id_set, pr_miner_version) VALUES (263, 'bench-repo', 'pkg/mod262/file.go', 'h263', 'test', NULL, '2026-01-01T00:00:00Z', 0, X'01000000', '');
INSERT INTO source_files (id, repo, relative_path, content_hash, extractor_version, grammar_version, last_indexed, deleted, last_pr_id_set, pr_miner_version) VALUES (264, 'bench-repo', 'pkg/mod263/file.go', 'h264', 'test', NULL, '2026-01-01T00:00:00Z', 0, X'01000000', '');
INSERT INTO source_files (id, repo, relative_path, content_hash, extractor_version, grammar_version, last_indexed, deleted, last_pr_id_set, pr_miner_version) VALUES (265, 'bench-repo', 'pkg/mod264/file.go', 'h265', 'test', NULL, '2026-01-01T00:00:00Z', 0, X'01000000', '');
INSERT INTO source_files (id, repo, relative_path, content_hash, extractor_version, grammar_version, last_indexed, deleted, last_pr_id_set, pr_miner_version) VALUES (266, 'bench-repo', 'pkg/mod265/file.go', 'h266', 'test', NULL, '2026-01-01T00:00:00Z', 0, X'01000000', '');
INSERT INTO source_files (id, repo, relative_path, content_hash, extractor_version, grammar_version, last_indexed, deleted, last_pr_id_set, pr_miner_version) VALUES (267, 'bench-repo', 'pkg/mod266/file.go', 'h267', 'test', NULL, '2026-01-01T00:00:00Z', 0, X'01000000', '');
INSERT INTO source_files (id, repo, relative_path, content_hash, extractor_version, grammar_version, last_indexed, deleted, last_pr_id_set, pr_miner_version) VALUES (268, 'bench-repo', 'pkg/mod267/file.go', 'h268', 'test', NULL, '2026-01-01T00:00:00Z', 0, X'01000000', '');
INSERT INTO source_files (id, repo, relative_path, content_hash, extractor_version, grammar_version, last_indexed, deleted, last_pr_id_set, pr_miner_version) VALUES (269, 'bench-repo', 'pkg/mod268/file.go', 'h269', 'test', NULL, '2026-01-01T00:00:00Z', 0, X'01000000', '');
INSERT INTO source_files (id, repo, relative_path, content_hash, extractor_version, grammar_version, last_indexed, deleted, last_pr_id_set, pr_miner_version) VALUES (270, 'bench-repo', 'pkg/mod269/file.go', 'h270', 'test', NULL, '2026-01-01T00:00:00Z', 0, X'01000000', '');
INSERT INTO source_files (id, repo, relative_path, content_hash, extractor_version, grammar_version, last_indexed, deleted, last_pr_id_set, pr_miner_version) VALUES (271, 'bench-repo', 'pkg/mod270/file.go', 'h271', 'test', NULL, '2026-01-01T00:00:00Z', 0, X'01000000', '');
INSERT INTO source_files (id, repo, relative_path, content_hash, extractor_version, grammar_version, last_indexed, deleted, last_pr_id_set, pr_miner_version) VALUES (272, 'bench-repo', 'pkg/mod271/file.go', 'h272', 'test', NULL, '2026-01-01T00:00:00Z', 0, X'01000000', '');
INSERT INTO source_files (id, repo, relative_path, content_hash, extractor_version, grammar_version, last_indexed, deleted, last_pr_id_set, pr_miner_version) VALUES (273, 'bench-repo', 'pkg/mod272/file.go', 'h273', 'test', NULL, '2026-01-01T00:00:00Z', 0, X'01000000', '');
INSERT INTO source_files (id, repo, relative_path, content_hash, extractor_version, grammar_version, last_indexed, deleted, last_pr_id_set, pr_miner_version) VALUES (274, 'bench-repo', 'pkg/mod273/file.go', 'h274', 'test', NULL, '2026-01-01T00:00:00Z', 0, X'01000000', '');
INSERT INTO source_files (id, repo, relative_path, content_hash, extractor_version, grammar_version, last_indexed, deleted, last_pr_id_set, pr_miner_version) VALUES (275, 'bench-repo', 'pkg/mod274/file.go', 'h275', 'test', NULL, '2026-01-01T00:00:00Z', 0, X'01000000', '');
INSERT INTO source_files (id, repo, relative_path, content_hash, extractor_version, grammar_version, last_indexed, deleted, last_pr_id_set, pr_miner_version) VALUES (276, 'bench-repo', 'pkg/mod275/file.go', 'h276', 'test', NULL, '2026-01-01T00:00:00Z', 0, X'01000000', '');
INSERT INTO source_files (id, repo, relative_path, content_hash, extractor_version, grammar_version, last_indexed, deleted, last_pr_id_set, pr_miner_version) VALUES (277, 'bench-repo', 'pkg/mod276/file.go', 'h277', 'test', NULL, '2026-01-01T00:00:00Z', 0, X'01000000', '');
INSERT INTO source_files (id, repo, relative_path, content_hash, extractor_version, grammar_version, last_indexed, deleted, last_pr_id_set, pr_miner_version) VALUES (278, 'bench-repo', 'pkg/mod277/file.go', 'h278', 'test', NULL, '2026-01-01T00:00:00Z', 0, X'01000000', '');
INSERT INTO source_files (id, repo, relative_path, content_hash, extractor_version, grammar_version, last_indexed, deleted, last_pr_id_set, pr_miner_version) VALUES (279, 'bench-repo', 'pkg/mod278/file.go', 'h279', 'test', NULL, '2026-01-01T00:00:00Z', 0, X'01000000', '');
INSERT INTO source_files (id, repo, relative_path, content_hash, extractor_version, grammar_version, last_indexed, deleted, last_pr_id_set, pr_miner_version) VALUES (280, 'bench-repo', 'pkg/mod279/file.go', 'h280', 'test', NULL, '2026-01-01T00:00:00Z', 0, X'01000000', '');
INSERT INTO source_files (id, repo, relative_path, content_hash, extractor_version, grammar_version, last_indexed, deleted, last_pr_id_set, pr_miner_version) VALUES (281, 'bench-repo', 'pkg/mod280/file.go', 'h281', 'test', NULL, '2026-01-01T00:00:00Z', 0, X'01000000', '');
INSERT INTO source_files (id, repo, relative_path, content_hash, extractor_version, grammar_version, last_indexed, deleted, last_pr_id_set, pr_miner_version) VALUES (282, 'bench-repo', 'pkg/mod281/file.go', 'h282', 'test', NULL, '2026-01-01T00:00:00Z', 0, X'01000000', '');
INSERT INTO source_files (id, repo, relative_path, content_hash, extractor_version, grammar_version, last_indexed, deleted, last_pr_id_set, pr_miner_version) VALUES (283, 'bench-repo', 'pkg/mod282/file.go', 'h283', 'test', NULL, '2026-01-01T00:00:00Z', 0, X'01000000', '');
INSERT INTO source_files (id, repo, relative_path, content_hash, extractor_version, grammar_version, last_indexed, deleted, last_pr_id_set, pr_miner_version) VALUES (284, 'bench-repo', 'pkg/mod283/file.go', 'h284', 'test', NULL, '2026-01-01T00:00:00Z', 0, X'01000000', '');
INSERT INTO source_files (id, repo, relative_path, content_hash, extractor_version, grammar_version, last_indexed, deleted, last_pr_id_set, pr_miner_version) VALUES (285, 'bench-repo', 'pkg/mod284/file.go', 'h285', 'test', NULL, '2026-01-01T00:00:00Z', 0, X'01000000', '');
INSERT INTO source_files (id, repo, relative_path, content_hash, extractor_version, grammar_version, last_indexed, deleted, last_pr_id_set, pr_miner_version) VALUES (286, 'bench-repo', 'pkg/mod285/file.go', 'h286', 'test', NULL, '2026-01-01T00:00:00Z', 0, X'01000000', '');
INSERT INTO source_files (id, repo, relative_path, content_hash, extractor_version, grammar_version, last_indexed, deleted, last_pr_id_set, pr_miner_version) VALUES (287, 'bench-repo', 'pkg/mod286/file.go', 'h287', 'test', NULL, '2026-01-01T00:00:00Z', 0, X'01000000', '');
INSERT INTO source_files (id, repo, relative_path, content_hash, extractor_version, grammar_version, last_indexed, deleted, last_pr_id_set, pr_miner_version) VALUES (288, 'bench-repo', 'pkg/mod287/file.go', 'h288', 'test', NULL, '2026-01-01T00:00:00Z', 0, X'01000000', '');
INSERT INTO source_files (id, repo, relative_path, content_hash, extractor_version, grammar_version, last_indexed, deleted, last_pr_id_set, pr_miner_version) VALUES (289, 'bench-repo', 'pkg/mod288/file.go', 'h289', 'test', NULL, '2026-01-01T00:00:00Z', 0, X'01000000', '');
INSERT INTO source_files (id, repo, relative_path, content_hash, extractor_version, grammar_version, last_indexed, deleted, last_pr_id_set, pr_miner_version) VALUES (290, 'bench-repo', 'pkg/mod289/file.go', 'h290', 'test', NULL, '2026-01-01T00:00:00Z', 0, X'01000000', '');
INSERT INTO source_files (id, repo, relative_path, content_hash, extractor_version, grammar_version, last_indexed, deleted, last_pr_id_set, pr_miner_version) VALUES (291, 'bench-repo', 'pkg/mod290/file.go', 'h291', 'test', NULL, '2026-01-01T00:00:00Z', 0, X'01000000', '');
INSERT INTO source_files (id, repo, relative_path, content_hash, extractor_version, grammar_version, last_indexed, deleted, last_pr_id_set, pr_miner_version) VALUES (292, 'bench-repo', 'pkg/mod291/file.go', 'h292', 'test', NULL, '2026-01-01T00:00:00Z', 0, X'01000000', '');
INSERT INTO source_files (id, repo, relative_path, content_hash, extractor_version, grammar_version, last_indexed, deleted, last_pr_id_set, pr_miner_version) VALUES (293, 'bench-repo', 'pkg/mod292/file.go', 'h293', 'test', NULL, '2026-01-01T00:00:00Z', 0, X'01000000', '');
INSERT INTO source_files (id, repo, relative_path, content_hash, extractor_version, grammar_version, last_indexed, deleted, last_pr_id_set, pr_miner_version) VALUES (294, 'bench-repo', 'pkg/mod293/file.go', 'h294', 'test', NULL, '2026-01-01T00:00:00Z', 0, X'01000000', '');
INSERT INTO source_files (id, repo, relative_path, content_hash, extractor_version, grammar_version, last_indexed, deleted, last_pr_id_set, pr_miner_version) VALUES (295, 'bench-repo', 'pkg/mod294/file.go', 'h295', 'test', NULL, '2026-01-01T00:00:00Z', 0, X'01000000', '');
INSERT INTO source_files (id, repo, relative_path, content_hash, extractor_version, grammar_version, last_indexed, deleted, last_pr_id_set, pr_miner_version) VALUES (296, 'bench-repo', 'pkg/mod295/file.go', 'h296', 'test', NULL, '2026-01-01T00:00:00Z', 0, X'01000000', '');
INSERT INTO source_files (id, repo, relative_path, content_hash, extractor_version, grammar_version, last_indexed, deleted, last_pr_id_set, pr_miner_version) VALUES (297, 'bench-repo', 'pkg/mod296/file.go', 'h297', 'test', NULL, '2026-01-01T00:00:00Z', 0, X'01000000', '');
INSERT INTO source_files (id, repo, relative_path, content_hash, extractor_version, grammar_version, last_indexed, deleted, last_pr_id_set, pr_miner_version) VALUES (298, 'bench-repo', 'pkg/mod297/file.go', 'h298', 'test', NULL, '2026-01-01T00:00:00Z', 0, X'01000000', '');
INSERT INTO source_files (id, repo, relative_path, content_hash, extractor_version, grammar_version, last_indexed, deleted, last_pr_id_set, pr_miner_version) VALUES (299, 'bench-repo', 'pkg/mod298/file.go', 'h299', 'test', NULL, '2026-01-01T00:00:00Z', 0, X'01000000', '');
INSERT INTO source_files (id, repo, relative_path, content_hash, extractor_version, grammar_version, last_indexed, deleted, last_pr_id_set, pr_miner_version) VALUES (300, 'bench-repo', 'pkg/mod299/file.go', 'h300', 'test', NULL, '2026-01-01T00:00:00Z', 0, X'01000000', '');
INSERT INTO source_files (id, repo, relative_path, content_hash, extractor_version, grammar_version, last_indexed, deleted, last_pr_id_set, pr_miner_version) VALUES (301, 'bench-repo', 'pkg/mod300/file.go', 'h301', 'test', NULL, '2026-01-01T00:00:00Z', 0, X'01000000', '');
INSERT INTO source_files (id, repo, relative_path, content_hash, extractor_version, grammar_version, last_indexed, deleted, last_pr_id_set, pr_miner_version) VALUES (302, 'bench-repo', 'pkg/mod301/file.go', 'h302', 'test', NULL, '2026-01-01T00:00:00Z', 0, X'01000000', '');
INSERT INTO source_files (id, repo, relative_path, content_hash, extractor_version, grammar_version, last_indexed, deleted, last_pr_id_set, pr_miner_version) VALUES (303, 'bench-repo', 'pkg/mod302/file.go', 'h303', 'test', NULL, '2026-01-01T00:00:00Z', 0, X'01000000', '');
INSERT INTO source_files (id, repo, relative_path, content_hash, extractor_version, grammar_version, last_indexed, deleted, last_pr_id_set, pr_miner_version) VALUES (304, 'bench-repo', 'pkg/mod303/file.go', 'h304', 'test', NULL, '2026-01-01T00:00:00Z', 0, X'01000000', '');
INSERT INTO source_files (id, repo, relative_path, content_hash, extractor_version, grammar_version, last_indexed, deleted, last_pr_id_set, pr_miner_version) VALUES (305, 'bench-repo', 'pkg/mod304/file.go', 'h305', 'test', NULL, '2026-01-01T00:00:00Z', 0, X'01000000', '');
INSERT INTO source_files (id, repo, relative_path, content_hash, extractor_version, grammar_version, last_indexed, deleted, last_pr_id_set, pr_miner_version) VALUES (306, 'bench-repo', 'pkg/mod305/file.go', 'h306', 'test', NULL, '2026-01-01T00:00:00Z', 0, X'01000000', '');
INSERT INTO source_files (id, repo, relative_path, content_hash, extractor_version, grammar_version, last_indexed, deleted, last_pr_id_set, pr_miner_version) VALUES (307, 'bench-repo', 'pkg/mod306/file.go', 'h307', 'test', NULL, '2026-01-01T00:00:00Z', 0, X'01000000', '');
INSERT INTO source_files (id, repo, relative_path, content_hash, extractor_version, grammar_version, last_indexed, deleted, last_pr_id_set, pr_miner_version) VALUES (308, 'bench-repo', 'pkg/mod307/file.go', 'h308', 'test', NULL, '2026-01-01T00:00:00Z', 0, X'01000000', '');
INSERT INTO source_files (id, repo, relative_path, content_hash, extractor_version, grammar_version, last_indexed, deleted, last_pr_id_set, pr_miner_version) VALUES (309, 'bench-repo', 'pkg/mod308/file.go', 'h309', 'test', NULL, '2026-01-01T00:00:00Z', 0, X'01000000', '');
INSERT INTO source_files (id, repo, relative_path, content_hash, extractor_version, grammar_version, last_indexed, deleted, last_pr_id_set, pr_miner_version) VALUES (310, 'bench-repo', 'pkg/mod309/file.go', 'h310', 'test', NULL, '2026-01-01T00:00:00Z', 0, X'01000000', '');
INSERT INTO source_files (id, repo, relative_path, content_hash, extractor_version, grammar_version, last_indexed, deleted, last_pr_id_set, pr_miner_version) VALUES (311, 'bench-repo', 'pkg/mod310/file.go', 'h311', 'test', NULL, '2026-01-01T00:00:00Z', 0, X'01000000', '');
INSERT INTO source_files (id, repo, relative_path, content_hash, extractor_version, grammar_version, last_indexed, deleted, last_pr_id_set, pr_miner_version) VALUES (312, 'bench-repo', 'pkg/mod311/file.go', 'h312', 'test', NULL, '2026-01-01T00:00:00Z', 0, X'01000000', '');
INSERT INTO source_files (id, repo, relative_path, content_hash, extractor_version, grammar_version, last_indexed, deleted, last_pr_id_set, pr_miner_version) VALUES (313, 'bench-repo', 'pkg/mod312/file.go', 'h313', 'test', NULL, '2026-01-01T00:00:00Z', 0, X'01000000', '');
INSERT INTO source_files (id, repo, relative_path, content_hash, extractor_version, grammar_version, last_indexed, deleted, last_pr_id_set, pr_miner_version) VALUES (314, 'bench-repo', 'pkg/mod313/file.go', 'h314', 'test', NULL, '2026-01-01T00:00:00Z', 0, X'01000000', '');
INSERT INTO source_files (id, repo, relative_path, content_hash, extractor_version, grammar_version, last_indexed, deleted, last_pr_id_set, pr_miner_version) VALUES (315, 'bench-repo', 'pkg/mod314/file.go', 'h315', 'test', NULL, '2026-01-01T00:00:00Z', 0, X'01000000', '');
INSERT INTO source_files (id, repo, relative_path, content_hash, extractor_version, grammar_version, last_indexed, deleted, last_pr_id_set, pr_miner_version) VALUES (316, 'bench-repo', 'pkg/mod315/file.go', 'h316', 'test', NULL, '2026-01-01T00:00:00Z', 0, X'01000000', '');
INSERT INTO source_files (id, repo, relative_path, content_hash, extractor_version, grammar_version, last_indexed, deleted, last_pr_id_set, pr_miner_version) VALUES (317, 'bench-repo', 'pkg/mod316/file.go', 'h317', 'test', NULL, '2026-01-01T00:00:00Z', 0, X'01000000', '');
INSERT INTO source_files (id, repo, relative_path, content_hash, extractor_version, grammar_version, last_indexed, deleted, last_pr_id_set, pr_miner_version) VALUES (318, 'bench-repo', 'pkg/mod317/file.go', 'h318', 'test', NULL, '2026-01-01T00:00:00Z', 0, X'01000000', '');
INSERT INTO source_files (id, repo, relative_path, content_hash, extractor_version, grammar_version, last_indexed, deleted, last_pr_id_set, pr_miner_version) VALUES (319, 'bench-repo', 'pkg/mod318/file.go', 'h319', 'test', NULL, '2026-01-01T00:00:00Z', 0, X'01000000', '');
INSERT INTO source_files (id, repo, relative_path, content_hash, extractor_version, grammar_version, last_indexed, deleted, last_pr_id_set, pr_miner_version) VALUES (320, 'bench-repo', 'pkg/mod319/file.go', 'h320', 'test', NULL, '2026-01-01T00:00:00Z', 0, X'01000000', '');
INSERT INTO source_files (id, repo, relative_path, content_hash, extractor_version, grammar_version, last_indexed, deleted, last_pr_id_set, pr_miner_version) VALUES (321, 'bench-repo', 'pkg/mod320/file.go', 'h321', 'test', NULL, '2026-01-01T00:00:00Z', 0, X'01000000', '');
INSERT INTO source_files (id, repo, relative_path, content_hash, extractor_version, grammar_version, last_indexed, deleted, last_pr_id_set, pr_miner_version) VALUES (322, 'bench-repo', 'pkg/mod321/file.go', 'h322', 'test', NULL, '2026-01-01T00:00:00Z', 0, X'01000000', '');
INSERT INTO source_files (id, repo, relative_path, content_hash, extractor_version, grammar_version, last_indexed, deleted, last_pr_id_set, pr_miner_version) VALUES (323, 'bench-repo', 'pkg/mod322/file.go', 'h323', 'test', NULL, '2026-01-01T00:00:00Z', 0, X'01000000', '');
INSERT INTO source_files (id, repo, relative_path, content_hash, extractor_version, grammar_version, last_indexed, deleted, last_pr_id_set, pr_miner_version) VALUES (324, 'bench-repo', 'pkg/mod323/file.go', 'h324', 'test', NULL, '2026-01-01T00:00:00Z', 0, X'01000000', '');
INSERT INTO source_files (id, repo, relative_path, content_hash, extractor_version, grammar_version, last_indexed, deleted, last_pr_id_set, pr_miner_version) VALUES (325, 'bench-repo', 'pkg/mod324/file.go', 'h325', 'test', NULL, '2026-01-01T00:00:00Z', 0, X'01000000', '');
INSERT INTO source_files (id, repo, relative_path, content_hash, extractor_version, grammar_version, last_indexed, deleted, last_pr_id_set, pr_miner_version) VALUES (326, 'bench-repo', 'pkg/mod325/file.go', 'h326', 'test', NULL, '2026-01-01T00:00:00Z', 0, X'01000000', '');
INSERT INTO source_files (id, repo, relative_path, content_hash, extractor_version, grammar_version, last_indexed, deleted, last_pr_id_set, pr_miner_version) VALUES (327, 'bench-repo', 'pkg/mod326/file.go', 'h327', 'test', NULL, '2026-01-01T00:00:00Z', 0, X'01000000', '');
INSERT INTO source_files (id, repo, relative_path, content_hash, extractor_version, grammar_version, last_indexed, deleted, last_pr_id_set, pr_miner_version) VALUES (328, 'bench-repo', 'pkg/mod327/file.go', 'h328', 'test', NULL, '2026-01-01T00:00:00Z', 0, X'01000000', '');
INSERT INTO source_files (id, repo, relative_path, content_hash, extractor_version, grammar_version, last_indexed, deleted, last_pr_id_set, pr_miner_version) VALUES (329, 'bench-repo', 'pkg/mod328/file.go', 'h329', 'test', NULL, '2026-01-01T00:00:00Z', 0, X'01000000', '');
INSERT INTO source_files (id, repo, relative_path, content_hash, extractor_version, grammar_version, last_indexed, deleted, last_pr_id_set, pr_miner_version) VALUES (330, 'bench-repo', 'pkg/mod329/file.go', 'h330', 'test', NULL, '2026-01-01T00:00:00Z', 0, X'01000000', '');
INSERT INTO source_files (id, repo, relative_path, content_hash, extractor_version, grammar_version, last_indexed, deleted, last_pr_id_set, pr_miner_version) VALUES (331, 'bench-repo', 'pkg/mod330/file.go', 'h331', 'test', NULL, '2026-01-01T00:00:00Z', 0, X'01000000', '');
INSERT INTO source_files (id, repo, relative_path, content_hash, extractor_version, grammar_version, last_indexed, deleted, last_pr_id_set, pr_miner_version) VALUES (332, 'bench-repo', 'pkg/mod331/file.go', 'h332', 'test', NULL, '2026-01-01T00:00:00Z', 0, X'01000000', '');
INSERT INTO source_files (id, repo, relative_path, content_hash, extractor_version, grammar_version, last_indexed, deleted, last_pr_id_set, pr_miner_version) VALUES (333, 'bench-repo', 'pkg/mod332/file.go', 'h333', 'test', NULL, '2026-01-01T00:00:00Z', 0, X'01000000', '');
INSERT INTO source_files (id, repo, relative_path, content_hash, extractor_version, grammar_version, last_indexed, deleted, last_pr_id_set, pr_miner_version) VALUES (334, 'bench-repo', 'pkg/mod333/file.go', 'h334', 'test', NULL, '2026-01-01T00:00:00Z', 0, X'01000000', '');
INSERT INTO source_files (id, repo, relative_path, content_hash, extractor_version, grammar_version, last_indexed, deleted, last_pr_id_set, pr_miner_version) VALUES (335, 'bench-repo', 'pkg/mod334/file.go', 'h335', 'test', NULL, '2026-01-01T00:00:00Z', 0, X'01000000', '');
INSERT INTO source_files (id, repo, relative_path, content_hash, extractor_version, grammar_version, last_indexed, deleted, last_pr_id_set, pr_miner_version) VALUES (336, 'bench-repo', 'pkg/mod335/file.go', 'h336', 'test', NULL, '2026-01-01T00:00:00Z', 0, X'01000000', '');
INSERT INTO source_files (id, repo, relative_path, content_hash, extractor_version, grammar_version, last_indexed, deleted, last_pr_id_set, pr_miner_version) VALUES (337, 'bench-repo', 'pkg/mod336/file.go', 'h337', 'test', NULL, '2026-01-01T00:00:00Z', 0, X'01000000', '');
INSERT INTO source_files (id, repo, relative_path, content_hash, extractor_version, grammar_version, last_indexed, deleted, last_pr_id_set, pr_miner_version) VALUES (338, 'bench-repo', 'pkg/mod337/file.go', 'h338', 'test', NULL, '2026-01-01T00:00:00Z', 0, X'01000000', '');
INSERT INTO source_files (id, repo, relative_path, content_hash, extractor_version, grammar_version, last_indexed, deleted, last_pr_id_set, pr_miner_version) VALUES (339, 'bench-repo', 'pkg/mod338/file.go', 'h339', 'test', NULL, '2026-01-01T00:00:00Z', 0, X'01000000', '');
INSERT INTO source_files (id, repo, relative_path, content_hash, extractor_version, grammar_version, last_indexed, deleted, last_pr_id_set, pr_miner_version) VALUES (340, 'bench-repo', 'pkg/mod339/file.go', 'h340', 'test', NULL, '2026-01-01T00:00:00Z', 0, X'01000000', '');
INSERT INTO source_files (id, repo, relative_path, content_hash, extractor_version, grammar_version, last_indexed, deleted, last_pr_id_set, pr_miner_version) VALUES (341, 'bench-repo', 'pkg/mod340/file.go', 'h341', 'test', NULL, '2026-01-01T00:00:00Z', 0, X'01000000', '');
INSERT INTO source_files (id, repo, relative_path, content_hash, extractor_version, grammar_version, last_indexed, deleted, last_pr_id_set, pr_miner_version) VALUES (342, 'bench-repo', 'pkg/mod341/file.go', 'h342', 'test', NULL, '2026-01-01T00:00:00Z', 0, X'01000000', '');
INSERT INTO source_files (id, repo, relative_path, content_hash, extractor_version, grammar_version, last_indexed, deleted, last_pr_id_set, pr_miner_version) VALUES (343, 'bench-repo', 'pkg/mod342/file.go', 'h343', 'test', NULL, '2026-01-01T00:00:00Z', 0, X'01000000', '');
INSERT INTO source_files (id, repo, relative_path, content_hash, extractor_version, grammar_version, last_indexed, deleted, last_pr_id_set, pr_miner_version) VALUES (344, 'bench-repo', 'pkg/mod343/file.go', 'h344', 'test', NULL, '2026-01-01T00:00:00Z', 0, X'01000000', '');
INSERT INTO source_files (id, repo, relative_path, content_hash, extractor_version, grammar_version, last_indexed, deleted, last_pr_id_set, pr_miner_version) VALUES (345, 'bench-repo', 'pkg/mod344/file.go', 'h345', 'test', NULL, '2026-01-01T00:00:00Z', 0, X'01000000', '');
INSERT INTO source_files (id, repo, relative_path, content_hash, extractor_version, grammar_version, last_indexed, deleted, last_pr_id_set, pr_miner_version) VALUES (346, 'bench-repo', 'pkg/mod345/file.go', 'h346', 'test', NULL, '2026-01-01T00:00:00Z', 0, X'01000000', '');
INSERT INTO source_files (id, repo, relative_path, content_hash, extractor_version, grammar_version, last_indexed, deleted, last_pr_id_set, pr_miner_version) VALUES (347, 'bench-repo', 'pkg/mod346/file.go', 'h347', 'test', NULL, '2026-01-01T00:00:00Z', 0, X'01000000', '');
INSERT INTO source_files (id, repo, relative_path, content_hash, extractor_version, grammar_version, last_indexed, deleted, last_pr_id_set, pr_miner_version) VALUES (348, 'bench-repo', 'pkg/mod347/file.go', 'h348', 'test', NULL, '2026-01-01T00:00:00Z', 0, X'01000000', '');
INSERT INTO source_files (id, repo, relative_path, content_hash, extractor_version, grammar_version, last_indexed, deleted, last_pr_id_set, pr_miner_version) VALUES (349, 'bench-repo', 'pkg/mod348/file.go', 'h349', 'test', NULL, '2026-01-01T00:00:00Z', 0, X'01000000', '');
INSERT INTO source_files (id, repo, relative_path, content_hash, extractor_version, grammar_version, last_indexed, deleted, last_pr_id_set, pr_miner_version) VALUES (350, 'bench-repo', 'pkg/mod349/file.go', 'h350', 'test', NULL, '2026-01-01T00:00:00Z', 0, X'01000000', '');
INSERT INTO source_files (id, repo, relative_path, content_hash, extractor_version, grammar_version, last_indexed, deleted, last_pr_id_set, pr_miner_version) VALUES (351, 'bench-repo', 'pkg/mod350/file.go', 'h351', 'test', NULL, '2026-01-01T00:00:00Z', 0, X'01000000', '');
INSERT INTO source_files (id, repo, relative_path, content_hash, extractor_version, grammar_version, last_indexed, deleted, last_pr_id_set, pr_miner_version) VALUES (352, 'bench-repo', 'pkg/mod351/file.go', 'h352', 'test', NULL, '2026-01-01T00:00:00Z', 0, X'01000000', '');
INSERT INTO source_files (id, repo, relative_path, content_hash, extractor_version, grammar_version, last_indexed, deleted, last_pr_id_set, pr_miner_version) VALUES (353, 'bench-repo', 'pkg/mod352/file.go', 'h353', 'test', NULL, '2026-01-01T00:00:00Z', 0, X'01000000', '');
INSERT INTO source_files (id, repo, relative_path, content_hash, extractor_version, grammar_version, last_indexed, deleted, last_pr_id_set, pr_miner_version) VALUES (354, 'bench-repo', 'pkg/mod353/file.go', 'h354', 'test', NULL, '2026-01-01T00:00:00Z', 0, X'01000000', '');
INSERT INTO source_files (id, repo, relative_path, content_hash, extractor_version, grammar_version, last_indexed, deleted, last_pr_id_set, pr_miner_version) VALUES (355, 'bench-repo', 'pkg/mod354/file.go', 'h355', 'test', NULL, '2026-01-01T00:00:00Z', 0, X'01000000', '');
INSERT INTO source_files (id, repo, relative_path, content_hash, extractor_version, grammar_version, last_indexed, deleted, last_pr_id_set, pr_miner_version) VALUES (356, 'bench-repo', 'pkg/mod355/file.go', 'h356', 'test', NULL, '2026-01-01T00:00:00Z', 0, X'01000000', '');
INSERT INTO source_files (id, repo, relative_path, content_hash, extractor_version, grammar_version, last_indexed, deleted, last_pr_id_set, pr_miner_version) VALUES (357, 'bench-repo', 'pkg/mod356/file.go', 'h357', 'test', NULL, '2026-01-01T00:00:00Z', 0, X'01000000', '');
INSERT INTO source_files (id, repo, relative_path, content_hash, extractor_version, grammar_version, last_indexed, deleted, last_pr_id_set, pr_miner_version) VALUES (358, 'bench-repo', 'pkg/mod357/file.go', 'h358', 'test', NULL, '2026-01-01T00:00:00Z', 0, X'01000000', '');
INSERT INTO source_files (id, repo, relative_path, content_hash, extractor_version, grammar_version, last_indexed, deleted, last_pr_id_set, pr_miner_version) VALUES (359, 'bench-repo', 'pkg/mod358/file.go', 'h359', 'test', NULL, '2026-01-01T00:00:00Z', 0, X'01000000', '');
INSERT INTO source_files (id, repo, relative_path, content_hash, extractor_version, grammar_version, last_indexed, deleted, last_pr_id_set, pr_miner_version) VALUES (360, 'bench-repo', 'pkg/mod359/file.go', 'h360', 'test', NULL, '2026-01-01T00:00:00Z', 0, X'01000000', '');
INSERT INTO source_files (id, repo, relative_path, content_hash, extractor_version, grammar_version, last_indexed, deleted, last_pr_id_set, pr_miner_version) VALUES (361, 'bench-repo', 'pkg/mod360/file.go', 'h361', 'test', NULL, '2026-01-01T00:00:00Z', 0, X'01000000', '');
INSERT INTO source_files (id, repo, relative_path, content_hash, extractor_version, grammar_version, last_indexed, deleted, last_pr_id_set, pr_miner_version) VALUES (362, 'bench-repo', 'pkg/mod361/file.go', 'h362', 'test', NULL, '2026-01-01T00:00:00Z', 0, X'01000000', '');
INSERT INTO source_files (id, repo, relative_path, content_hash, extractor_version, grammar_version, last_indexed, deleted, last_pr_id_set, pr_miner_version) VALUES (363, 'bench-repo', 'pkg/mod362/file.go', 'h363', 'test', NULL, '2026-01-01T00:00:00Z', 0, X'01000000', '');
INSERT INTO source_files (id, repo, relative_path, content_hash, extractor_version, grammar_version, last_indexed, deleted, last_pr_id_set, pr_miner_version) VALUES (364, 'bench-repo', 'pkg/mod363/file.go', 'h364', 'test', NULL, '2026-01-01T00:00:00Z', 0, X'01000000', '');
INSERT INTO source_files (id, repo, relative_path, content_hash, extractor_version, grammar_version, last_indexed, deleted, last_pr_id_set, pr_miner_version) VALUES (365, 'bench-repo', 'pkg/mod364/file.go', 'h365', 'test', NULL, '2026-01-01T00:00:00Z', 0, X'01000000', '');
INSERT INTO source_files (id, repo, relative_path, content_hash, extractor_version, grammar_version, last_indexed, deleted, last_pr_id_set, pr_miner_version) VALUES (366, 'bench-repo', 'pkg/mod365/file.go', 'h366', 'test', NULL, '2026-01-01T00:00:00Z', 0, X'01000000', '');
INSERT INTO source_files (id, repo, relative_path, content_hash, extractor_version, grammar_version, last_indexed, deleted, last_pr_id_set, pr_miner_version) VALUES (367, 'bench-repo', 'pkg/mod366/file.go', 'h367', 'test', NULL, '2026-01-01T00:00:00Z', 0, X'01000000', '');
INSERT INTO source_files (id, repo, relative_path, content_hash, extractor_version, grammar_version, last_indexed, deleted, last_pr_id_set, pr_miner_version) VALUES (368, 'bench-repo', 'pkg/mod367/file.go', 'h368', 'test', NULL, '2026-01-01T00:00:00Z', 0, X'01000000', '');
INSERT INTO source_files (id, repo, relative_path, content_hash, extractor_version, grammar_version, last_indexed, deleted, last_pr_id_set, pr_miner_version) VALUES (369, 'bench-repo', 'pkg/mod368/file.go', 'h369', 'test', NULL, '2026-01-01T00:00:00Z', 0, X'01000000', '');
INSERT INTO source_files (id, repo, relative_path, content_hash, extractor_version, grammar_version, last_indexed, deleted, last_pr_id_set, pr_miner_version) VALUES (370, 'bench-repo', 'pkg/mod369/file.go', 'h370', 'test', NULL, '2026-01-01T00:00:00Z', 0, X'01000000', '');
INSERT INTO source_files (id, repo, relative_path, content_hash, extractor_version, grammar_version, last_indexed, deleted, last_pr_id_set, pr_miner_version) VALUES (371, 'bench-repo', 'pkg/mod370/file.go', 'h371', 'test', NULL, '2026-01-01T00:00:00Z', 0, X'01000000', '');
INSERT INTO source_files (id, repo, relative_path, content_hash, extractor_version, grammar_version, last_indexed, deleted, last_pr_id_set, pr_miner_version) VALUES (372, 'bench-repo', 'pkg/mod371/file.go', 'h372', 'test', NULL, '2026-01-01T00:00:00Z', 0, X'01000000', '');
INSERT INTO source_files (id, repo, relative_path, content_hash, extractor_version, grammar_version, last_indexed, deleted, last_pr_id_set, pr_miner_version) VALUES (373, 'bench-repo', 'pkg/mod372/file.go', 'h373', 'test', NULL, '2026-01-01T00:00:00Z', 0, X'01000000', '');
INSERT INTO source_files (id, repo, relative_path, content_hash, extractor_version, grammar_version, last_indexed, deleted, last_pr_id_set, pr_miner_version) VALUES (374, 'bench-repo', 'pkg/mod373/file.go', 'h374', 'test', NULL, '2026-01-01T00:00:00Z', 0, X'01000000', '');
INSERT INTO source_files (id, repo, relative_path, content_hash, extractor_version, grammar_version, last_indexed, deleted, last_pr_id_set, pr_miner_version) VALUES (375, 'bench-repo', 'pkg/mod374/file.go', 'h375', 'test', NULL, '2026-01-01T00:00:00Z', 0, X'01000000', '');
INSERT INTO source_files (id, repo, relative_path, content_hash, extractor_version, grammar_version, last_indexed, deleted, last_pr_id_set, pr_miner_version) VALUES (376, 'bench-repo', 'pkg/mod375/file.go', 'h376', 'test', NULL, '2026-01-01T00:00:00Z', 0, X'01000000', '');
INSERT INTO source_files (id, repo, relative_path, content_hash, extractor_version, grammar_version, last_indexed, deleted, last_pr_id_set, pr_miner_version) VALUES (377, 'bench-repo', 'pkg/mod376/file.go', 'h377', 'test', NULL, '2026-01-01T00:00:00Z', 0, X'01000000', '');
INSERT INTO source_files (id, repo, relative_path, content_hash, extractor_version, grammar_version, last_indexed, deleted, last_pr_id_set, pr_miner_version) VALUES (378, 'bench-repo', 'pkg/mod377/file.go', 'h378', 'test', NULL, '2026-01-01T00:00:00Z', 0, X'01000000', '');
INSERT INTO source_files (id, repo, relative_path, content_hash, extractor_version, grammar_version, last_indexed, deleted, last_pr_id_set, pr_miner_version) VALUES (379, 'bench-repo', 'pkg/mod378/file.go', 'h379', 'test', NULL, '2026-01-01T00:00:00Z', 0, X'01000000', '');
INSERT INTO source_files (id, repo, relative_path, content_hash, extractor_version, grammar_version, last_indexed, deleted, last_pr_id_set, pr_miner_version) VALUES (380, 'bench-repo', 'pkg/mod379/file.go', 'h380', 'test', NULL, '2026-01-01T00:00:00Z', 0, X'01000000', '');
INSERT INTO source_files (id, repo, relative_path, content_hash, extractor_version, grammar_version, last_indexed, deleted, last_pr_id_set, pr_miner_version) VALUES (381, 'bench-repo', 'pkg/mod380/file.go', 'h381', 'test', NULL, '2026-01-01T00:00:00Z', 0, X'01000000', '');
INSERT INTO source_files (id, repo, relative_path, content_hash, extractor_version, grammar_version, last_indexed, deleted, last_pr_id_set, pr_miner_version) VALUES (382, 'bench-repo', 'pkg/mod381/file.go', 'h382', 'test', NULL, '2026-01-01T00:00:00Z', 0, X'01000000', '');
INSERT INTO source_files (id, repo, relative_path, content_hash, extractor_version, grammar_version, last_indexed, deleted, last_pr_id_set, pr_miner_version) VALUES (383, 'bench-repo', 'pkg/mod382/file.go', 'h383', 'test', NULL, '2026-01-01T00:00:00Z', 0, X'01000000', '');
INSERT INTO source_files (id, repo, relative_path, content_hash, extractor_version, grammar_version, last_indexed, deleted, last_pr_id_set, pr_miner_version) VALUES (384, 'bench-repo', 'pkg/mod383/file.go', 'h384', 'test', NULL, '2026-01-01T00:00:00Z', 0, X'01000000', '');
INSERT INTO source_files (id, repo, relative_path, content_hash, extractor_version, grammar_version, last_indexed, deleted, last_pr_id_set, pr_miner_version) VALUES (385, 'bench-repo', 'pkg/mod384/file.go', 'h385', 'test', NULL, '2026-01-01T00:00:00Z', 0, X'01000000', '');
INSERT INTO source_files (id, repo, relative_path, content_hash, extractor_version, grammar_version, last_indexed, deleted, last_pr_id_set, pr_miner_version) VALUES (386, 'bench-repo', 'pkg/mod385/file.go', 'h386', 'test', NULL, '2026-01-01T00:00:00Z', 0, X'01000000', '');
INSERT INTO source_files (id, repo, relative_path, content_hash, extractor_version, grammar_version, last_indexed, deleted, last_pr_id_set, pr_miner_version) VALUES (387, 'bench-repo', 'pkg/mod386/file.go', 'h387', 'test', NULL, '2026-01-01T00:00:00Z', 0, X'01000000', '');
INSERT INTO source_files (id, repo, relative_path, content_hash, extractor_version, grammar_version, last_indexed, deleted, last_pr_id_set, pr_miner_version) VALUES (388, 'bench-repo', 'pkg/mod387/file.go', 'h388', 'test', NULL, '2026-01-01T00:00:00Z', 0, X'01000000', '');
INSERT INTO source_files (id, repo, relative_path, content_hash, extractor_version, grammar_version, last_indexed, deleted, last_pr_id_set, pr_miner_version) VALUES (389, 'bench-repo', 'pkg/mod388/file.go', 'h389', 'test', NULL, '2026-01-01T00:00:00Z', 0, X'01000000', '');
INSERT INTO source_files (id, repo, relative_path, content_hash, extractor_version, grammar_version, last_indexed, deleted, last_pr_id_set, pr_miner_version) VALUES (390, 'bench-repo', 'pkg/mod389/file.go', 'h390', 'test', NULL, '2026-01-01T00:00:00Z', 0, X'01000000', '');
INSERT INTO source_files (id, repo, relative_path, content_hash, extractor_version, grammar_version, last_indexed, deleted, last_pr_id_set, pr_miner_version) VALUES (391, 'bench-repo', 'pkg/mod390/file.go', 'h391', 'test', NULL, '2026-01-01T00:00:00Z', 0, X'01000000', '');
INSERT INTO source_files (id, repo, relative_path, content_hash, extractor_version, grammar_version, last_indexed, deleted, last_pr_id_set, pr_miner_version) VALUES (392, 'bench-repo', 'pkg/mod391/file.go', 'h392', 'test', NULL, '2026-01-01T00:00:00Z', 0, X'01000000', '');
INSERT INTO source_files (id, repo, relative_path, content_hash, extractor_version, grammar_version, last_indexed, deleted, last_pr_id_set, pr_miner_version) VALUES (393, 'bench-repo', 'pkg/mod392/file.go', 'h393', 'test', NULL, '2026-01-01T00:00:00Z', 0, X'01000000', '');
INSERT INTO source_files (id, repo, relative_path, content_hash, extractor_version, grammar_version, last_indexed, deleted, last_pr_id_set, pr_miner_version) VALUES (394, 'bench-repo', 'pkg/mod393/file.go', 'h394', 'test', NULL, '2026-01-01T00:00:00Z', 0, X'01000000', '');
INSERT INTO source_files (id, repo, relative_path, content_hash, extractor_version, grammar_version, last_indexed, deleted, last_pr_id_set, pr_miner_version) VALUES (395, 'bench-repo', 'pkg/mod394/file.go', 'h395', 'test', NULL, '2026-01-01T00:00:00Z', 0, X'01000000', '');
INSERT INTO source_files (id, repo, relative_path, content_hash, extractor_version, grammar_version, last_indexed, deleted, last_pr_id_set, pr_miner_version) VALUES (396, 'bench-repo', 'pkg/mod395/file.go', 'h396', 'test', NULL, '2026-01-01T00:00:00Z', 0, X'01000000', '');
INSERT INTO source_files (id, repo, relative_path, content_hash, extractor_version, grammar_version, last_indexed, deleted, last_pr_id_set, pr_miner_version) VALUES (397, 'bench-repo', 'pkg/mod396/file.go', 'h397', 'test', NULL, '2026-01-01T00:00:00Z', 0, X'01000000', '');
INSERT INTO source_files (id, repo, relative_path, content_hash, extractor_version, grammar_version, last_indexed, deleted, last_pr_id_set, pr_miner_version) VALUES (398, 'bench-repo', 'pkg/mod397/file.go', 'h398', 'test', NULL, '2026-01-01T00:00:00Z', 0, X'01000000', '');
INSERT INTO source_files (id, repo, relative_path, content_hash, extractor_version, grammar_version, last_indexed, deleted, last_pr_id_set, pr_miner_version) VALUES (399, 'bench-repo', 'pkg/mod398/file.go', 'h399', 'test', NULL, '2026-01-01T00:00:00Z', 0, X'01000000', '');
INSERT INTO source_files (id, repo, relative_path, content_hash, extractor_version, grammar_version, last_indexed, deleted, last_pr_id_set, pr_miner_version) VALUES (400, 'bench-repo', 'pkg/mod399/file.go', 'h400', 'test', NULL, '2026-01-01T00:00:00Z', 0, X'01000000', '');
INSERT INTO source_files (id, repo, relative_path, content_hash, extractor_version, grammar_version, last_indexed, deleted, last_pr_id_set, pr_miner_version) VALUES (401, 'bench-repo', 'pkg/mod400/file.go', 'h401', 'test', NULL, '2026-01-01T00:00:00Z', 0, X'01000000', '');
INSERT INTO source_files (id, repo, relative_path, content_hash, extractor_version, grammar_version, last_indexed, deleted, last_pr_id_set, pr_miner_version) VALUES (402, 'bench-repo', 'pkg/mod401/file.go', 'h402', 'test', NULL, '2026-01-01T00:00:00Z', 0, X'01000000', '');
INSERT INTO source_files (id, repo, relative_path, content_hash, extractor_version, grammar_version, last_indexed, deleted, last_pr_id_set, pr_miner_version) VALUES (403, 'bench-repo', 'pkg/mod402/file.go', 'h403', 'test', NULL, '2026-01-01T00:00:00Z', 0, X'01000000', '');
INSERT INTO source_files (id, repo, relative_path, content_hash, extractor_version, grammar_version, last_indexed, deleted, last_pr_id_set, pr_miner_version) VALUES (404, 'bench-repo', 'pkg/mod403/file.go', 'h404', 'test', NULL, '2026-01-01T00:00:00Z', 0, X'01000000', '');
INSERT INTO source_files (id, repo, relative_path, content_hash, extractor_version, grammar_version, last_indexed, deleted, last_pr_id_set, pr_miner_version) VALUES (405, 'bench-repo', 'pkg/mod404/file.go', 'h405', 'test', NULL, '2026-01-01T00:00:00Z', 0, X'01000000', '');
INSERT INTO source_files (id, repo, relative_path, content_hash, extractor_version, grammar_version, last_indexed, deleted, last_pr_id_set, pr_miner_version) VALUES (406, 'bench-repo', 'pkg/mod405/file.go', 'h406', 'test', NULL, '2026-01-01T00:00:00Z', 0, X'01000000', '');
INSERT INTO source_files (id, repo, relative_path, content_hash, extractor_version, grammar_version, last_indexed, deleted, last_pr_id_set, pr_miner_version) VALUES (407, 'bench-repo', 'pkg/mod406/file.go', 'h407', 'test', NULL, '2026-01-01T00:00:00Z', 0, X'01000000', '');
INSERT INTO source_files (id, repo, relative_path, content_hash, extractor_version, grammar_version, last_indexed, deleted, last_pr_id_set, pr_miner_version) VALUES (408, 'bench-repo', 'pkg/mod407/file.go', 'h408', 'test', NULL, '2026-01-01T00:00:00Z', 0, X'01000000', '');
INSERT INTO source_files (id, repo, relative_path, content_hash, extractor_version, grammar_version, last_indexed, deleted, last_pr_id_set, pr_miner_version) VALUES (409, 'bench-repo', 'pkg/mod408/file.go', 'h409', 'test', NULL, '2026-01-01T00:00:00Z', 0, X'01000000', '');
INSERT INTO source_files (id, repo, relative_path, content_hash, extractor_version, grammar_version, last_indexed, deleted, last_pr_id_set, pr_miner_version) VALUES (410, 'bench-repo', 'pkg/mod409/file.go', 'h410', 'test', NULL, '2026-01-01T00:00:00Z', 0, X'01000000', '');
INSERT INTO source_files (id, repo, relative_path, content_hash, extractor_version, grammar_version, last_indexed, deleted, last_pr_id_set, pr_miner_version) VALUES (411, 'bench-repo', 'pkg/mod410/file.go', 'h411', 'test', NULL, '2026-01-01T00:00:00Z', 0, X'01000000', '');
INSERT INTO source_files (id, repo, relative_path, content_hash, extractor_version, grammar_version, last_indexed, deleted, last_pr_id_set, pr_miner_version) VALUES (412, 'bench-repo', 'pkg/mod411/file.go', 'h412', 'test', NULL, '2026-01-01T00:00:00Z', 0, X'01000000', '');
INSERT INTO source_files (id, repo, relative_path, content_hash, extractor_version, grammar_version, last_indexed, deleted, last_pr_id_set, pr_miner_version) VALUES (413, 'bench-repo', 'pkg/mod412/file.go', 'h413', 'test', NULL, '2026-01-01T00:00:00Z', 0, X'01000000', '');
INSERT INTO source_files (id, repo, relative_path, content_hash, extractor_version, grammar_version, last_indexed, deleted, last_pr_id_set, pr_miner_version) VALUES (414, 'bench-repo', 'pkg/mod413/file.go', 'h414', 'test', NULL, '2026-01-01T00:00:00Z', 0, X'01000000', '');
INSERT INTO source_files (id, repo, relative_path, content_hash, extractor_version, grammar_version, last_indexed, deleted, last_pr_id_set, pr_miner_version) VALUES (415, 'bench-repo', 'pkg/mod414/file.go', 'h415', 'test', NULL, '2026-01-01T00:00:00Z', 0, X'01000000', '');
INSERT INTO source_files (id, repo, relative_path, content_hash, extractor_version, grammar_version, last_indexed, deleted, last_pr_id_set, pr_miner_version) VALUES (416, 'bench-repo', 'pkg/mod415/file.go', 'h416', 'test', NULL, '2026-01-01T00:00:00Z', 0, X'01000000', '');
INSERT INTO source_files (id, repo, relative_path, content_hash, extractor_version, grammar_version, last_indexed, deleted, last_pr_id_set, pr_miner_version) VALUES (417, 'bench-repo', 'pkg/mod416/file.go', 'h417', 'test', NULL, '2026-01-01T00:00:00Z', 0, X'01000000', '');
INSERT INTO source_files (id, repo, relative_path, content_hash, extractor_version, grammar_version, last_indexed, deleted, last_pr_id_set, pr_miner_version) VALUES (418, 'bench-repo', 'pkg/mod417/file.go', 'h418', 'test', NULL, '2026-01-01T00:00:00Z', 0, X'01000000', '');
INSERT INTO source_files (id, repo, relative_path, content_hash, extractor_version, grammar_version, last_indexed, deleted, last_pr_id_set, pr_miner_version) VALUES (419, 'bench-repo', 'pkg/mod418/file.go', 'h419', 'test', NULL, '2026-01-01T00:00:00Z', 0, X'01000000', '');
INSERT INTO source_files (id, repo, relative_path, content_hash, extractor_version, grammar_version, last_indexed, deleted, last_pr_id_set, pr_miner_version) VALUES (420, 'bench-repo', 'pkg/mod419/file.go', 'h420', 'test', NULL, '2026-01-01T00:00:00Z', 0, X'01000000', '');
INSERT INTO source_files (id, repo, relative_path, content_hash, extractor_version, grammar_version, last_indexed, deleted, last_pr_id_set, pr_miner_version) VALUES (421, 'bench-repo', 'pkg/mod420/file.go', 'h421', 'test', NULL, '2026-01-01T00:00:00Z', 0, X'01000000', '');
INSERT INTO source_files (id, repo, relative_path, content_hash, extractor_version, grammar_version, last_indexed, deleted, last_pr_id_set, pr_miner_version) VALUES (422, 'bench-repo', 'pkg/mod421/file.go', 'h422', 'test', NULL, '2026-01-01T00:00:00Z', 0, X'01000000', '');
INSERT INTO source_files (id, repo, relative_path, content_hash, extractor_version, grammar_version, last_indexed, deleted, last_pr_id_set, pr_miner_version) VALUES (423, 'bench-repo', 'pkg/mod422/file.go', 'h423', 'test', NULL, '2026-01-01T00:00:00Z', 0, X'01000000', '');
INSERT INTO source_files (id, repo, relative_path, content_hash, extractor_version, grammar_version, last_indexed, deleted, last_pr_id_set, pr_miner_version) VALUES (424, 'bench-repo', 'pkg/mod423/file.go', 'h424', 'test', NULL, '2026-01-01T00:00:00Z', 0, X'01000000', '');
INSERT INTO source_files (id, repo, relative_path, content_hash, extractor_version, grammar_version, last_indexed, deleted, last_pr_id_set, pr_miner_version) VALUES (425, 'bench-repo', 'pkg/mod424/file.go', 'h425', 'test', NULL, '2026-01-01T00:00:00Z', 0, X'01000000', '');
INSERT INTO source_files (id, repo, relative_path, content_hash, extractor_version, grammar_version, last_indexed, deleted, last_pr_id_set, pr_miner_version) VALUES (426, 'bench-repo', 'pkg/mod425/file.go', 'h426', 'test', NULL, '2026-01-01T00:00:00Z', 0, X'01000000', '');
INSERT INTO source_files (id, repo, relative_path, content_hash, extractor_version, grammar_version, last_indexed, deleted, last_pr_id_set, pr_miner_version) VALUES (427, 'bench-repo', 'pkg/mod426/file.go', 'h427', 'test', NULL, '2026-01-01T00:00:00Z', 0, X'01000000', '');
INSERT INTO source_files (id, repo, relative_path, content_hash, extractor_version, grammar_version, last_indexed, deleted, last_pr_id_set, pr_miner_version) VALUES (428, 'bench-repo', 'pkg/mod427/file.go', 'h428', 'test', NULL, '2026-01-01T00:00:00Z', 0, X'01000000', '');
INSERT INTO source_files (id, repo, relative_path, content_hash, extractor_version, grammar_version, last_indexed, deleted, last_pr_id_set, pr_miner_version) VALUES (429, 'bench-repo', 'pkg/mod428/file.go', 'h429', 'test', NULL, '2026-01-01T00:00:00Z', 0, X'01000000', '');
INSERT INTO source_files (id, repo, relative_path, content_hash, extractor_version, grammar_version, last_indexed, deleted, last_pr_id_set, pr_miner_version) VALUES (430, 'bench-repo', 'pkg/mod429/file.go', 'h430', 'test', NULL, '2026-01-01T00:00:00Z', 0, X'01000000', '');
INSERT INTO source_files (id, repo, relative_path, content_hash, extractor_version, grammar_version, last_indexed, deleted, last_pr_id_set, pr_miner_version) VALUES (431, 'bench-repo', 'pkg/mod430/file.go', 'h431', 'test', NULL, '2026-01-01T00:00:00Z', 0, X'01000000', '');
INSERT INTO source_files (id, repo, relative_path, content_hash, extractor_version, grammar_version, last_indexed, deleted, last_pr_id_set, pr_miner_version) VALUES (432, 'bench-repo', 'pkg/mod431/file.go', 'h432', 'test', NULL, '2026-01-01T00:00:00Z', 0, X'01000000', '');
INSERT INTO source_files (id, repo, relative_path, content_hash, extractor_version, grammar_version, last_indexed, deleted, last_pr_id_set, pr_miner_version) VALUES (433, 'bench-repo', 'pkg/mod432/file.go', 'h433', 'test', NULL, '2026-01-01T00:00:00Z', 0, X'01000000', '');
INSERT INTO source_files (id, repo, relative_path, content_hash, extractor_version, grammar_version, last_indexed, deleted, last_pr_id_set, pr_miner_version) VALUES (434, 'bench-repo', 'pkg/mod433/file.go', 'h434', 'test', NULL, '2026-01-01T00:00:00Z', 0, X'01000000', '');
INSERT INTO source_files (id, repo, relative_path, content_hash, extractor_version, grammar_version, last_indexed, deleted, last_pr_id_set, pr_miner_version) VALUES (435, 'bench-repo', 'pkg/mod434/file.go', 'h435', 'test', NULL, '2026-01-01T00:00:00Z', 0, X'01000000', '');
INSERT INTO source_files (id, repo, relative_path, content_hash, extractor_version, grammar_version, last_indexed, deleted, last_pr_id_set, pr_miner_version) VALUES (436, 'bench-repo', 'pkg/mod435/file.go', 'h436', 'test', NULL, '2026-01-01T00:00:00Z', 0, X'01000000', '');
INSERT INTO source_files (id, repo, relative_path, content_hash, extractor_version, grammar_version, last_indexed, deleted, last_pr_id_set, pr_miner_version) VALUES (437, 'bench-repo', 'pkg/mod436/file.go', 'h437', 'test', NULL, '2026-01-01T00:00:00Z', 0, X'01000000', '');
INSERT INTO source_files (id, repo, relative_path, content_hash, extractor_version, grammar_version, last_indexed, deleted, last_pr_id_set, pr_miner_version) VALUES (438, 'bench-repo', 'pkg/mod437/file.go', 'h438', 'test', NULL, '2026-01-01T00:00:00Z', 0, X'01000000', '');
INSERT INTO source_files (id, repo, relative_path, content_hash, extractor_version, grammar_version, last_indexed, deleted, last_pr_id_set, pr_miner_version) VALUES (439, 'bench-repo', 'pkg/mod438/file.go', 'h439', 'test', NULL, '2026-01-01T00:00:00Z', 0, X'01000000', '');
INSERT INTO source_files (id, repo, relative_path, content_hash, extractor_version, grammar_version, last_indexed, deleted, last_pr_id_set, pr_miner_version) VALUES (440, 'bench-repo', 'pkg/mod439/file.go', 'h440', 'test', NULL, '2026-01-01T00:00:00Z', 0, X'01000000', '');
INSERT INTO source_files (id, repo, relative_path, content_hash, extractor_version, grammar_version, last_indexed, deleted, last_pr_id_set, pr_miner_version) VALUES (441, 'bench-repo', 'pkg/mod440/file.go', 'h441', 'test', NULL, '2026-01-01T00:00:00Z', 0, X'01000000', '');
INSERT INTO source_files (id, repo, relative_path, content_hash, extractor_version, grammar_version, last_indexed, deleted, last_pr_id_set, pr_miner_version) VALUES (442, 'bench-repo', 'pkg/mod441/file.go', 'h442', 'test', NULL, '2026-01-01T00:00:00Z', 0, X'01000000', '');
INSERT INTO source_files (id, repo, relative_path, content_hash, extractor_version, grammar_version, last_indexed, deleted, last_pr_id_set, pr_miner_version) VALUES (443, 'bench-repo', 'pkg/mod442/file.go', 'h443', 'test', NULL, '2026-01-01T00:00:00Z', 0, X'01000000', '');
INSERT INTO source_files (id, repo, relative_path, content_hash, extractor_version, grammar_version, last_indexed, deleted, last_pr_id_set, pr_miner_version) VALUES (444, 'bench-repo', 'pkg/mod443/file.go', 'h444', 'test', NULL, '2026-01-01T00:00:00Z', 0, X'01000000', '');
INSERT INTO source_files (id, repo, relative_path, content_hash, extractor_version, grammar_version, last_indexed, deleted, last_pr_id_set, pr_miner_version) VALUES (445, 'bench-repo', 'pkg/mod444/file.go', 'h445', 'test', NULL, '2026-01-01T00:00:00Z', 0, X'01000000', '');
INSERT INTO source_files (id, repo, relative_path, content_hash, extractor_version, grammar_version, last_indexed, deleted, last_pr_id_set, pr_miner_version) VALUES (446, 'bench-repo', 'pkg/mod445/file.go', 'h446', 'test', NULL, '2026-01-01T00:00:00Z', 0, X'01000000', '');
INSERT INTO source_files (id, repo, relative_path, content_hash, extractor_version, grammar_version, last_indexed, deleted, last_pr_id_set, pr_miner_version) VALUES (447, 'bench-repo', 'pkg/mod446/file.go', 'h447', 'test', NULL, '2026-01-01T00:00:00Z', 0, X'01000000', '');
INSERT INTO source_files (id, repo, relative_path, content_hash, extractor_version, grammar_version, last_indexed, deleted, last_pr_id_set, pr_miner_version) VALUES (448, 'bench-repo', 'pkg/mod447/file.go', 'h448', 'test', NULL, '2026-01-01T00:00:00Z', 0, X'01000000', '');
INSERT INTO source_files (id, repo, relative_path, content_hash, extractor_version, grammar_version, last_indexed, deleted, last_pr_id_set, pr_miner_version) VALUES (449, 'bench-repo', 'pkg/mod448/file.go', 'h449', 'test', NULL, '2026-01-01T00:00:00Z', 0, X'01000000', '');
INSERT INTO source_files (id, repo, relative_path, content_hash, extractor_version, grammar_version, last_indexed, deleted, last_pr_id_set, pr_miner_version) VALUES (450, 'bench-repo', 'pkg/mod449/file.go', 'h450', 'test', NULL, '2026-01-01T00:00:00Z', 0, X'01000000', '');
INSERT INTO source_files (id, repo, relative_path, content_hash, extractor_version, grammar_version, last_indexed, deleted, last_pr_id_set, pr_miner_version) VALUES (451, 'bench-repo', 'pkg/mod450/file.go', 'h451', 'test', NULL, '2026-01-01T00:00:00Z', 0, X'01000000', '');
INSERT INTO source_files (id, repo, relative_path, content_hash, extractor_version, grammar_version, last_indexed, deleted, last_pr_id_set, pr_miner_version) VALUES (452, 'bench-repo', 'pkg/mod451/file.go', 'h452', 'test', NULL, '2026-01-01T00:00:00Z', 0, X'01000000', '');
INSERT INTO source_files (id, repo, relative_path, content_hash, extractor_version, grammar_version, last_indexed, deleted, last_pr_id_set, pr_miner_version) VALUES (453, 'bench-repo', 'pkg/mod452/file.go', 'h453', 'test', NULL, '2026-01-01T00:00:00Z', 0, X'01000000', '');
INSERT INTO source_files (id, repo, relative_path, content_hash, extractor_version, grammar_version, last_indexed, deleted, last_pr_id_set, pr_miner_version) VALUES (454, 'bench-repo', 'pkg/mod453/file.go', 'h454', 'test', NULL, '2026-01-01T00:00:00Z', 0, X'01000000', '');
INSERT INTO source_files (id, repo, relative_path, content_hash, extractor_version, grammar_version, last_indexed, deleted, last_pr_id_set, pr_miner_version) VALUES (455, 'bench-repo', 'pkg/mod454/file.go', 'h455', 'test', NULL, '2026-01-01T00:00:00Z', 0, X'01000000', '');
INSERT INTO source_files (id, repo, relative_path, content_hash, extractor_version, grammar_version, last_indexed, deleted, last_pr_id_set, pr_miner_version) VALUES (456, 'bench-repo', 'pkg/mod455/file.go', 'h456', 'test', NULL, '2026-01-01T00:00:00Z', 0, X'01000000', '');
INSERT INTO source_files (id, repo, relative_path, content_hash, extractor_version, grammar_version, last_indexed, deleted, last_pr_id_set, pr_miner_version) VALUES (457, 'bench-repo', 'pkg/mod456/file.go', 'h457', 'test', NULL, '2026-01-01T00:00:00Z', 0, X'01000000', '');
INSERT INTO source_files (id, repo, relative_path, content_hash, extractor_version, grammar_version, last_indexed, deleted, last_pr_id_set, pr_miner_version) VALUES (458, 'bench-repo', 'pkg/mod457/file.go', 'h458', 'test', NULL, '2026-01-01T00:00:00Z', 0, X'01000000', '');
INSERT INTO source_files (id, repo, relative_path, content_hash, extractor_version, grammar_version, last_indexed, deleted, last_pr_id_set, pr_miner_version) VALUES (459, 'bench-repo', 'pkg/mod458/file.go', 'h459', 'test', NULL, '2026-01-01T00:00:00Z', 0, X'01000000', '');
INSERT INTO source_files (id, repo, relative_path, content_hash, extractor_version, grammar_version, last_indexed, deleted, last_pr_id_set, pr_miner_version) VALUES (460, 'bench-repo', 'pkg/mod459/file.go', 'h460', 'test', NULL, '2026-01-01T00:00:00Z', 0, X'01000000', '');
INSERT INTO source_files (id, repo, relative_path, content_hash, extractor_version, grammar_version, last_indexed, deleted, last_pr_id_set, pr_miner_version) VALUES (461, 'bench-repo', 'pkg/mod460/file.go', 'h461', 'test', NULL, '2026-01-01T00:00:00Z', 0, X'01000000', '');
INSERT INTO source_files (id, repo, relative_path, content_hash, extractor_version, grammar_version, last_indexed, deleted, last_pr_id_set, pr_miner_version) VALUES (462, 'bench-repo', 'pkg/mod461/file.go', 'h462', 'test', NULL, '2026-01-01T00:00:00Z', 0, X'01000000', '');
INSERT INTO source_files (id, repo, relative_path, content_hash, extractor_version, grammar_version, last_indexed, deleted, last_pr_id_set, pr_miner_version) VALUES (463, 'bench-repo', 'pkg/mod462/file.go', 'h463', 'test', NULL, '2026-01-01T00:00:00Z', 0, X'01000000', '');
INSERT INTO source_files (id, repo, relative_path, content_hash, extractor_version, grammar_version, last_indexed, deleted, last_pr_id_set, pr_miner_version) VALUES (464, 'bench-repo', 'pkg/mod463/file.go', 'h464', 'test', NULL, '2026-01-01T00:00:00Z', 0, X'01000000', '');
INSERT INTO source_files (id, repo, relative_path, content_hash, extractor_version, grammar_version, last_indexed, deleted, last_pr_id_set, pr_miner_version) VALUES (465, 'bench-repo', 'pkg/mod464/file.go', 'h465', 'test', NULL, '2026-01-01T00:00:00Z', 0, X'01000000', '');
INSERT INTO source_files (id, repo, relative_path, content_hash, extractor_version, grammar_version, last_indexed, deleted, last_pr_id_set, pr_miner_version) VALUES (466, 'bench-repo', 'pkg/mod465/file.go', 'h466', 'test', NULL, '2026-01-01T00:00:00Z', 0, X'01000000', '');
INSERT INTO source_files (id, repo, relative_path, content_hash, extractor_version, grammar_version, last_indexed, deleted, last_pr_id_set, pr_miner_version) VALUES (467, 'bench-repo', 'pkg/mod466/file.go', 'h467', 'test', NULL, '2026-01-01T00:00:00Z', 0, X'01000000', '');
INSERT INTO source_files (id, repo, relative_path, content_hash, extractor_version, grammar_version, last_indexed, deleted, last_pr_id_set, pr_miner_version) VALUES (468, 'bench-repo', 'pkg/mod467/file.go', 'h468', 'test', NULL, '2026-01-01T00:00:00Z', 0, X'01000000', '');
INSERT INTO source_files (id, repo, relative_path, content_hash, extractor_version, grammar_version, last_indexed, deleted, last_pr_id_set, pr_miner_version) VALUES (469, 'bench-repo', 'pkg/mod468/file.go', 'h469', 'test', NULL, '2026-01-01T00:00:00Z', 0, X'01000000', '');
INSERT INTO source_files (id, repo, relative_path, content_hash, extractor_version, grammar_version, last_indexed, deleted, last_pr_id_set, pr_miner_version) VALUES (470, 'bench-repo', 'pkg/mod469/file.go', 'h470', 'test', NULL, '2026-01-01T00:00:00Z', 0, X'01000000', '');
INSERT INTO source_files (id, repo, relative_path, content_hash, extractor_version, grammar_version, last_indexed, deleted, last_pr_id_set, pr_miner_version) VALUES (471, 'bench-repo', 'pkg/mod470/file.go', 'h471', 'test', NULL, '2026-01-01T00:00:00Z', 0, X'01000000', '');
INSERT INTO source_files (id, repo, relative_path, content_hash, extractor_version, grammar_version, last_indexed, deleted, last_pr_id_set, pr_miner_version) VALUES (472, 'bench-repo', 'pkg/mod471/file.go', 'h472', 'test', NULL, '2026-01-01T00:00:00Z', 0, X'01000000', '');
INSERT INTO source_files (id, repo, relative_path, content_hash, extractor_version, grammar_version, last_indexed, deleted, last_pr_id_set, pr_miner_version) VALUES (473, 'bench-repo', 'pkg/mod472/file.go', 'h473', 'test', NULL, '2026-01-01T00:00:00Z', 0, X'01000000', '');
INSERT INTO source_files (id, repo, relative_path, content_hash, extractor_version, grammar_version, last_indexed, deleted, last_pr_id_set, pr_miner_version) VALUES (474, 'bench-repo', 'pkg/mod473/file.go', 'h474', 'test', NULL, '2026-01-01T00:00:00Z', 0, X'01000000', '');
INSERT INTO source_files (id, repo, relative_path, content_hash, extractor_version, grammar_version, last_indexed, deleted, last_pr_id_set, pr_miner_version) VALUES (475, 'bench-repo', 'pkg/mod474/file.go', 'h475', 'test', NULL, '2026-01-01T00:00:00Z', 0, X'01000000', '');
INSERT INTO source_files (id, repo, relative_path, content_hash, extractor_version, grammar_version, last_indexed, deleted, last_pr_id_set, pr_miner_version) VALUES (476, 'bench-repo', 'pkg/mod475/file.go', 'h476', 'test', NULL, '2026-01-01T00:00:00Z', 0, X'01000000', '');
INSERT INTO source_files (id, repo, relative_path, content_hash, extractor_version, grammar_version, last_indexed, deleted, last_pr_id_set, pr_miner_version) VALUES (477, 'bench-repo', 'pkg/mod476/file.go', 'h477', 'test', NULL, '2026-01-01T00:00:00Z', 0, X'01000000', '');
INSERT INTO source_files (id, repo, relative_path, content_hash, extractor_version, grammar_version, last_indexed, deleted, last_pr_id_set, pr_miner_version) VALUES (478, 'bench-repo', 'pkg/mod477/file.go', 'h478', 'test', NULL, '2026-01-01T00:00:00Z', 0, X'01000000', '');
INSERT INTO source_files (id, repo, relative_path, content_hash, extractor_version, grammar_version, last_indexed, deleted, last_pr_id_set, pr_miner_version) VALUES (479, 'bench-repo', 'pkg/mod478/file.go', 'h479', 'test', NULL, '2026-01-01T00:00:00Z', 0, X'01000000', '');
INSERT INTO source_files (id, repo, relative_path, content_hash, extractor_version, grammar_version, last_indexed, deleted, last_pr_id_set, pr_miner_version) VALUES (480, 'bench-repo', 'pkg/mod479/file.go', 'h480', 'test', NULL, '2026-01-01T00:00:00Z', 0, X'01000000', '');
INSERT INTO source_files (id, repo, relative_path, content_hash, extractor_version, grammar_version, last_indexed, deleted, last_pr_id_set, pr_miner_version) VALUES (481, 'bench-repo', 'pkg/mod480/file.go', 'h481', 'test', NULL, '2026-01-01T00:00:00Z', 0, X'01000000', '');
INSERT INTO source_files (id, repo, relative_path, content_hash, extractor_version, grammar_version, last_indexed, deleted, last_pr_id_set, pr_miner_version) VALUES (482, 'bench-repo', 'pkg/mod481/file.go', 'h482', 'test', NULL, '2026-01-01T00:00:00Z', 0, X'01000000', '');
INSERT INTO source_files (id, repo, relative_path, content_hash, extractor_version, grammar_version, last_indexed, deleted, last_pr_id_set, pr_miner_version) VALUES (483, 'bench-repo', 'pkg/mod482/file.go', 'h483', 'test', NULL, '2026-01-01T00:00:00Z', 0, X'01000000', '');
INSERT INTO source_files (id, repo, relative_path, content_hash, extractor_version, grammar_version, last_indexed, deleted, last_pr_id_set, pr_miner_version) VALUES (484, 'bench-repo', 'pkg/mod483/file.go', 'h484', 'test', NULL, '2026-01-01T00:00:00Z', 0, X'01000000', '');
INSERT INTO source_files (id, repo, relative_path, content_hash, extractor_version, grammar_version, last_indexed, deleted, last_pr_id_set, pr_miner_version) VALUES (485, 'bench-repo', 'pkg/mod484/file.go', 'h485', 'test', NULL, '2026-01-01T00:00:00Z', 0, X'01000000', '');
INSERT INTO source_files (id, repo, relative_path, content_hash, extractor_version, grammar_version, last_indexed, deleted, last_pr_id_set, pr_miner_version) VALUES (486, 'bench-repo', 'pkg/mod485/file.go', 'h486', 'test', NULL, '2026-01-01T00:00:00Z', 0, X'01000000', '');
INSERT INTO source_files (id, repo, relative_path, content_hash, extractor_version, grammar_version, last_indexed, deleted, last_pr_id_set, pr_miner_version) VALUES (487, 'bench-repo', 'pkg/mod486/file.go', 'h487', 'test', NULL, '2026-01-01T00:00:00Z', 0, X'01000000', '');
INSERT INTO source_files (id, repo, relative_path, content_hash, extractor_version, grammar_version, last_indexed, deleted, last_pr_id_set, pr_miner_version) VALUES (488, 'bench-repo', 'pkg/mod487/file.go', 'h488', 'test', NULL, '2026-01-01T00:00:00Z', 0, X'01000000', '');
INSERT INTO source_files (id, repo, relative_path, content_hash, extractor_version, grammar_version, last_indexed, deleted, last_pr_id_set, pr_miner_version) VALUES (489, 'bench-repo', 'pkg/mod488/file.go', 'h489', 'test', NULL, '2026-01-01T00:00:00Z', 0, X'01000000', '');
INSERT INTO source_files (id, repo, relative_path, content_hash, extractor_version, grammar_version, last_indexed, deleted, last_pr_id_set, pr_miner_version) VALUES (490, 'bench-repo', 'pkg/mod489/file.go', 'h490', 'test', NULL, '2026-01-01T00:00:00Z', 0, X'01000000', '');
INSERT INTO source_files (id, repo, relative_path, content_hash, extractor_version, grammar_version, last_indexed, deleted, last_pr_id_set, pr_miner_version) VALUES (491, 'bench-repo', 'pkg/mod490/file.go', 'h491', 'test', NULL, '2026-01-01T00:00:00Z', 0, X'01000000', '');
INSERT INTO source_files (id, repo, relative_path, content_hash, extractor_version, grammar_version, last_indexed, deleted, last_pr_id_set, pr_miner_version) VALUES (492, 'bench-repo', 'pkg/mod491/file.go', 'h492', 'test', NULL, '2026-01-01T00:00:00Z', 0, X'01000000', '');
INSERT INTO source_files (id, repo, relative_path, content_hash, extractor_version, grammar_version, last_indexed, deleted, last_pr_id_set, pr_miner_version) VALUES (493, 'bench-repo', 'pkg/mod492/file.go', 'h493', 'test', NULL, '2026-01-01T00:00:00Z', 0, X'01000000', '');
INSERT INTO source_files (id, repo, relative_path, content_hash, extractor_version, grammar_version, last_indexed, deleted, last_pr_id_set, pr_miner_version) VALUES (494, 'bench-repo', 'pkg/mod493/file.go', 'h494', 'test', NULL, '2026-01-01T00:00:00Z', 0, X'01000000', '');
INSERT INTO source_files (id, repo, relative_path, content_hash, extractor_version, grammar_version, last_indexed, deleted, last_pr_id_set, pr_miner_version) VALUES (495, 'bench-repo', 'pkg/mod494/file.go', 'h495', 'test', NULL, '2026-01-01T00:00:00Z', 0, X'01000000', '');
INSERT INTO source_files (id, repo, relative_path, content_hash, extractor_version, grammar_version, last_indexed, deleted, last_pr_id_set, pr_miner_version) VALUES (496, 'bench-repo', 'pkg/mod495/file.go', 'h496', 'test', NULL, '2026-01-01T00:00:00Z', 0, X'01000000', '');
INSERT INTO source_files (id, repo, relative_path, content_hash, extractor_version, grammar_version, last_indexed, deleted, last_pr_id_set, pr_miner_version) VALUES (497, 'bench-repo', 'pkg/mod496/file.go', 'h497', 'test', NULL, '2026-01-01T00:00:00Z', 0, X'01000000', '');
INSERT INTO source_files (id, repo, relative_path, content_hash, extractor_version, grammar_version, last_indexed, deleted, last_pr_id_set, pr_miner_version) VALUES (498, 'bench-repo', 'pkg/mod497/file.go', 'h498', 'test', NULL, '2026-01-01T00:00:00Z', 0, X'01000000', '');
INSERT INTO source_files (id, repo, relative_path, content_hash, extractor_version, grammar_version, last_indexed, deleted, last_pr_id_set, pr_miner_version) VALUES (499, 'bench-repo', 'pkg/mod498/file.go', 'h499', 'test', NULL, '2026-01-01T00:00:00Z', 0, X'01000000', '');
INSERT INTO source_files (id, repo, relative_path, content_hash, extractor_version, grammar_version, last_indexed, deleted, last_pr_id_set, pr_miner_version) VALUES (500, 'bench-repo', 'pkg/mod499/file.go', 'h500', 'test', NULL, '2026-01-01T00:00:00Z', 0, X'01000000', '');
INSERT INTO source_files (id, repo, relative_path, content_hash, extractor_version, grammar_version, last_indexed, deleted, last_pr_id_set, pr_miner_version) VALUES (501, 'bench-repo', 'pkg/mod500/file.go', 'h501', 'test', NULL, '2026-01-01T00:00:00Z', 0, X'01000000', '');
INSERT INTO source_files (id, repo, relative_path, content_hash, extractor_version, grammar_version, last_indexed, deleted, last_pr_id_set, pr_miner_version) VALUES (502, 'bench-repo', 'pkg/mod501/file.go', 'h502', 'test', NULL, '2026-01-01T00:00:00Z', 0, X'01000000', '');
INSERT INTO source_files (id, repo, relative_path, content_hash, extractor_version, grammar_version, last_indexed, deleted, last_pr_id_set, pr_miner_version) VALUES (503, 'bench-repo', 'pkg/mod502/file.go', 'h503', 'test', NULL, '2026-01-01T00:00:00Z', 0, X'01000000', '');
INSERT INTO source_files (id, repo, relative_path, content_hash, extractor_version, grammar_version, last_indexed, deleted, last_pr_id_set, pr_miner_version) VALUES (504, 'bench-repo', 'pkg/mod503/file.go', 'h504', 'test', NULL, '2026-01-01T00:00:00Z', 0, X'01000000', '');
INSERT INTO source_files (id, repo, relative_path, content_hash, extractor_version, grammar_version, last_indexed, deleted, last_pr_id_set, pr_miner_version) VALUES (505, 'bench-repo', 'pkg/mod504/file.go', 'h505', 'test', NULL, '2026-01-01T00:00:00Z', 0, X'01000000', '');
INSERT INTO source_files (id, repo, relative_path, content_hash, extractor_version, grammar_version, last_indexed, deleted, last_pr_id_set, pr_miner_version) VALUES (506, 'bench-repo', 'pkg/mod505/file.go', 'h506', 'test', NULL, '2026-01-01T00:00:00Z', 0, X'01000000', '');
INSERT INTO source_files (id, repo, relative_path, content_hash, extractor_version, grammar_version, last_indexed, deleted, last_pr_id_set, pr_miner_version) VALUES (507, 'bench-repo', 'pkg/mod506/file.go', 'h507', 'test', NULL, '2026-01-01T00:00:00Z', 0, X'01000000', '');
INSERT INTO source_files (id, repo, relative_path, content_hash, extractor_version, grammar_version, last_indexed, deleted, last_pr_id_set, pr_miner_version) VALUES (508, 'bench-repo', 'pkg/mod507/file.go', 'h508', 'test', NULL, '2026-01-01T00:00:00Z', 0, X'01000000', '');
INSERT INTO source_files (id, repo, relative_path, content_hash, extractor_version, grammar_version, last_indexed, deleted, last_pr_id_set, pr_miner_version) VALUES (509, 'bench-repo', 'pkg/mod508/file.go', 'h509', 'test', NULL, '2026-01-01T00:00:00Z', 0, X'01000000', '');
INSERT INTO source_files (id, repo, relative_path, content_hash, extractor_version, grammar_version, last_indexed, deleted, last_pr_id_set, pr_miner_version) VALUES (510, 'bench-repo', 'pkg/mod509/file.go', 'h510', 'test', NULL, '2026-01-01T00:00:00Z', 0, X'01000000', '');
INSERT INTO source_files (id, repo, relative_path, content_hash, extractor_version, grammar_version, last_indexed, deleted, last_pr_id_set, pr_miner_version) VALUES (511, 'bench-repo', 'pkg/mod510/file.go', 'h511', 'test', NULL, '2026-01-01T00:00:00Z', 0, X'01000000', '');
INSERT INTO source_files (id, repo, relative_path, content_hash, extractor_version, grammar_version, last_indexed, deleted, last_pr_id_set, pr_miner_version) VALUES (512, 'bench-repo', 'pkg/mod511/file.go', 'h512', 'test', NULL, '2026-01-01T00:00:00Z', 0, X'01000000', '');
INSERT INTO source_files (id, repo, relative_path, content_hash, extractor_version, grammar_version, last_indexed, deleted, last_pr_id_set, pr_miner_version) VALUES (513, 'bench-repo', 'pkg/mod512/file.go', 'h513', 'test', NULL, '2026-01-01T00:00:00Z', 0, X'01000000', '');
INSERT INTO source_files (id, repo, relative_path, content_hash, extractor_version, grammar_version, last_indexed, deleted, last_pr_id_set, pr_miner_version) VALUES (514, 'bench-repo', 'pkg/mod513/file.go', 'h514', 'test', NULL, '2026-01-01T00:00:00Z', 0, X'01000000', '');
INSERT INTO source_files (id, repo, relative_path, content_hash, extractor_version, grammar_version, last_indexed, deleted, last_pr_id_set, pr_miner_version) VALUES (515, 'bench-repo', 'pkg/mod514/file.go', 'h515', 'test', NULL, '2026-01-01T00:00:00Z', 0, X'01000000', '');
INSERT INTO source_files (id, repo, relative_path, content_hash, extractor_version, grammar_version, last_indexed, deleted, last_pr_id_set, pr_miner_version) VALUES (516, 'bench-repo', 'pkg/mod515/file.go', 'h516', 'test', NULL, '2026-01-01T00:00:00Z', 0, X'01000000', '');
INSERT INTO source_files (id, repo, relative_path, content_hash, extractor_version, grammar_version, last_indexed, deleted, last_pr_id_set, pr_miner_version) VALUES (517, 'bench-repo', 'pkg/mod516/file.go', 'h517', 'test', NULL, '2026-01-01T00:00:00Z', 0, X'01000000', '');
INSERT INTO source_files (id, repo, relative_path, content_hash, extractor_version, grammar_version, last_indexed, deleted, last_pr_id_set, pr_miner_version) VALUES (518, 'bench-repo', 'pkg/mod517/file.go', 'h518', 'test', NULL, '2026-01-01T00:00:00Z', 0, X'01000000', '');
INSERT INTO source_files (id, repo, relative_path, content_hash, extractor_version, grammar_version, last_indexed, deleted, last_pr_id_set, pr_miner_version) VALUES (519, 'bench-repo', 'pkg/mod518/file.go', 'h519', 'test', NULL, '2026-01-01T00:00:00Z', 0, X'01000000', '');
INSERT INTO source_files (id, repo, relative_path, content_hash, extractor_version, grammar_version, last_indexed, deleted, last_pr_id_set, pr_miner_version) VALUES (520, 'bench-repo', 'pkg/mod519/file.go', 'h520', 'test', NULL, '2026-01-01T00:00:00Z', 0, X'01000000', '');
INSERT INTO source_files (id, repo, relative_path, content_hash, extractor_version, grammar_version, last_indexed, deleted, last_pr_id_set, pr_miner_version) VALUES (521, 'bench-repo', 'pkg/mod520/file.go', 'h521', 'test', NULL, '2026-01-01T00:00:00Z', 0, X'01000000', '');
INSERT INTO source_files (id, repo, relative_path, content_hash, extractor_version, grammar_version, last_indexed, deleted, last_pr_id_set, pr_miner_version) VALUES (522, 'bench-repo', 'pkg/mod521/file.go', 'h522', 'test', NULL, '2026-01-01T00:00:00Z', 0, X'01000000', '');
INSERT INTO source_files (id, repo, relative_path, content_hash, extractor_version, grammar_version, last_indexed, deleted, last_pr_id_set, pr_miner_version) VALUES (523, 'bench-repo', 'pkg/mod522/file.go', 'h523', 'test', NULL, '2026-01-01T00:00:00Z', 0, X'01000000', '');
INSERT INTO source_files (id, repo, relative_path, content_hash, extractor_version, grammar_version, last_indexed, deleted, last_pr_id_set, pr_miner_version) VALUES (524, 'bench-repo', 'pkg/mod523/file.go', 'h524', 'test', NULL, '2026-01-01T00:00:00Z', 0, X'01000000', '');
INSERT INTO source_files (id, repo, relative_path, content_hash, extractor_version, grammar_version, last_indexed, deleted, last_pr_id_set, pr_miner_version) VALUES (525, 'bench-repo', 'pkg/mod524/file.go', 'h525', 'test', NULL, '2026-01-01T00:00:00Z', 0, X'01000000', '');
INSERT INTO source_files (id, repo, relative_path, content_hash, extractor_version, grammar_version, last_indexed, deleted, last_pr_id_set, pr_miner_version) VALUES (526, 'bench-repo', 'pkg/mod525/file.go', 'h526', 'test', NULL, '2026-01-01T00:00:00Z', 0, X'01000000', '');
INSERT INTO source_files (id, repo, relative_path, content_hash, extractor_version, grammar_version, last_indexed, deleted, last_pr_id_set, pr_miner_version) VALUES (527, 'bench-repo', 'pkg/mod526/file.go', 'h527', 'test', NULL, '2026-01-01T00:00:00Z', 0, X'01000000', '');
INSERT INTO source_files (id, repo, relative_path, content_hash, extractor_version, grammar_version, last_indexed, deleted, last_pr_id_set, pr_miner_version) VALUES (528, 'bench-repo', 'pkg/mod527/file.go', 'h528', 'test', NULL, '2026-01-01T00:00:00Z', 0, X'01000000', '');
INSERT INTO source_files (id, repo, relative_path, content_hash, extractor_version, grammar_version, last_indexed, deleted, last_pr_id_set, pr_miner_version) VALUES (529, 'bench-repo', 'pkg/mod528/file.go', 'h529', 'test', NULL, '2026-01-01T00:00:00Z', 0, X'01000000', '');
INSERT INTO source_files (id, repo, relative_path, content_hash, extractor_version, grammar_version, last_indexed, deleted, last_pr_id_set, pr_miner_version) VALUES (530, 'bench-repo', 'pkg/mod529/file.go', 'h530', 'test', NULL, '2026-01-01T00:00:00Z', 0, X'01000000', '');
INSERT INTO source_files (id, repo, relative_path, content_hash, extractor_version, grammar_version, last_indexed, deleted, last_pr_id_set, pr_miner_version) VALUES (531, 'bench-repo', 'pkg/mod530/file.go', 'h531', 'test', NULL, '2026-01-01T00:00:00Z', 0, X'01000000', '');
INSERT INTO source_files (id, repo, relative_path, content_hash, extractor_version, grammar_version, last_indexed, deleted, last_pr_id_set, pr_miner_version) VALUES (532, 'bench-repo', 'pkg/mod531/file.go', 'h532', 'test', NULL, '2026-01-01T00:00:00Z', 0, X'01000000', '');
INSERT INTO source_files (id, repo, relative_path, content_hash, extractor_version, grammar_version, last_indexed, deleted, last_pr_id_set, pr_miner_version) VALUES (533, 'bench-repo', 'pkg/mod532/file.go', 'h533', 'test', NULL, '2026-01-01T00:00:00Z', 0, X'01000000', '');
INSERT INTO source_files (id, repo, relative_path, content_hash, extractor_version, grammar_version, last_indexed, deleted, last_pr_id_set, pr_miner_version) VALUES (534, 'bench-repo', 'pkg/mod533/file.go', 'h534', 'test', NULL, '2026-01-01T00:00:00Z', 0, X'01000000', '');
INSERT INTO source_files (id, repo, relative_path, content_hash, extractor_version, grammar_version, last_indexed, deleted, last_pr_id_set, pr_miner_version) VALUES (535, 'bench-repo', 'pkg/mod534/file.go', 'h535', 'test', NULL, '2026-01-01T00:00:00Z', 0, X'01000000', '');
INSERT INTO source_files (id, repo, relative_path, content_hash, extractor_version, grammar_version, last_indexed, deleted, last_pr_id_set, pr_miner_version) VALUES (536, 'bench-repo', 'pkg/mod535/file.go', 'h536', 'test', NULL, '2026-01-01T00:00:00Z', 0, X'01000000', '');
INSERT INTO source_files (id, repo, relative_path, content_hash, extractor_version, grammar_version, last_indexed, deleted, last_pr_id_set, pr_miner_version) VALUES (537, 'bench-repo', 'pkg/mod536/file.go', 'h537', 'test', NULL, '2026-01-01T00:00:00Z', 0, X'01000000', '');
INSERT INTO source_files (id, repo, relative_path, content_hash, extractor_version, grammar_version, last_indexed, deleted, last_pr_id_set, pr_miner_version) VALUES (538, 'bench-repo', 'pkg/mod537/file.go', 'h538', 'test', NULL, '2026-01-01T00:00:00Z', 0, X'01000000', '');
INSERT INTO source_files (id, repo, relative_path, content_hash, extractor_version, grammar_version, last_indexed, deleted, last_pr_id_set, pr_miner_version) VALUES (539, 'bench-repo', 'pkg/mod538/file.go', 'h539', 'test', NULL, '2026-01-01T00:00:00Z', 0, X'01000000', '');
INSERT INTO source_files (id, repo, relative_path, content_hash, extractor_version, grammar_version, last_indexed, deleted, last_pr_id_set, pr_miner_version) VALUES (540, 'bench-repo', 'pkg/mod539/file.go', 'h540', 'test', NULL, '2026-01-01T00:00:00Z', 0, X'01000000', '');
INSERT INTO source_files (id, repo, relative_path, content_hash, extractor_version, grammar_version, last_indexed, deleted, last_pr_id_set, pr_miner_version) VALUES (541, 'bench-repo', 'pkg/mod540/file.go', 'h541', 'test', NULL, '2026-01-01T00:00:00Z', 0, X'01000000', '');
INSERT INTO source_files (id, repo, relative_path, content_hash, extractor_version, grammar_version, last_indexed, deleted, last_pr_id_set, pr_miner_version) VALUES (542, 'bench-repo', 'pkg/mod541/file.go', 'h542', 'test', NULL, '2026-01-01T00:00:00Z', 0, X'01000000', '');
INSERT INTO source_files (id, repo, relative_path, content_hash, extractor_version, grammar_version, last_indexed, deleted, last_pr_id_set, pr_miner_version) VALUES (543, 'bench-repo', 'pkg/mod542/file.go', 'h543', 'test', NULL, '2026-01-01T00:00:00Z', 0, X'01000000', '');
INSERT INTO source_files (id, repo, relative_path, content_hash, extractor_version, grammar_version, last_indexed, deleted, last_pr_id_set, pr_miner_version) VALUES (544, 'bench-repo', 'pkg/mod543/file.go', 'h544', 'test', NULL, '2026-01-01T00:00:00Z', 0, X'01000000', '');
INSERT INTO source_files (id, repo, relative_path, content_hash, extractor_version, grammar_version, last_indexed, deleted, last_pr_id_set, pr_miner_version) VALUES (545, 'bench-repo', 'pkg/mod544/file.go', 'h545', 'test', NULL, '2026-01-01T00:00:00Z', 0, X'01000000', '');
INSERT INTO source_files (id, repo, relative_path, content_hash, extractor_version, grammar_version, last_indexed, deleted, last_pr_id_set, pr_miner_version) VALUES (546, 'bench-repo', 'pkg/mod545/file.go', 'h546', 'test', NULL, '2026-01-01T00:00:00Z', 0, X'01000000', '');
INSERT INTO source_files (id, repo, relative_path, content_hash, extractor_version, grammar_version, last_indexed, deleted, last_pr_id_set, pr_miner_version) VALUES (547, 'bench-repo', 'pkg/mod546/file.go', 'h547', 'test', NULL, '2026-01-01T00:00:00Z', 0, X'01000000', '');
INSERT INTO source_files (id, repo, relative_path, content_hash, extractor_version, grammar_version, last_indexed, deleted, last_pr_id_set, pr_miner_version) VALUES (548, 'bench-repo', 'pkg/mod547/file.go', 'h548', 'test', NULL, '2026-01-01T00:00:00Z', 0, X'01000000', '');
INSERT INTO source_files (id, repo, relative_path, content_hash, extractor_version, grammar_version, last_indexed, deleted, last_pr_id_set, pr_miner_version) VALUES (549, 'bench-repo', 'pkg/mod548/file.go', 'h549', 'test', NULL, '2026-01-01T00:00:00Z', 0, X'01000000', '');
INSERT INTO source_files (id, repo, relative_path, content_hash, extractor_version, grammar_version, last_indexed, deleted, last_pr_id_set, pr_miner_version) VALUES (550, 'bench-repo', 'pkg/mod549/file.go', 'h550', 'test', NULL, '2026-01-01T00:00:00Z', 0, X'01000000', '');
INSERT INTO source_files (id, repo, relative_path, content_hash, extractor_version, grammar_version, last_indexed, deleted, last_pr_id_set, pr_miner_version) VALUES (551, 'bench-repo', 'pkg/mod550/file.go', 'h551', 'test', NULL, '2026-01-01T00:00:00Z', 0, X'01000000', '');
INSERT INTO source_files (id, repo, relative_path, content_hash, extractor_version, grammar_version, last_indexed, deleted, last_pr_id_set, pr_miner_version) VALUES (552, 'bench-repo', 'pkg/mod551/file.go', 'h552', 'test', NULL, '2026-01-01T00:00:00Z', 0, X'01000000', '');
INSERT INTO source_files (id, repo, relative_path, content_hash, extractor_version, grammar_version, last_indexed, deleted, last_pr_id_set, pr_miner_version) VALUES (553, 'bench-repo', 'pkg/mod552/file.go', 'h553', 'test', NULL, '2026-01-01T00:00:00Z', 0, X'01000000', '');
INSERT INTO source_files (id, repo, relative_path, content_hash, extractor_version, grammar_version, last_indexed, deleted, last_pr_id_set, pr_miner_version) VALUES (554, 'bench-repo', 'pkg/mod553/file.go', 'h554', 'test', NULL, '2026-01-01T00:00:00Z', 0, X'01000000', '');
INSERT INTO source_files (id, repo, relative_path, content_hash, extractor_version, grammar_version, last_indexed, deleted, last_pr_id_set, pr_miner_version) VALUES (555, 'bench-repo', 'pkg/mod554/file.go', 'h555', 'test', NULL, '2026-01-01T00:00:00Z', 0, X'01000000', '');
INSERT INTO source_files (id, repo, relative_path, content_hash, extractor_version, grammar_version, last_indexed, deleted, last_pr_id_set, pr_miner_version) VALUES (556, 'bench-repo', 'pkg/mod555/file.go', 'h556', 'test', NULL, '2026-01-01T00:00:00Z', 0, X'01000000', '');
INSERT INTO source_files (id, repo, relative_path, content_hash, extractor_version, grammar_version, last_indexed, deleted, last_pr_id_set, pr_miner_version) VALUES (557, 'bench-repo', 'pkg/mod556/file.go', 'h557', 'test', NULL, '2026-01-01T00:00:00Z', 0, X'01000000', '');
INSERT INTO source_files (id, repo, relative_path, content_hash, extractor_version, grammar_version, last_indexed, deleted, last_pr_id_set, pr_miner_version) VALUES (558, 'bench-repo', 'pkg/mod557/file.go', 'h558', 'test', NULL, '2026-01-01T00:00:00Z', 0, X'01000000', '');
INSERT INTO source_files (id, repo, relative_path, content_hash, extractor_version, grammar_version, last_indexed, deleted, last_pr_id_set, pr_miner_version) VALUES (559, 'bench-repo', 'pkg/mod558/file.go', 'h559', 'test', NULL, '2026-01-01T00:00:00Z', 0, X'01000000', '');
INSERT INTO source_files (id, repo, relative_path, content_hash, extractor_version, grammar_version, last_indexed, deleted, last_pr_id_set, pr_miner_version) VALUES (560, 'bench-repo', 'pkg/mod559/file.go', 'h560', 'test', NULL, '2026-01-01T00:00:00Z', 0, X'01000000', '');
INSERT INTO source_files (id, repo, relative_path, content_hash, extractor_version, grammar_version, last_indexed, deleted, last_pr_id_set, pr_miner_version) VALUES (561, 'bench-repo', 'pkg/mod560/file.go', 'h561', 'test', NULL, '2026-01-01T00:00:00Z', 0, X'01000000', '');
INSERT INTO source_files (id, repo, relative_path, content_hash, extractor_version, grammar_version, last_indexed, deleted, last_pr_id_set, pr_miner_version) VALUES (562, 'bench-repo', 'pkg/mod561/file.go', 'h562', 'test', NULL, '2026-01-01T00:00:00Z', 0, X'01000000', '');
INSERT INTO source_files (id, repo, relative_path, content_hash, extractor_version, grammar_version, last_indexed, deleted, last_pr_id_set, pr_miner_version) VALUES (563, 'bench-repo', 'pkg/mod562/file.go', 'h563', 'test', NULL, '2026-01-01T00:00:00Z', 0, X'01000000', '');
INSERT INTO source_files (id, repo, relative_path, content_hash, extractor_version, grammar_version, last_indexed, deleted, last_pr_id_set, pr_miner_version) VALUES (564, 'bench-repo', 'pkg/mod563/file.go', 'h564', 'test', NULL, '2026-01-01T00:00:00Z', 0, X'01000000', '');
INSERT INTO source_files (id, repo, relative_path, content_hash, extractor_version, grammar_version, last_indexed, deleted, last_pr_id_set, pr_miner_version) VALUES (565, 'bench-repo', 'pkg/mod564/file.go', 'h565', 'test', NULL, '2026-01-01T00:00:00Z', 0, X'01000000', '');
INSERT INTO source_files (id, repo, relative_path, content_hash, extractor_version, grammar_version, last_indexed, deleted, last_pr_id_set, pr_miner_version) VALUES (566, 'bench-repo', 'pkg/mod565/file.go', 'h566', 'test', NULL, '2026-01-01T00:00:00Z', 0, X'01000000', '');
INSERT INTO source_files (id, repo, relative_path, content_hash, extractor_version, grammar_version, last_indexed, deleted, last_pr_id_set, pr_miner_version) VALUES (567, 'bench-repo', 'pkg/mod566/file.go', 'h567', 'test', NULL, '2026-01-01T00:00:00Z', 0, X'01000000', '');
INSERT INTO source_files (id, repo, relative_path, content_hash, extractor_version, grammar_version, last_indexed, deleted, last_pr_id_set, pr_miner_version) VALUES (568, 'bench-repo', 'pkg/mod567/file.go', 'h568', 'test', NULL, '2026-01-01T00:00:00Z', 0, X'01000000', '');
INSERT INTO source_files (id, repo, relative_path, content_hash, extractor_version, grammar_version, last_indexed, deleted, last_pr_id_set, pr_miner_version) VALUES (569, 'bench-repo', 'pkg/mod568/file.go', 'h569', 'test', NULL, '2026-01-01T00:00:00Z', 0, X'01000000', '');
INSERT INTO source_files (id, repo, relative_path, content_hash, extractor_version, grammar_version, last_indexed, deleted, last_pr_id_set, pr_miner_version) VALUES (570, 'bench-repo', 'pkg/mod569/file.go', 'h570', 'test', NULL, '2026-01-01T00:00:00Z', 0, X'01000000', '');
INSERT INTO source_files (id, repo, relative_path, content_hash, extractor_version, grammar_version, last_indexed, deleted, last_pr_id_set, pr_miner_version) VALUES (571, 'bench-repo', 'pkg/mod570/file.go', 'h571', 'test', NULL, '2026-01-01T00:00:00Z', 0, X'01000000', '');
INSERT INTO source_files (id, repo, relative_path, content_hash, extractor_version, grammar_version, last_indexed, deleted, last_pr_id_set, pr_miner_version) VALUES (572, 'bench-repo', 'pkg/mod571/file.go', 'h572', 'test', NULL, '2026-01-01T00:00:00Z', 0, X'01000000', '');
INSERT INTO source_files (id, repo, relative_path, content_hash, extractor_version, grammar_version, last_indexed, deleted, last_pr_id_set, pr_miner_version) VALUES (573, 'bench-repo', 'pkg/mod572/file.go', 'h573', 'test', NULL, '2026-01-01T00:00:00Z', 0, X'01000000', '');
INSERT INTO source_files (id, repo, relative_path, content_hash, extractor_version, grammar_version, last_indexed, deleted, last_pr_id_set, pr_miner_version) VALUES (574, 'bench-repo', 'pkg/mod573/file.go', 'h574', 'test', NULL, '2026-01-01T00:00:00Z', 0, X'01000000', '');
INSERT INTO source_files (id, repo, relative_path, content_hash, extractor_version, grammar_version, last_indexed, deleted, last_pr_id_set, pr_miner_version) VALUES (575, 'bench-repo', 'pkg/mod574/file.go', 'h575', 'test', NULL, '2026-01-01T00:00:00Z', 0, X'01000000', '');
INSERT INTO source_files (id, repo, relative_path, content_hash, extractor_version, grammar_version, last_indexed, deleted, last_pr_id_set, pr_miner_version) VALUES (576, 'bench-repo', 'pkg/mod575/file.go', 'h576', 'test', NULL, '2026-01-01T00:00:00Z', 0, X'01000000', '');
INSERT INTO source_files (id, repo, relative_path, content_hash, extractor_version, grammar_version, last_indexed, deleted, last_pr_id_set, pr_miner_version) VALUES (577, 'bench-repo', 'pkg/mod576/file.go', 'h577', 'test', NULL, '2026-01-01T00:00:00Z', 0, X'01000000', '');
INSERT INTO source_files (id, repo, relative_path, content_hash, extractor_version, grammar_version, last_indexed, deleted, last_pr_id_set, pr_miner_version) VALUES (578, 'bench-repo', 'pkg/mod577/file.go', 'h578', 'test', NULL, '2026-01-01T00:00:00Z', 0, X'01000000', '');
INSERT INTO source_files (id, repo, relative_path, content_hash, extractor_version, grammar_version, last_indexed, deleted, last_pr_id_set, pr_miner_version) VALUES (579, 'bench-repo', 'pkg/mod578/file.go', 'h579', 'test', NULL, '2026-01-01T00:00:00Z', 0, X'01000000', '');
INSERT INTO source_files (id, repo, relative_path, content_hash, extractor_version, grammar_version, last_indexed, deleted, last_pr_id_set, pr_miner_version) VALUES (580, 'bench-repo', 'pkg/mod579/file.go', 'h580', 'test', NULL, '2026-01-01T00:00:00Z', 0, X'01000000', '');
INSERT INTO source_files (id, repo, relative_path, content_hash, extractor_version, grammar_version, last_indexed, deleted, last_pr_id_set, pr_miner_version) VALUES (581, 'bench-repo', 'pkg/mod580/file.go', 'h581', 'test', NULL, '2026-01-01T00:00:00Z', 0, X'01000000', '');
INSERT INTO source_files (id, repo, relative_path, content_hash, extractor_version, grammar_version, last_indexed, deleted, last_pr_id_set, pr_miner_version) VALUES (582, 'bench-repo', 'pkg/mod581/file.go', 'h582', 'test', NULL, '2026-01-01T00:00:00Z', 0, X'01000000', '');
INSERT INTO source_files (id, repo, relative_path, content_hash, extractor_version, grammar_version, last_indexed, deleted, last_pr_id_set, pr_miner_version) VALUES (583, 'bench-repo', 'pkg/mod582/file.go', 'h583', 'test', NULL, '2026-01-01T00:00:00Z', 0, X'01000000', '');
INSERT INTO source_files (id, repo, relative_path, content_hash, extractor_version, grammar_version, last_indexed, deleted, last_pr_id_set, pr_miner_version) VALUES (584, 'bench-repo', 'pkg/mod583/file.go', 'h584', 'test', NULL, '2026-01-01T00:00:00Z', 0, X'01000000', '');
INSERT INTO source_files (id, repo, relative_path, content_hash, extractor_version, grammar_version, last_indexed, deleted, last_pr_id_set, pr_miner_version) VALUES (585, 'bench-repo', 'pkg/mod584/file.go', 'h585', 'test', NULL, '2026-01-01T00:00:00Z', 0, X'01000000', '');
INSERT INTO source_files (id, repo, relative_path, content_hash, extractor_version, grammar_version, last_indexed, deleted, last_pr_id_set, pr_miner_version) VALUES (586, 'bench-repo', 'pkg/mod585/file.go', 'h586', 'test', NULL, '2026-01-01T00:00:00Z', 0, X'01000000', '');
INSERT INTO source_files (id, repo, relative_path, content_hash, extractor_version, grammar_version, last_indexed, deleted, last_pr_id_set, pr_miner_version) VALUES (587, 'bench-repo', 'pkg/mod586/file.go', 'h587', 'test', NULL, '2026-01-01T00:00:00Z', 0, X'01000000', '');
INSERT INTO source_files (id, repo, relative_path, content_hash, extractor_version, grammar_version, last_indexed, deleted, last_pr_id_set, pr_miner_version) VALUES (588, 'bench-repo', 'pkg/mod587/file.go', 'h588', 'test', NULL, '2026-01-01T00:00:00Z', 0, X'01000000', '');
INSERT INTO source_files (id, repo, relative_path, content_hash, extractor_version, grammar_version, last_indexed, deleted, last_pr_id_set, pr_miner_version) VALUES (589, 'bench-repo', 'pkg/mod588/file.go', 'h589', 'test', NULL, '2026-01-01T00:00:00Z', 0, X'01000000', '');
INSERT INTO source_files (id, repo, relative_path, content_hash, extractor_version, grammar_version, last_indexed, deleted, last_pr_id_set, pr_miner_version) VALUES (590, 'bench-repo', 'pkg/mod589/file.go', 'h590', 'test', NULL, '2026-01-01T00:00:00Z', 0, X'01000000', '');
INSERT INTO source_files (id, repo, relative_path, content_hash, extractor_version, grammar_version, last_indexed, deleted, last_pr_id_set, pr_miner_version) VALUES (591, 'bench-repo', 'pkg/mod590/file.go', 'h591', 'test', NULL, '2026-01-01T00:00:00Z', 0, X'01000000', '');
INSERT INTO source_files (id, repo, relative_path, content_hash, extractor_version, grammar_version, last_indexed, deleted, last_pr_id_set, pr_miner_version) VALUES (592, 'bench-repo', 'pkg/mod591/file.go', 'h592', 'test', NULL, '2026-01-01T00:00:00Z', 0, X'01000000', '');
INSERT INTO source_files (id, repo, relative_path, content_hash, extractor_version, grammar_version, last_indexed, deleted, last_pr_id_set, pr_miner_version) VALUES (593, 'bench-repo', 'pkg/mod592/file.go', 'h593', 'test', NULL, '2026-01-01T00:00:00Z', 0, X'01000000', '');
INSERT INTO source_files (id, repo, relative_path, content_hash, extractor_version, grammar_version, last_indexed, deleted, last_pr_id_set, pr_miner_version) VALUES (594, 'bench-repo', 'pkg/mod593/file.go', 'h594', 'test', NULL, '2026-01-01T00:00:00Z', 0, X'01000000', '');
INSERT INTO source_files (id, repo, relative_path, content_hash, extractor_version, grammar_version, last_indexed, deleted, last_pr_id_set, pr_miner_version) VALUES (595, 'bench-repo', 'pkg/mod594/file.go', 'h595', 'test', NULL, '2026-01-01T00:00:00Z', 0, X'01000000', '');
INSERT INTO source_files (id, repo, relative_path, content_hash, extractor_version, grammar_version, last_indexed, deleted, last_pr_id_set, pr_miner_version) VALUES (596, 'bench-repo', 'pkg/mod595/file.go', 'h596', 'test', NULL, '2026-01-01T00:00:00Z', 0, X'01000000', '');
INSERT INTO source_files (id, repo, relative_path, content_hash, extractor_version, grammar_version, last_indexed, deleted, last_pr_id_set, pr_miner_version) VALUES (597, 'bench-repo', 'pkg/mod596/file.go', 'h597', 'test', NULL, '2026-01-01T00:00:00Z', 0, X'01000000', '');
INSERT INTO source_files (id, repo, relative_path, content_hash, extractor_version, grammar_version, last_indexed, deleted, last_pr_id_set, pr_miner_version) VALUES (598, 'bench-repo', 'pkg/mod597/file.go', 'h598', 'test', NULL, '2026-01-01T00:00:00Z', 0, X'01000000', '');
INSERT INTO source_files (id, repo, relative_path, content_hash, extractor_version, grammar_version, last_indexed, deleted, last_pr_id_set, pr_miner_version) VALUES (599, 'bench-repo', 'pkg/mod598/file.go', 'h599', 'test', NULL, '2026-01-01T00:00:00Z', 0, X'01000000', '');
INSERT INTO source_files (id, repo, relative_path, content_hash, extractor_version, grammar_version, last_indexed, deleted, last_pr_id_set, pr_miner_version) VALUES (600, 'bench-repo', 'pkg/mod599/file.go', 'h600', 'test', NULL, '2026-01-01T00:00:00Z', 0, X'01000000', '');
INSERT INTO source_files (id, repo, relative_path, content_hash, extractor_version, grammar_version, last_indexed, deleted, last_pr_id_set, pr_miner_version) VALUES (601, 'bench-repo', 'pkg/mod600/file.go', 'h601', 'test', NULL, '2026-01-01T00:00:00Z', 0, X'01000000', '');
INSERT INTO source_files (id, repo, relative_path, content_hash, extractor_version, grammar_version, last_indexed, deleted, last_pr_id_set, pr_miner_version) VALUES (602, 'bench-repo', 'pkg/mod601/file.go', 'h602', 'test', NULL, '2026-01-01T00:00:00Z', 0, X'01000000', '');
INSERT INTO source_files (id, repo, relative_path, content_hash, extractor_version, grammar_version, last_indexed, deleted, last_pr_id_set, pr_miner_version) VALUES (603, 'bench-repo', 'pkg/mod602/file.go', 'h603', 'test', NULL, '2026-01-01T00:00:00Z', 0, X'01000000', '');
INSERT INTO source_files (id, repo, relative_path, content_hash, extractor_version, grammar_version, last_indexed, deleted, last_pr_id_set, pr_miner_version) VALUES (604, 'bench-repo', 'pkg/mod603/file.go', 'h604', 'test', NULL, '2026-01-01T00:00:00Z', 0, X'01000000', '');
INSERT INTO source_files (id, repo, relative_path, content_hash, extractor_version, grammar_version, last_indexed, deleted, last_pr_id_set, pr_miner_version) VALUES (605, 'bench-repo', 'pkg/mod604/file.go', 'h605', 'test', NULL, '2026-01-01T00:00:00Z', 0, X'01000000', '');
INSERT INTO source_files (id, repo, relative_path, content_hash, extractor_version, grammar_version, last_indexed, deleted, last_pr_id_set, pr_miner_version) VALUES (606, 'bench-repo', 'pkg/mod605/file.go', 'h606', 'test', NULL, '2026-01-01T00:00:00Z', 0, X'01000000', '');
INSERT INTO source_files (id, repo, relative_path, content_hash, extractor_version, grammar_version, last_indexed, deleted, last_pr_id_set, pr_miner_version) VALUES (607, 'bench-repo', 'pkg/mod606/file.go', 'h607', 'test', NULL, '2026-01-01T00:00:00Z', 0, X'01000000', '');
INSERT INTO source_files (id, repo, relative_path, content_hash, extractor_version, grammar_version, last_indexed, deleted, last_pr_id_set, pr_miner_version) VALUES (608, 'bench-repo', 'pkg/mod607/file.go', 'h608', 'test', NULL, '2026-01-01T00:00:00Z', 0, X'01000000', '');
INSERT INTO source_files (id, repo, relative_path, content_hash, extractor_version, grammar_version, last_indexed, deleted, last_pr_id_set, pr_miner_version) VALUES (609, 'bench-repo', 'pkg/mod608/file.go', 'h609', 'test', NULL, '2026-01-01T00:00:00Z', 0, X'01000000', '');
INSERT INTO source_files (id, repo, relative_path, content_hash, extractor_version, grammar_version, last_indexed, deleted, last_pr_id_set, pr_miner_version) VALUES (610, 'bench-repo', 'pkg/mod609/file.go', 'h610', 'test', NULL, '2026-01-01T00:00:00Z', 0, X'01000000', '');
INSERT INTO source_files (id, repo, relative_path, content_hash, extractor_version, grammar_version, last_indexed, deleted, last_pr_id_set, pr_miner_version) VALUES (611, 'bench-repo', 'pkg/mod610/file.go', 'h611', 'test', NULL, '2026-01-01T00:00:00Z', 0, X'01000000', '');
INSERT INTO source_files (id, repo, relative_path, content_hash, extractor_version, grammar_version, last_indexed, deleted, last_pr_id_set, pr_miner_version) VALUES (612, 'bench-repo', 'pkg/mod611/file.go', 'h612', 'test', NULL, '2026-01-01T00:00:00Z', 0, X'01000000', '');
INSERT INTO source_files (id, repo, relative_path, content_hash, extractor_version, grammar_version, last_indexed, deleted, last_pr_id_set, pr_miner_version) VALUES (613, 'bench-repo', 'pkg/mod612/file.go', 'h613', 'test', NULL, '2026-01-01T00:00:00Z', 0, X'01000000', '');
INSERT INTO source_files (id, repo, relative_path, content_hash, extractor_version, grammar_version, last_indexed, deleted, last_pr_id_set, pr_miner_version) VALUES (614, 'bench-repo', 'pkg/mod613/file.go', 'h614', 'test', NULL, '2026-01-01T00:00:00Z', 0, X'01000000', '');
INSERT INTO source_files (id, repo, relative_path, content_hash, extractor_version, grammar_version, last_indexed, deleted, last_pr_id_set, pr_miner_version) VALUES (615, 'bench-repo', 'pkg/mod614/file.go', 'h615', 'test', NULL, '2026-01-01T00:00:00Z', 0, X'01000000', '');
INSERT INTO source_files (id, repo, relative_path, content_hash, extractor_version, grammar_version, last_indexed, deleted, last_pr_id_set, pr_miner_version) VALUES (616, 'bench-repo', 'pkg/mod615/file.go', 'h616', 'test', NULL, '2026-01-01T00:00:00Z', 0, X'01000000', '');
INSERT INTO source_files (id, repo, relative_path, content_hash, extractor_version, grammar_version, last_indexed, deleted, last_pr_id_set, pr_miner_version) VALUES (617, 'bench-repo', 'pkg/mod616/file.go', 'h617', 'test', NULL, '2026-01-01T00:00:00Z', 0, X'01000000', '');
INSERT INTO source_files (id, repo, relative_path, content_hash, extractor_version, grammar_version, last_indexed, deleted, last_pr_id_set, pr_miner_version) VALUES (618, 'bench-repo', 'pkg/mod617/file.go', 'h618', 'test', NULL, '2026-01-01T00:00:00Z', 0, X'01000000', '');
INSERT INTO source_files (id, repo, relative_path, content_hash, extractor_version, grammar_version, last_indexed, deleted, last_pr_id_set, pr_miner_version) VALUES (619, 'bench-repo', 'pkg/mod618/file.go', 'h619', 'test', NULL, '2026-01-01T00:00:00Z', 0, X'01000000', '');
INSERT INTO source_files (id, repo, relative_path, content_hash, extractor_version, grammar_version, last_indexed, deleted, last_pr_id_set, pr_miner_version) VALUES (620, 'bench-repo', 'pkg/mod619/file.go', 'h620', 'test', NULL, '2026-01-01T00:00:00Z', 0, X'01000000', '');
INSERT INTO source_files (id, repo, relative_path, content_hash, extractor_version, grammar_version, last_indexed, deleted, last_pr_id_set, pr_miner_version) VALUES (621, 'bench-repo', 'pkg/mod620/file.go', 'h621', 'test', NULL, '2026-01-01T00:00:00Z', 0, X'01000000', '');
INSERT INTO source_files (id, repo, relative_path, content_hash, extractor_version, grammar_version, last_indexed, deleted, last_pr_id_set, pr_miner_version) VALUES (622, 'bench-repo', 'pkg/mod621/file.go', 'h622', 'test', NULL, '2026-01-01T00:00:00Z', 0, X'01000000', '');
INSERT INTO source_files (id, repo, relative_path, content_hash, extractor_version, grammar_version, last_indexed, deleted, last_pr_id_set, pr_miner_version) VALUES (623, 'bench-repo', 'pkg/mod622/file.go', 'h623', 'test', NULL, '2026-01-01T00:00:00Z', 0, X'01000000', '');
INSERT INTO source_files (id, repo, relative_path, content_hash, extractor_version, grammar_version, last_indexed, deleted, last_pr_id_set, pr_miner_version) VALUES (624, 'bench-repo', 'pkg/mod623/file.go', 'h624', 'test', NULL, '2026-01-01T00:00:00Z', 0, X'01000000', '');
INSERT INTO source_files (id, repo, relative_path, content_hash, extractor_version, grammar_version, last_indexed, deleted, last_pr_id_set, pr_miner_version) VALUES (625, 'bench-repo', 'pkg/mod624/file.go', 'h625', 'test', NULL, '2026-01-01T00:00:00Z', 0, X'01000000', '');
INSERT INTO source_files (id, repo, relative_path, content_hash, extractor_version, grammar_version, last_indexed, deleted, last_pr_id_set, pr_miner_version) VALUES (626, 'bench-repo', 'pkg/mod625/file.go', 'h626', 'test', NULL, '2026-01-01T00:00:00Z', 0, X'01000000', '');
INSERT INTO source_files (id, repo, relative_path, content_hash, extractor_version, grammar_version, last_indexed, deleted, last_pr_id_set, pr_miner_version) VALUES (627, 'bench-repo', 'pkg/mod626/file.go', 'h627', 'test', NULL, '2026-01-01T00:00:00Z', 0, X'01000000', '');
INSERT INTO source_files (id, repo, relative_path, content_hash, extractor_version, grammar_version, last_indexed, deleted, last_pr_id_set, pr_miner_version) VALUES (628, 'bench-repo', 'pkg/mod627/file.go', 'h628', 'test', NULL, '2026-01-01T00:00:00Z', 0, X'01000000', '');
INSERT INTO source_files (id, repo, relative_path, content_hash, extractor_version, grammar_version, last_indexed, deleted, last_pr_id_set, pr_miner_version) VALUES (629, 'bench-repo', 'pkg/mod628/file.go', 'h629', 'test', NULL, '2026-01-01T00:00:00Z', 0, X'01000000', '');
INSERT INTO source_files (id, repo, relative_path, content_hash, extractor_version, grammar_version, last_indexed, deleted, last_pr_id_set, pr_miner_version) VALUES (630, 'bench-repo', 'pkg/mod629/file.go', 'h630', 'test', NULL, '2026-01-01T00:00:00Z', 0, X'01000000', '');
INSERT INTO source_files (id, repo, relative_path, content_hash, extractor_version, grammar_version, last_indexed, deleted, last_pr_id_set, pr_miner_version) VALUES (631, 'bench-repo', 'pkg/mod630/file.go', 'h631', 'test', NULL, '2026-01-01T00:00:00Z', 0, X'01000000', '');
INSERT INTO source_files (id, repo, relative_path, content_hash, extractor_version, grammar_version, last_indexed, deleted, last_pr_id_set, pr_miner_version) VALUES (632, 'bench-repo', 'pkg/mod631/file.go', 'h632', 'test', NULL, '2026-01-01T00:00:00Z', 0, X'01000000', '');
INSERT INTO source_files (id, repo, relative_path, content_hash, extractor_version, grammar_version, last_indexed, deleted, last_pr_id_set, pr_miner_version) VALUES (633, 'bench-repo', 'pkg/mod632/file.go', 'h633', 'test', NULL, '2026-01-01T00:00:00Z', 0, X'01000000', '');
INSERT INTO source_files (id, repo, relative_path, content_hash, extractor_version, grammar_version, last_indexed, deleted, last_pr_id_set, pr_miner_version) VALUES (634, 'bench-repo', 'pkg/mod633/file.go', 'h634', 'test', NULL, '2026-01-01T00:00:00Z', 0, X'01000000', '');
INSERT INTO source_files (id, repo, relative_path, content_hash, extractor_version, grammar_version, last_indexed, deleted, last_pr_id_set, pr_miner_version) VALUES (635, 'bench-repo', 'pkg/mod634/file.go', 'h635', 'test', NULL, '2026-01-01T00:00:00Z', 0, X'01000000', '');
INSERT INTO source_files (id, repo, relative_path, content_hash, extractor_version, grammar_version, last_indexed, deleted, last_pr_id_set, pr_miner_version) VALUES (636, 'bench-repo', 'pkg/mod635/file.go', 'h636', 'test', NULL, '2026-01-01T00:00:00Z', 0, X'01000000', '');
INSERT INTO source_files (id, repo, relative_path, content_hash, extractor_version, grammar_version, last_indexed, deleted, last_pr_id_set, pr_miner_version) VALUES (637, 'bench-repo', 'pkg/mod636/file.go', 'h637', 'test', NULL, '2026-01-01T00:00:00Z', 0, X'01000000', '');
INSERT INTO source_files (id, repo, relative_path, content_hash, extractor_version, grammar_version, last_indexed, deleted, last_pr_id_set, pr_miner_version) VALUES (638, 'bench-repo', 'pkg/mod637/file.go', 'h638', 'test', NULL, '2026-01-01T00:00:00Z', 0, X'01000000', '');
INSERT INTO source_files (id, repo, relative_path, content_hash, extractor_version, grammar_version, last_indexed, deleted, last_pr_id_set, pr_miner_version) VALUES (639, 'bench-repo', 'pkg/mod638/file.go', 'h639', 'test', NULL, '2026-01-01T00:00:00Z', 0, X'01000000', '');
INSERT INTO source_files (id, repo, relative_path, content_hash, extractor_version, grammar_version, last_indexed, deleted, last_pr_id_set, pr_miner_version) VALUES (640, 'bench-repo', 'pkg/mod639/file.go', 'h640', 'test', NULL, '2026-01-01T00:00:00Z', 0, X'01000000', '');
INSERT INTO source_files (id, repo, relative_path, content_hash, extractor_version, grammar_version, last_indexed, deleted, last_pr_id_set, pr_miner_version) VALUES (641, 'bench-repo', 'pkg/mod640/file.go', 'h641', 'test', NULL, '2026-01-01T00:00:00Z', 0, X'01000000', '');
INSERT INTO source_files (id, repo, relative_path, content_hash, extractor_version, grammar_version, last_indexed, deleted, last_pr_id_set, pr_miner_version) VALUES (642, 'bench-repo', 'pkg/mod641/file.go', 'h642', 'test', NULL, '2026-01-01T00:00:00Z', 0, X'01000000', '');
INSERT INTO source_files (id, repo, relative_path, content_hash, extractor_version, grammar_version, last_indexed, deleted, last_pr_id_set, pr_miner_version) VALUES (643, 'bench-repo', 'pkg/mod642/file.go', 'h643', 'test', NULL, '2026-01-01T00:00:00Z', 0, X'01000000', '');
INSERT INTO source_files (id, repo, relative_path, content_hash, extractor_version, grammar_version, last_indexed, deleted, last_pr_id_set, pr_miner_version) VALUES (644, 'bench-repo', 'pkg/mod643/file.go', 'h644', 'test', NULL, '2026-01-01T00:00:00Z', 0, X'01000000', '');
INSERT INTO source_files (id, repo, relative_path, content_hash, extractor_version, grammar_version, last_indexed, deleted, last_pr_id_set, pr_miner_version) VALUES (645, 'bench-repo', 'pkg/mod644/file.go', 'h645', 'test', NULL, '2026-01-01T00:00:00Z', 0, X'01000000', '');
INSERT INTO source_files (id, repo, relative_path, content_hash, extractor_version, grammar_version, last_indexed, deleted, last_pr_id_set, pr_miner_version) VALUES (646, 'bench-repo', 'pkg/mod645/file.go', 'h646', 'test', NULL, '2026-01-01T00:00:00Z', 0, X'01000000', '');
INSERT INTO source_files (id, repo, relative_path, content_hash, extractor_version, grammar_version, last_indexed, deleted, last_pr_id_set, pr_miner_version) VALUES (647, 'bench-repo', 'pkg/mod646/file.go', 'h647', 'test', NULL, '2026-01-01T00:00:00Z', 0, X'01000000', '');
INSERT INTO source_files (id, repo, relative_path, content_hash, extractor_version, grammar_version, last_indexed, deleted, last_pr_id_set, pr_miner_version) VALUES (648, 'bench-repo', 'pkg/mod647/file.go', 'h648', 'test', NULL, '2026-01-01T00:00:00Z', 0, X'01000000', '');
INSERT INTO source_files (id, repo, relative_path, content_hash, extractor_version, grammar_version, last_indexed, deleted, last_pr_id_set, pr_miner_version) VALUES (649, 'bench-repo', 'pkg/mod648/file.go', 'h649', 'test', NULL, '2026-01-01T00:00:00Z', 0, X'01000000', '');
INSERT INTO source_files (id, repo, relative_path, content_hash, extractor_version, grammar_version, last_indexed, deleted, last_pr_id_set, pr_miner_version) VALUES (650, 'bench-repo', 'pkg/mod649/file.go', 'h650', 'test', NULL, '2026-01-01T00:00:00Z', 0, X'01000000', '');
INSERT INTO source_files (id, repo, relative_path, content_hash, extractor_version, grammar_version, last_indexed, deleted, last_pr_id_set, pr_miner_version) VALUES (651, 'bench-repo', 'pkg/mod650/file.go', 'h651', 'test', NULL, '2026-01-01T00:00:00Z', 0, X'01000000', '');
INSERT INTO source_files (id, repo, relative_path, content_hash, extractor_version, grammar_version, last_indexed, deleted, last_pr_id_set, pr_miner_version) VALUES (652, 'bench-repo', 'pkg/mod651/file.go', 'h652', 'test', NULL, '2026-01-01T00:00:00Z', 0, X'01000000', '');
INSERT INTO source_files (id, repo, relative_path, content_hash, extractor_version, grammar_version, last_indexed, deleted, last_pr_id_set, pr_miner_version) VALUES (653, 'bench-repo', 'pkg/mod652/file.go', 'h653', 'test', NULL, '2026-01-01T00:00:00Z', 0, X'01000000', '');
INSERT INTO source_files (id, repo, relative_path, content_hash, extractor_version, grammar_version, last_indexed, deleted, last_pr_id_set, pr_miner_version) VALUES (654, 'bench-repo', 'pkg/mod653/file.go', 'h654', 'test', NULL, '2026-01-01T00:00:00Z', 0, X'01000000', '');
INSERT INTO source_files (id, repo, relative_path, content_hash, extractor_version, grammar_version, last_indexed, deleted, last_pr_id_set, pr_miner_version) VALUES (655, 'bench-repo', 'pkg/mod654/file.go', 'h655', 'test', NULL, '2026-01-01T00:00:00Z', 0, X'01000000', '');
INSERT INTO source_files (id, repo, relative_path, content_hash, extractor_version, grammar_version, last_indexed, deleted, last_pr_id_set, pr_miner_version) VALUES (656, 'bench-repo', 'pkg/mod655/file.go', 'h656', 'test', NULL, '2026-01-01T00:00:00Z', 0, X'01000000', '');
INSERT INTO source_files (id, repo, relative_path, content_hash, extractor_version, grammar_version, last_indexed, deleted, last_pr_id_set, pr_miner_version) VALUES (657, 'bench-repo', 'pkg/mod656/file.go', 'h657', 'test', NULL, '2026-01-01T00:00:00Z', 0, X'01000000', '');
INSERT INTO source_files (id, repo, relative_path, content_hash, extractor_version, grammar_version, last_indexed, deleted, last_pr_id_set, pr_miner_version) VALUES (658, 'bench-repo', 'pkg/mod657/file.go', 'h658', 'test', NULL, '2026-01-01T00:00:00Z', 0, X'01000000', '');
INSERT INTO source_files (id, repo, relative_path, content_hash, extractor_version, grammar_version, last_indexed, deleted, last_pr_id_set, pr_miner_version) VALUES (659, 'bench-repo', 'pkg/mod658/file.go', 'h659', 'test', NULL, '2026-01-01T00:00:00Z', 0, X'01000000', '');
INSERT INTO source_files (id, repo, relative_path, content_hash, extractor_version, grammar_version, last_indexed, deleted, last_pr_id_set, pr_miner_version) VALUES (660, 'bench-repo', 'pkg/mod659/file.go', 'h660', 'test', NULL, '2026-01-01T00:00:00Z', 0, X'01000000', '');
INSERT INTO source_files (id, repo, relative_path, content_hash, extractor_version, grammar_version, last_indexed, deleted, last_pr_id_set, pr_miner_version) VALUES (661, 'bench-repo', 'pkg/mod660/file.go', 'h661', 'test', NULL, '2026-01-01T00:00:00Z', 0, X'01000000', '');
INSERT INTO source_files (id, repo, relative_path, content_hash, extractor_version, grammar_version, last_indexed, deleted, last_pr_id_set, pr_miner_version) VALUES (662, 'bench-repo', 'pkg/mod661/file.go', 'h662', 'test', NULL, '2026-01-01T00:00:00Z', 0, X'01000000', '');
INSERT INTO source_files (id, repo, relative_path, content_hash, extractor_version, grammar_version, last_indexed, deleted, last_pr_id_set, pr_miner_version) VALUES (663, 'bench-repo', 'pkg/mod662/file.go', 'h663', 'test', NULL, '2026-01-01T00:00:00Z', 0, X'01000000', '');
INSERT INTO source_files (id, repo, relative_path, content_hash, extractor_version, grammar_version, last_indexed, deleted, last_pr_id_set, pr_miner_version) VALUES (664, 'bench-repo', 'pkg/mod663/file.go', 'h664', 'test', NULL, '2026-01-01T00:00:00Z', 0, X'01000000', '');
INSERT INTO source_files (id, repo, relative_path, content_hash, extractor_version, grammar_version, last_indexed, deleted, last_pr_id_set, pr_miner_version) VALUES (665, 'bench-repo', 'pkg/mod664/file.go', 'h665', 'test', NULL, '2026-01-01T00:00:00Z', 0, X'01000000', '');
INSERT INTO source_files (id, repo, relative_path, content_hash, extractor_version, grammar_version, last_indexed, deleted, last_pr_id_set, pr_miner_version) VALUES (666, 'bench-repo', 'pkg/mod665/file.go', 'h666', 'test', NULL, '2026-01-01T00:00:00Z', 0, X'01000000', '');
INSERT INTO source_files (id, repo, relative_path, content_hash, extractor_version, grammar_version, last_indexed, deleted, last_pr_id_set, pr_miner_version) VALUES (667, 'bench-repo', 'pkg/mod666/file.go', 'h667', 'test', NULL, '2026-01-01T00:00:00Z', 0, X'01000000', '');
INSERT INTO source_files (id, repo, relative_path, content_hash, extractor_version, grammar_version, last_indexed, deleted, last_pr_id_set, pr_miner_version) VALUES (668, 'bench-repo', 'pkg/mod667/file.go', 'h668', 'test', NULL, '2026-01-01T00:00:00Z', 0, X'01000000', '');
INSERT INTO source_files (id, repo, relative_path, content_hash, extractor_version, grammar_version, last_indexed, deleted, last_pr_id_set, pr_miner_version) VALUES (669, 'bench-repo', 'pkg/mod668/file.go', 'h669', 'test', NULL, '2026-01-01T00:00:00Z', 0, X'01000000', '');
INSERT INTO source_files (id, repo, relative_path, content_hash, extractor_version, grammar_version, last_indexed, deleted, last_pr_id_set, pr_miner_version) VALUES (670, 'bench-repo', 'pkg/mod669/file.go', 'h670', 'test', NULL, '2026-01-01T00:00:00Z', 0, X'01000000', '');
INSERT INTO source_files (id, repo, relative_path, content_hash, extractor_version, grammar_version, last_indexed, deleted, last_pr_id_set, pr_miner_version) VALUES (671, 'bench-repo', 'pkg/mod670/file.go', 'h671', 'test', NULL, '2026-01-01T00:00:00Z', 0, X'01000000', '');
INSERT INTO source_files (id, repo, relative_path, content_hash, extractor_version, grammar_version, last_indexed, deleted, last_pr_id_set, pr_miner_version) VALUES (672, 'bench-repo', 'pkg/mod671/file.go', 'h672', 'test', NULL, '2026-01-01T00:00:00Z', 0, X'01000000', '');
INSERT INTO source_files (id, repo, relative_path, content_hash, extractor_version, grammar_version, last_indexed, deleted, last_pr_id_set, pr_miner_version) VALUES (673, 'bench-repo', 'pkg/mod672/file.go', 'h673', 'test', NULL, '2026-01-01T00:00:00Z', 0, X'01000000', '');
INSERT INTO source_files (id, repo, relative_path, content_hash, extractor_version, grammar_version, last_indexed, deleted, last_pr_id_set, pr_miner_version) VALUES (674, 'bench-repo', 'pkg/mod673/file.go', 'h674', 'test', NULL, '2026-01-01T00:00:00Z', 0, X'01000000', '');
INSERT INTO source_files (id, repo, relative_path, content_hash, extractor_version, grammar_version, last_indexed, deleted, last_pr_id_set, pr_miner_version) VALUES (675, 'bench-repo', 'pkg/mod674/file.go', 'h675', 'test', NULL, '2026-01-01T00:00:00Z', 0, X'01000000', '');
INSERT INTO source_files (id, repo, relative_path, content_hash, extractor_version, grammar_version, last_indexed, deleted, last_pr_id_set, pr_miner_version) VALUES (676, 'bench-repo', 'pkg/mod675/file.go', 'h676', 'test', NULL, '2026-01-01T00:00:00Z', 0, X'01000000', '');
INSERT INTO source_files (id, repo, relative_path, content_hash, extractor_version, grammar_version, last_indexed, deleted, last_pr_id_set, pr_miner_version) VALUES (677, 'bench-repo', 'pkg/mod676/file.go', 'h677', 'test', NULL, '2026-01-01T00:00:00Z', 0, X'01000000', '');
INSERT INTO source_files (id, repo, relative_path, content_hash, extractor_version, grammar_version, last_indexed, deleted, last_pr_id_set, pr_miner_version) VALUES (678, 'bench-repo', 'pkg/mod677/file.go', 'h678', 'test', NULL, '2026-01-01T00:00:00Z', 0, X'01000000', '');
INSERT INTO source_files (id, repo, relative_path, content_hash, extractor_version, grammar_version, last_indexed, deleted, last_pr_id_set, pr_miner_version) VALUES (679, 'bench-repo', 'pkg/mod678/file.go', 'h679', 'test', NULL, '2026-01-01T00:00:00Z', 0, X'01000000', '');
INSERT INTO source_files (id, repo, relative_path, content_hash, extractor_version, grammar_version, last_indexed, deleted, last_pr_id_set, pr_miner_version) VALUES (680, 'bench-repo', 'pkg/mod679/file.go', 'h680', 'test', NULL, '2026-01-01T00:00:00Z', 0, X'01000000', '');
INSERT INTO source_files (id, repo, relative_path, content_hash, extractor_version, grammar_version, last_indexed, deleted, last_pr_id_set, pr_miner_version) VALUES (681, 'bench-repo', 'pkg/mod680/file.go', 'h681', 'test', NULL, '2026-01-01T00:00:00Z', 0, X'01000000', '');
INSERT INTO source_files (id, repo, relative_path, content_hash, extractor_version, grammar_version, last_indexed, deleted, last_pr_id_set, pr_miner_version) VALUES (682, 'bench-repo', 'pkg/mod681/file.go', 'h682', 'test', NULL, '2026-01-01T00:00:00Z', 0, X'01000000', '');
INSERT INTO source_files (id, repo, relative_path, content_hash, extractor_version, grammar_version, last_indexed, deleted, last_pr_id_set, pr_miner_version) VALUES (683, 'bench-repo', 'pkg/mod682/file.go', 'h683', 'test', NULL, '2026-01-01T00:00:00Z', 0, X'01000000', '');
INSERT INTO source_files (id, repo, relative_path, content_hash, extractor_version, grammar_version, last_indexed, deleted, last_pr_id_set, pr_miner_version) VALUES (684, 'bench-repo', 'pkg/mod683/file.go', 'h684', 'test', NULL, '2026-01-01T00:00:00Z', 0, X'01000000', '');
INSERT INTO source_files (id, repo, relative_path, content_hash, extractor_version, grammar_version, last_indexed, deleted, last_pr_id_set, pr_miner_version) VALUES (685, 'bench-repo', 'pkg/mod684/file.go', 'h685', 'test', NULL, '2026-01-01T00:00:00Z', 0, X'01000000', '');
INSERT INTO source_files (id, repo, relative_path, content_hash, extractor_version, grammar_version, last_indexed, deleted, last_pr_id_set, pr_miner_version) VALUES (686, 'bench-repo', 'pkg/mod685/file.go', 'h686', 'test', NULL, '2026-01-01T00:00:00Z', 0, X'01000000', '');
INSERT INTO source_files (id, repo, relative_path, content_hash, extractor_version, grammar_version, last_indexed, deleted, last_pr_id_set, pr_miner_version) VALUES (687, 'bench-repo', 'pkg/mod686/file.go', 'h687', 'test', NULL, '2026-01-01T00:00:00Z', 0, X'01000000', '');
INSERT INTO source_files (id, repo, relative_path, content_hash, extractor_version, grammar_version, last_indexed, deleted, last_pr_id_set, pr_miner_version) VALUES (688, 'bench-repo', 'pkg/mod687/file.go', 'h688', 'test', NULL, '2026-01-01T00:00:00Z', 0, X'01000000', '');
INSERT INTO source_files (id, repo, relative_path, content_hash, extractor_version, grammar_version, last_indexed, deleted, last_pr_id_set, pr_miner_version) VALUES (689, 'bench-repo', 'pkg/mod688/file.go', 'h689', 'test', NULL, '2026-01-01T00:00:00Z', 0, X'01000000', '');
INSERT INTO source_files (id, repo, relative_path, content_hash, extractor_version, grammar_version, last_indexed, deleted, last_pr_id_set, pr_miner_version) VALUES (690, 'bench-repo', 'pkg/mod689/file.go', 'h690', 'test', NULL, '2026-01-01T00:00:00Z', 0, X'01000000', '');
INSERT INTO source_files (id, repo, relative_path, content_hash, extractor_version, grammar_version, last_indexed, deleted, last_pr_id_set, pr_miner_version) VALUES (691, 'bench-repo', 'pkg/mod690/file.go', 'h691', 'test', NULL, '2026-01-01T00:00:00Z', 0, X'01000000', '');
INSERT INTO source_files (id, repo, relative_path, content_hash, extractor_version, grammar_version, last_indexed, deleted, last_pr_id_set, pr_miner_version) VALUES (692, 'bench-repo', 'pkg/mod691/file.go', 'h692', 'test', NULL, '2026-01-01T00:00:00Z', 0, X'01000000', '');
INSERT INTO source_files (id, repo, relative_path, content_hash, extractor_version, grammar_version, last_indexed, deleted, last_pr_id_set, pr_miner_version) VALUES (693, 'bench-repo', 'pkg/mod692/file.go', 'h693', 'test', NULL, '2026-01-01T00:00:00Z', 0, X'01000000', '');
INSERT INTO source_files (id, repo, relative_path, content_hash, extractor_version, grammar_version, last_indexed, deleted, last_pr_id_set, pr_miner_version) VALUES (694, 'bench-repo', 'pkg/mod693/file.go', 'h694', 'test', NULL, '2026-01-01T00:00:00Z', 0, X'01000000', '');
INSERT INTO source_files (id, repo, relative_path, content_hash, extractor_version, grammar_version, last_indexed, deleted, last_pr_id_set, pr_miner_version) VALUES (695, 'bench-repo', 'pkg/mod694/file.go', 'h695', 'test', NULL, '2026-01-01T00:00:00Z', 0, X'01000000', '');
INSERT INTO source_files (id, repo, relative_path, content_hash, extractor_version, grammar_version, last_indexed, deleted, last_pr_id_set, pr_miner_version) VALUES (696, 'bench-repo', 'pkg/mod695/file.go', 'h696', 'test', NULL, '2026-01-01T00:00:00Z', 0, X'01000000', '');
INSERT INTO source_files (id, repo, relative_path, content_hash, extractor_version, grammar_version, last_indexed, deleted, last_pr_id_set, pr_miner_version) VALUES (697, 'bench-repo', 'pkg/mod696/file.go', 'h697', 'test', NULL, '2026-01-01T00:00:00Z', 0, X'01000000', '');
INSERT INTO source_files (id, repo, relative_path, content_hash, extractor_version, grammar_version, last_indexed, deleted, last_pr_id_set, pr_miner_version) VALUES (698, 'bench-repo', 'pkg/mod697/file.go', 'h698', 'test', NULL, '2026-01-01T00:00:00Z', 0, X'01000000', '');
INSERT INTO source_files (id, repo, relative_path, content_hash, extractor_version, grammar_version, last_indexed, deleted, last_pr_id_set, pr_miner_version) VALUES (699, 'bench-repo', 'pkg/mod698/file.go', 'h699', 'test', NULL, '2026-01-01T00:00:00Z', 0, X'01000000', '');
INSERT INTO source_files (id, repo, relative_path, content_hash, extractor_version, grammar_version, last_indexed, deleted, last_pr_id_set, pr_miner_version) VALUES (700, 'bench-repo', 'pkg/mod699/file.go', 'h700', 'test', NULL, '2026-01-01T00:00:00Z', 0, X'01000000', '');
INSERT INTO source_files (id, repo, relative_path, content_hash, extractor_version, grammar_version, last_indexed, deleted, last_pr_id_set, pr_miner_version) VALUES (701, 'bench-repo', 'pkg/mod700/file.go', 'h701', 'test', NULL, '2026-01-01T00:00:00Z', 0, X'01000000', '');
INSERT INTO source_files (id, repo, relative_path, content_hash, extractor_version, grammar_version, last_indexed, deleted, last_pr_id_set, pr_miner_version) VALUES (702, 'bench-repo', 'pkg/mod701/file.go', 'h702', 'test', NULL, '2026-01-01T00:00:00Z', 0, X'01000000', '');
INSERT INTO source_files (id, repo, relative_path, content_hash, extractor_version, grammar_version, last_indexed, deleted, last_pr_id_set, pr_miner_version) VALUES (703, 'bench-repo', 'pkg/mod702/file.go', 'h703', 'test', NULL, '2026-01-01T00:00:00Z', 0, X'01000000', '');
INSERT INTO source_files (id, repo, relative_path, content_hash, extractor_version, grammar_version, last_indexed, deleted, last_pr_id_set, pr_miner_version) VALUES (704, 'bench-repo', 'pkg/mod703/file.go', 'h704', 'test', NULL, '2026-01-01T00:00:00Z', 0, X'01000000', '');
INSERT INTO source_files (id, repo, relative_path, content_hash, extractor_version, grammar_version, last_indexed, deleted, last_pr_id_set, pr_miner_version) VALUES (705, 'bench-repo', 'pkg/mod704/file.go', 'h705', 'test', NULL, '2026-01-01T00:00:00Z', 0, X'01000000', '');
INSERT INTO source_files (id, repo, relative_path, content_hash, extractor_version, grammar_version, last_indexed, deleted, last_pr_id_set, pr_miner_version) VALUES (706, 'bench-repo', 'pkg/mod705/file.go', 'h706', 'test', NULL, '2026-01-01T00:00:00Z', 0, X'01000000', '');
INSERT INTO source_files (id, repo, relative_path, content_hash, extractor_version, grammar_version, last_indexed, deleted, last_pr_id_set, pr_miner_version) VALUES (707, 'bench-repo', 'pkg/mod706/file.go', 'h707', 'test', NULL, '2026-01-01T00:00:00Z', 0, X'01000000', '');
INSERT INTO source_files (id, repo, relative_path, content_hash, extractor_version, grammar_version, last_indexed, deleted, last_pr_id_set, pr_miner_version) VALUES (708, 'bench-repo', 'pkg/mod707/file.go', 'h708', 'test', NULL, '2026-01-01T00:00:00Z', 0, X'01000000', '');
INSERT INTO source_files (id, repo, relative_path, content_hash, extractor_version, grammar_version, last_indexed, deleted, last_pr_id_set, pr_miner_version) VALUES (709, 'bench-repo', 'pkg/mod708/file.go', 'h709', 'test', NULL, '2026-01-01T00:00:00Z', 0, X'01000000', '');
INSERT INTO source_files (id, repo, relative_path, content_hash, extractor_version, grammar_version, last_indexed, deleted, last_pr_id_set, pr_miner_version) VALUES (710, 'bench-repo', 'pkg/mod709/file.go', 'h710', 'test', NULL, '2026-01-01T00:00:00Z', 0, X'01000000', '');
INSERT INTO source_files (id, repo, relative_path, content_hash, extractor_version, grammar_version, last_indexed, deleted, last_pr_id_set, pr_miner_version) VALUES (711, 'bench-repo', 'pkg/mod710/file.go', 'h711', 'test', NULL, '2026-01-01T00:00:00Z', 0, X'01000000', '');
INSERT INTO source_files (id, repo, relative_path, content_hash, extractor_version, grammar_version, last_indexed, deleted, last_pr_id_set, pr_miner_version) VALUES (712, 'bench-repo', 'pkg/mod711/file.go', 'h712', 'test', NULL, '2026-01-01T00:00:00Z', 0, X'01000000', '');
INSERT INTO source_files (id, repo, relative_path, content_hash, extractor_version, grammar_version, last_indexed, deleted, last_pr_id_set, pr_miner_version) VALUES (713, 'bench-repo', 'pkg/mod712/file.go', 'h713', 'test', NULL, '2026-01-01T00:00:00Z', 0, X'01000000', '');
INSERT INTO source_files (id, repo, relative_path, content_hash, extractor_version, grammar_version, last_indexed, deleted, last_pr_id_set, pr_miner_version) VALUES (714, 'bench-repo', 'pkg/mod713/file.go', 'h714', 'test', NULL, '2026-01-01T00:00:00Z', 0, X'01000000', '');
INSERT INTO source_files (id, repo, relative_path, content_hash, extractor_version, grammar_version, last_indexed, deleted, last_pr_id_set, pr_miner_version) VALUES (715, 'bench-repo', 'pkg/mod714/file.go', 'h715', 'test', NULL, '2026-01-01T00:00:00Z', 0, X'01000000', '');
INSERT INTO source_files (id, repo, relative_path, content_hash, extractor_version, grammar_version, last_indexed, deleted, last_pr_id_set, pr_miner_version) VALUES (716, 'bench-repo', 'pkg/mod715/file.go', 'h716', 'test', NULL, '2026-01-01T00:00:00Z', 0, X'01000000', '');
INSERT INTO source_files (id, repo, relative_path, content_hash, extractor_version, grammar_version, last_indexed, deleted, last_pr_id_set, pr_miner_version) VALUES (717, 'bench-repo', 'pkg/mod716/file.go', 'h717', 'test', NULL, '2026-01-01T00:00:00Z', 0, X'01000000', '');
INSERT INTO source_files (id, repo, relative_path, content_hash, extractor_version, grammar_version, last_indexed, deleted, last_pr_id_set, pr_miner_version) VALUES (718, 'bench-repo', 'pkg/mod717/file.go', 'h718', 'test', NULL, '2026-01-01T00:00:00Z', 0, X'01000000', '');
INSERT INTO source_files (id, repo, relative_path, content_hash, extractor_version, grammar_version, last_indexed, deleted, last_pr_id_set, pr_miner_version) VALUES (719, 'bench-repo', 'pkg/mod718/file.go', 'h719', 'test', NULL, '2026-01-01T00:00:00Z', 0, X'01000000', '');
INSERT INTO source_files (id, repo, relative_path, content_hash, extractor_version, grammar_version, last_indexed, deleted, last_pr_id_set, pr_miner_version) VALUES (720, 'bench-repo', 'pkg/mod719/file.go', 'h720', 'test', NULL, '2026-01-01T00:00:00Z', 0, X'01000000', '');
INSERT INTO source_files (id, repo, relative_path, content_hash, extractor_version, grammar_version, last_indexed, deleted, last_pr_id_set, pr_miner_version) VALUES (721, 'bench-repo', 'pkg/mod720/file.go', 'h721', 'test', NULL, '2026-01-01T00:00:00Z', 0, X'01000000', '');
INSERT INTO source_files (id, repo, relative_path, content_hash, extractor_version, grammar_version, last_indexed, deleted, last_pr_id_set, pr_miner_version) VALUES (722, 'bench-repo', 'pkg/mod721/file.go', 'h722', 'test', NULL, '2026-01-01T00:00:00Z', 0, X'01000000', '');
INSERT INTO source_files (id, repo, relative_path, content_hash, extractor_version, grammar_version, last_indexed, deleted, last_pr_id_set, pr_miner_version) VALUES (723, 'bench-repo', 'pkg/mod722/file.go', 'h723', 'test', NULL, '2026-01-01T00:00:00Z', 0, X'01000000', '');
INSERT INTO source_files (id, repo, relative_path, content_hash, extractor_version, grammar_version, last_indexed, deleted, last_pr_id_set, pr_miner_version) VALUES (724, 'bench-repo', 'pkg/mod723/file.go', 'h724', 'test', NULL, '2026-01-01T00:00:00Z', 0, X'01000000', '');
INSERT INTO source_files (id, repo, relative_path, content_hash, extractor_version, grammar_version, last_indexed, deleted, last_pr_id_set, pr_miner_version) VALUES (725, 'bench-repo', 'pkg/mod724/file.go', 'h725', 'test', NULL, '2026-01-01T00:00:00Z', 0, X'01000000', '');
INSERT INTO source_files (id, repo, relative_path, content_hash, extractor_version, grammar_version, last_indexed, deleted, last_pr_id_set, pr_miner_version) VALUES (726, 'bench-repo', 'pkg/mod725/file.go', 'h726', 'test', NULL, '2026-01-01T00:00:00Z', 0, X'01000000', '');
INSERT INTO source_files (id, repo, relative_path, content_hash, extractor_version, grammar_version, last_indexed, deleted, last_pr_id_set, pr_miner_version) VALUES (727, 'bench-repo', 'pkg/mod726/file.go', 'h727', 'test', NULL, '2026-01-01T00:00:00Z', 0, X'01000000', '');
INSERT INTO source_files (id, repo, relative_path, content_hash, extractor_version, grammar_version, last_indexed, deleted, last_pr_id_set, pr_miner_version) VALUES (728, 'bench-repo', 'pkg/mod727/file.go', 'h728', 'test', NULL, '2026-01-01T00:00:00Z', 0, X'01000000', '');
INSERT INTO source_files (id, repo, relative_path, content_hash, extractor_version, grammar_version, last_indexed, deleted, last_pr_id_set, pr_miner_version) VALUES (729, 'bench-repo', 'pkg/mod728/file.go', 'h729', 'test', NULL, '2026-01-01T00:00:00Z', 0, X'01000000', '');
INSERT INTO source_files (id, repo, relative_path, content_hash, extractor_version, grammar_version, last_indexed, deleted, last_pr_id_set, pr_miner_version) VALUES (730, 'bench-repo', 'pkg/mod729/file.go', 'h730', 'test', NULL, '2026-01-01T00:00:00Z', 0, X'01000000', '');
INSERT INTO source_files (id, repo, relative_path, content_hash, extractor_version, grammar_version, last_indexed, deleted, last_pr_id_set, pr_miner_version) VALUES (731, 'bench-repo', 'pkg/mod730/file.go', 'h731', 'test', NULL, '2026-01-01T00:00:00Z', 0, X'01000000', '');
INSERT INTO source_files (id, repo, relative_path, content_hash, extractor_version, grammar_version, last_indexed, deleted, last_pr_id_set, pr_miner_version) VALUES (732, 'bench-repo', 'pkg/mod731/file.go', 'h732', 'test', NULL, '2026-01-01T00:00:00Z', 0, X'01000000', '');
INSERT INTO source_files (id, repo, relative_path, content_hash, extractor_version, grammar_version, last_indexed, deleted, last_pr_id_set, pr_miner_version) VALUES (733, 'bench-repo', 'pkg/mod732/file.go', 'h733', 'test', NULL, '2026-01-01T00:00:00Z', 0, X'01000000', '');
INSERT INTO source_files (id, repo, relative_path, content_hash, extractor_version, grammar_version, last_indexed, deleted, last_pr_id_set, pr_miner_version) VALUES (734, 'bench-repo', 'pkg/mod733/file.go', 'h734', 'test', NULL, '2026-01-01T00:00:00Z', 0, X'01000000', '');
INSERT INTO source_files (id, repo, relative_path, content_hash, extractor_version, grammar_version, last_indexed, deleted, last_pr_id_set, pr_miner_version) VALUES (735, 'bench-repo', 'pkg/mod734/file.go', 'h735', 'test', NULL, '2026-01-01T00:00:00Z', 0, X'01000000', '');
INSERT INTO source_files (id, repo, relative_path, content_hash, extractor_version, grammar_version, last_indexed, deleted, last_pr_id_set, pr_miner_version) VALUES (736, 'bench-repo', 'pkg/mod735/file.go', 'h736', 'test', NULL, '2026-01-01T00:00:00Z', 0, X'01000000', '');
INSERT INTO source_files (id, repo, relative_path, content_hash, extractor_version, grammar_version, last_indexed, deleted, last_pr_id_set, pr_miner_version) VALUES (737, 'bench-repo', 'pkg/mod736/file.go', 'h737', 'test', NULL, '2026-01-01T00:00:00Z', 0, X'01000000', '');
INSERT INTO source_files (id, repo, relative_path, content_hash, extractor_version, grammar_version, last_indexed, deleted, last_pr_id_set, pr_miner_version) VALUES (738, 'bench-repo', 'pkg/mod737/file.go', 'h738', 'test', NULL, '2026-01-01T00:00:00Z', 0, X'01000000', '');
INSERT INTO source_files (id, repo, relative_path, content_hash, extractor_version, grammar_version, last_indexed, deleted, last_pr_id_set, pr_miner_version) VALUES (739, 'bench-repo', 'pkg/mod738/file.go', 'h739', 'test', NULL, '2026-01-01T00:00:00Z', 0, X'01000000', '');
INSERT INTO source_files (id, repo, relative_path, content_hash, extractor_version, grammar_version, last_indexed, deleted, last_pr_id_set, pr_miner_version) VALUES (740, 'bench-repo', 'pkg/mod739/file.go', 'h740', 'test', NULL, '2026-01-01T00:00:00Z', 0, X'01000000', '');
INSERT INTO source_files (id, repo, relative_path, content_hash, extractor_version, grammar_version, last_indexed, deleted, last_pr_id_set, pr_miner_version) VALUES (741, 'bench-repo', 'pkg/mod740/file.go', 'h741', 'test', NULL, '2026-01-01T00:00:00Z', 0, X'01000000', '');
INSERT INTO source_files (id, repo, relative_path, content_hash, extractor_version, grammar_version, last_indexed, deleted, last_pr_id_set, pr_miner_version) VALUES (742, 'bench-repo', 'pkg/mod741/file.go', 'h742', 'test', NULL, '2026-01-01T00:00:00Z', 0, X'01000000', '');
INSERT INTO source_files (id, repo, relative_path, content_hash, extractor_version, grammar_version, last_indexed, deleted, last_pr_id_set, pr_miner_version) VALUES (743, 'bench-repo', 'pkg/mod742/file.go', 'h743', 'test', NULL, '2026-01-01T00:00:00Z', 0, X'01000000', '');
INSERT INTO source_files (id, repo, relative_path, content_hash, extractor_version, grammar_version, last_indexed, deleted, last_pr_id_set, pr_miner_version) VALUES (744, 'bench-repo', 'pkg/mod743/file.go', 'h744', 'test', NULL, '2026-01-01T00:00:00Z', 0, X'01000000', '');
INSERT INTO source_files (id, repo, relative_path, content_hash, extractor_version, grammar_version, last_indexed, deleted, last_pr_id_set, pr_miner_version) VALUES (745, 'bench-repo', 'pkg/mod744/file.go', 'h745', 'test', NULL, '2026-01-01T00:00:00Z', 0, X'01000000', '');
INSERT INTO source_files (id, repo, relative_path, content_hash, extractor_version, grammar_version, last_indexed, deleted, last_pr_id_set, pr_miner_version) VALUES (746, 'bench-repo', 'pkg/mod745/file.go', 'h746', 'test', NULL, '2026-01-01T00:00:00Z', 0, X'01000000', '');
INSERT INTO source_files (id, repo, relative_path, content_hash, extractor_version, grammar_version, last_indexed, deleted, last_pr_id_set, pr_miner_version) VALUES (747, 'bench-repo', 'pkg/mod746/file.go', 'h747', 'test', NULL, '2026-01-01T00:00:00Z', 0, X'01000000', '');
INSERT INTO source_files (id, repo, relative_path, content_hash, extractor_version, grammar_version, last_indexed, deleted, last_pr_id_set, pr_miner_version) VALUES (748, 'bench-repo', 'pkg/mod747/file.go', 'h748', 'test', NULL, '2026-01-01T00:00:00Z', 0, X'01000000', '');
INSERT INTO source_files (id, repo, relative_path, content_hash, extractor_version, grammar_version, last_indexed, deleted, last_pr_id_set, pr_miner_version) VALUES (749, 'bench-repo', 'pkg/mod748/file.go', 'h749', 'test', NULL, '2026-01-01T00:00:00Z', 0, X'01000000', '');
INSERT INTO source_files (id, repo, relative_path, content_hash, extractor_version, grammar_version, last_indexed, deleted, last_pr_id_set, pr_miner_version) VALUES (750, 'bench-repo', 'pkg/mod749/file.go', 'h750', 'test', NULL, '2026-01-01T00:00:00Z', 0, X'01000000', '');
INSERT INTO source_files (id, repo, relative_path, content_hash, extractor_version, grammar_version, last_indexed, deleted, last_pr_id_set, pr_miner_version) VALUES (751, 'bench-repo', 'pkg/mod750/file.go', 'h751', 'test', NULL, '2026-01-01T00:00:00Z', 0, X'01000000', '');
INSERT INTO source_files (id, repo, relative_path, content_hash, extractor_version, grammar_version, last_indexed, deleted, last_pr_id_set, pr_miner_version) VALUES (752, 'bench-repo', 'pkg/mod751/file.go', 'h752', 'test', NULL, '2026-01-01T00:00:00Z', 0, X'01000000', '');
INSERT INTO source_files (id, repo, relative_path, content_hash, extractor_version, grammar_version, last_indexed, deleted, last_pr_id_set, pr_miner_version) VALUES (753, 'bench-repo', 'pkg/mod752/file.go', 'h753', 'test', NULL, '2026-01-01T00:00:00Z', 0, X'01000000', '');
INSERT INTO source_files (id, repo, relative_path, content_hash, extractor_version, grammar_version, last_indexed, deleted, last_pr_id_set, pr_miner_version) VALUES (754, 'bench-repo', 'pkg/mod753/file.go', 'h754', 'test', NULL, '2026-01-01T00:00:00Z', 0, X'01000000', '');
INSERT INTO source_files (id, repo, relative_path, content_hash, extractor_version, grammar_version, last_indexed, deleted, last_pr_id_set, pr_miner_version) VALUES (755, 'bench-repo', 'pkg/mod754/file.go', 'h755', 'test', NULL, '2026-01-01T00:00:00Z', 0, X'01000000', '');
INSERT INTO source_files (id, repo, relative_path, content_hash, extractor_version, grammar_version, last_indexed, deleted, last_pr_id_set, pr_miner_version) VALUES (756, 'bench-repo', 'pkg/mod755/file.go', 'h756', 'test', NULL, '2026-01-01T00:00:00Z', 0, X'01000000', '');
INSERT INTO source_files (id, repo, relative_path, content_hash, extractor_version, grammar_version, last_indexed, deleted, last_pr_id_set, pr_miner_version) VALUES (757, 'bench-repo', 'pkg/mod756/file.go', 'h757', 'test', NULL, '2026-01-01T00:00:00Z', 0, X'01000000', '');
INSERT INTO source_files (id, repo, relative_path, content_hash, extractor_version, grammar_version, last_indexed, deleted, last_pr_id_set, pr_miner_version) VALUES (758, 'bench-repo', 'pkg/mod757/file.go', 'h758', 'test', NULL, '2026-01-01T00:00:00Z', 0, X'01000000', '');
INSERT INTO source_files (id, repo, relative_path, content_hash, extractor_version, grammar_version, last_indexed, deleted, last_pr_id_set, pr_miner_version) VALUES (759, 'bench-repo', 'pkg/mod758/file.go', 'h759', 'test', NULL, '2026-01-01T00:00:00Z', 0, X'01000000', '');
INSERT INTO source_files (id, repo, relative_path, content_hash, extractor_version, grammar_version, last_indexed, deleted, last_pr_id_set, pr_miner_version) VALUES (760, 'bench-repo', 'pkg/mod759/file.go', 'h760', 'test', NULL, '2026-01-01T00:00:00Z', 0, X'01000000', '');
INSERT INTO source_files (id, repo, relative_path, content_hash, extractor_version, grammar_version, last_indexed, deleted, last_pr_id_set, pr_miner_version) VALUES (761, 'bench-repo', 'pkg/mod760/file.go', 'h761', 'test', NULL, '2026-01-01T00:00:00Z', 0, X'01000000', '');
INSERT INTO source_files (id, repo, relative_path, content_hash, extractor_version, grammar_version, last_indexed, deleted, last_pr_id_set, pr_miner_version) VALUES (762, 'bench-repo', 'pkg/mod761/file.go', 'h762', 'test', NULL, '2026-01-01T00:00:00Z', 0, X'01000000', '');
INSERT INTO source_files (id, repo, relative_path, content_hash, extractor_version, grammar_version, last_indexed, deleted, last_pr_id_set, pr_miner_version) VALUES (763, 'bench-repo', 'pkg/mod762/file.go', 'h763', 'test', NULL, '2026-01-01T00:00:00Z', 0, X'01000000', '');
INSERT INTO source_files (id, repo, relative_path, content_hash, extractor_version, grammar_version, last_indexed, deleted, last_pr_id_set, pr_miner_version) VALUES (764, 'bench-repo', 'pkg/mod763/file.go', 'h764', 'test', NULL, '2026-01-01T00:00:00Z', 0, X'01000000', '');
INSERT INTO source_files (id, repo, relative_path, content_hash, extractor_version, grammar_version, last_indexed, deleted, last_pr_id_set, pr_miner_version) VALUES (765, 'bench-repo', 'pkg/mod764/file.go', 'h765', 'test', NULL, '2026-01-01T00:00:00Z', 0, X'01000000', '');
INSERT INTO source_files (id, repo, relative_path, content_hash, extractor_version, grammar_version, last_indexed, deleted, last_pr_id_set, pr_miner_version) VALUES (766, 'bench-repo', 'pkg/mod765/file.go', 'h766', 'test', NULL, '2026-01-01T00:00:00Z', 0, X'01000000', '');
INSERT INTO source_files (id, repo, relative_path, content_hash, extractor_version, grammar_version, last_indexed, deleted, last_pr_id_set, pr_miner_version) VALUES (767, 'bench-repo', 'pkg/mod766/file.go', 'h767', 'test', NULL, '2026-01-01T00:00:00Z', 0, X'01000000', '');
INSERT INTO source_files (id, repo, relative_path, content_hash, extractor_version, grammar_version, last_indexed, deleted, last_pr_id_set, pr_miner_version) VALUES (768, 'bench-repo', 'pkg/mod767/file.go', 'h768', 'test', NULL, '2026-01-01T00:00:00Z', 0, X'01000000', '');
INSERT INTO source_files (id, repo, relative_path, content_hash, extractor_version, grammar_version, last_indexed, deleted, last_pr_id_set, pr_miner_version) VALUES (769, 'bench-repo', 'pkg/mod768/file.go', 'h769', 'test', NULL, '2026-01-01T00:00:00Z', 0, X'01000000', '');
INSERT INTO source_files (id, repo, relative_path, content_hash, extractor_version, grammar_version, last_indexed, deleted, last_pr_id_set, pr_miner_version) VALUES (770, 'bench-repo', 'pkg/mod769/file.go', 'h770', 'test', NULL, '2026-01-01T00:00:00Z', 0, X'01000000', '');
INSERT INTO source_files (id, repo, relative_path, content_hash, extractor_version, grammar_version, last_indexed, deleted, last_pr_id_set, pr_miner_version) VALUES (771, 'bench-repo', 'pkg/mod770/file.go', 'h771', 'test', NULL, '2026-01-01T00:00:00Z', 0, X'01000000', '');
INSERT INTO source_files (id, repo, relative_path, content_hash, extractor_version, grammar_version, last_indexed, deleted, last_pr_id_set, pr_miner_version) VALUES (772, 'bench-repo', 'pkg/mod771/file.go', 'h772', 'test', NULL, '2026-01-01T00:00:00Z', 0, X'01000000', '');
INSERT INTO source_files (id, repo, relative_path, content_hash, extractor_version, grammar_version, last_indexed, deleted, last_pr_id_set, pr_miner_version) VALUES (773, 'bench-repo', 'pkg/mod772/file.go', 'h773', 'test', NULL, '2026-01-01T00:00:00Z', 0, X'01000000', '');
INSERT INTO source_files (id, repo, relative_path, content_hash, extractor_version, grammar_version, last_indexed, deleted, last_pr_id_set, pr_miner_version) VALUES (774, 'bench-repo', 'pkg/mod773/file.go', 'h774', 'test', NULL, '2026-01-01T00:00:00Z', 0, X'01000000', '');
INSERT INTO source_files (id, repo, relative_path, content_hash, extractor_version, grammar_version, last_indexed, deleted, last_pr_id_set, pr_miner_version) VALUES (775, 'bench-repo', 'pkg/mod774/file.go', 'h775', 'test', NULL, '2026-01-01T00:00:00Z', 0, X'01000000', '');
INSERT INTO source_files (id, repo, relative_path, content_hash, extractor_version, grammar_version, last_indexed, deleted, last_pr_id_set, pr_miner_version) VALUES (776, 'bench-repo', 'pkg/mod775/file.go', 'h776', 'test', NULL, '2026-01-01T00:00:00Z', 0, X'01000000', '');
INSERT INTO source_files (id, repo, relative_path, content_hash, extractor_version, grammar_version, last_indexed, deleted, last_pr_id_set, pr_miner_version) VALUES (777, 'bench-repo', 'pkg/mod776/file.go', 'h777', 'test', NULL, '2026-01-01T00:00:00Z', 0, X'01000000', '');
INSERT INTO source_files (id, repo, relative_path, content_hash, extractor_version, grammar_version, last_indexed, deleted, last_pr_id_set, pr_miner_version) VALUES (778, 'bench-repo', 'pkg/mod777/file.go', 'h778', 'test', NULL, '2026-01-01T00:00:00Z', 0, X'01000000', '');
INSERT INTO source_files (id, repo, relative_path, content_hash, extractor_version, grammar_version, last_indexed, deleted, last_pr_id_set, pr_miner_version) VALUES (779, 'bench-repo', 'pkg/mod778/file.go', 'h779', 'test', NULL, '2026-01-01T00:00:00Z', 0, X'01000000', '');
INSERT INTO source_files (id, repo, relative_path, content_hash, extractor_version, grammar_version, last_indexed, deleted, last_pr_id_set, pr_miner_version) VALUES (780, 'bench-repo', 'pkg/mod779/file.go', 'h780', 'test', NULL, '2026-01-01T00:00:00Z', 0, X'01000000', '');
INSERT INTO source_files (id, repo, relative_path, content_hash, extractor_version, grammar_version, last_indexed, deleted, last_pr_id_set, pr_miner_version) VALUES (781, 'bench-repo', 'pkg/mod780/file.go', 'h781', 'test', NULL, '2026-01-01T00:00:00Z', 0, X'01000000', '');
INSERT INTO source_files (id, repo, relative_path, content_hash, extractor_version, grammar_version, last_indexed, deleted, last_pr_id_set, pr_miner_version) VALUES (782, 'bench-repo', 'pkg/mod781/file.go', 'h782', 'test', NULL, '2026-01-01T00:00:00Z', 0, X'01000000', '');
INSERT INTO source_files (id, repo, relative_path, content_hash, extractor_version, grammar_version, last_indexed, deleted, last_pr_id_set, pr_miner_version) VALUES (783, 'bench-repo', 'pkg/mod782/file.go', 'h783', 'test', NULL, '2026-01-01T00:00:00Z', 0, X'01000000', '');
INSERT INTO source_files (id, repo, relative_path, content_hash, extractor_version, grammar_version, last_indexed, deleted, last_pr_id_set, pr_miner_version) VALUES (784, 'bench-repo', 'pkg/mod783/file.go', 'h784', 'test', NULL, '2026-01-01T00:00:00Z', 0, X'01000000', '');
INSERT INTO source_files (id, repo, relative_path, content_hash, extractor_version, grammar_version, last_indexed, deleted, last_pr_id_set, pr_miner_version) VALUES (785, 'bench-repo', 'pkg/mod784/file.go', 'h785', 'test', NULL, '2026-01-01T00:00:00Z', 0, X'01000000', '');
INSERT INTO source_files (id, repo, relative_path, content_hash, extractor_version, grammar_version, last_indexed, deleted, last_pr_id_set, pr_miner_version) VALUES (786, 'bench-repo', 'pkg/mod785/file.go', 'h786', 'test', NULL, '2026-01-01T00:00:00Z', 0, X'01000000', '');
INSERT INTO source_files (id, repo, relative_path, content_hash, extractor_version, grammar_version, last_indexed, deleted, last_pr_id_set, pr_miner_version) VALUES (787, 'bench-repo', 'pkg/mod786/file.go', 'h787', 'test', NULL, '2026-01-01T00:00:00Z', 0, X'01000000', '');
INSERT INTO source_files (id, repo, relative_path, content_hash, extractor_version, grammar_version, last_indexed, deleted, last_pr_id_set, pr_miner_version) VALUES (788, 'bench-repo', 'pkg/mod787/file.go', 'h788', 'test', NULL, '2026-01-01T00:00:00Z', 0, X'01000000', '');
INSERT INTO source_files (id, repo, relative_path, content_hash, extractor_version, grammar_version, last_indexed, deleted, last_pr_id_set, pr_miner_version) VALUES (789, 'bench-repo', 'pkg/mod788/file.go', 'h789', 'test', NULL, '2026-01-01T00:00:00Z', 0, X'01000000', '');
INSERT INTO source_files (id, repo, relative_path, content_hash, extractor_version, grammar_version, last_indexed, deleted, last_pr_id_set, pr_miner_version) VALUES (790, 'bench-repo', 'pkg/mod789/file.go', 'h790', 'test', NULL, '2026-01-01T00:00:00Z', 0, X'01000000', '');
INSERT INTO source_files (id, repo, relative_path, content_hash, extractor_version, grammar_version, last_indexed, deleted, last_pr_id_set, pr_miner_version) VALUES (791, 'bench-repo', 'pkg/mod790/file.go', 'h791', 'test', NULL, '2026-01-01T00:00:00Z', 0, X'01000000', '');
INSERT INTO source_files (id, repo, relative_path, content_hash, extractor_version, grammar_version, last_indexed, deleted, last_pr_id_set, pr_miner_version) VALUES (792, 'bench-repo', 'pkg/mod791/file.go', 'h792', 'test', NULL, '2026-01-01T00:00:00Z', 0, X'01000000', '');
INSERT INTO source_files (id, repo, relative_path, content_hash, extractor_version, grammar_version, last_indexed, deleted, last_pr_id_set, pr_miner_version) VALUES (793, 'bench-repo', 'pkg/mod792/file.go', 'h793', 'test', NULL, '2026-01-01T00:00:00Z', 0, X'01000000', '');
INSERT INTO source_files (id, repo, relative_path, content_hash, extractor_version, grammar_version, last_indexed, deleted, last_pr_id_set, pr_miner_version) VALUES (794, 'bench-repo', 'pkg/mod793/file.go', 'h794', 'test', NULL, '2026-01-01T00:00:00Z', 0, X'01000000', '');
INSERT INTO source_files (id, repo, relative_path, content_hash, extractor_version, grammar_version, last_indexed, deleted, last_pr_id_set, pr_miner_version) VALUES (795, 'bench-repo', 'pkg/mod794/file.go', 'h795', 'test', NULL, '2026-01-01T00:00:00Z', 0, X'01000000', '');
INSERT INTO source_files (id, repo, relative_path, content_hash, extractor_version, grammar_version, last_indexed, deleted, last_pr_id_set, pr_miner_version) VALUES (796, 'bench-repo', 'pkg/mod795/file.go', 'h796', 'test', NULL, '2026-01-01T00:00:00Z', 0, X'01000000', '');
INSERT INTO source_files (id, repo, relative_path, content_hash, extractor_version, grammar_version, last_indexed, deleted, last_pr_id_set, pr_miner_version) VALUES (797, 'bench-repo', 'pkg/mod796/file.go', 'h797', 'test', NULL, '2026-01-01T00:00:00Z', 0, X'01000000', '');
INSERT INTO source_files (id, repo, relative_path, content_hash, extractor_version, grammar_version, last_indexed, deleted, last_pr_id_set, pr_miner_version) VALUES (798, 'bench-repo', 'pkg/mod797/file.go', 'h798', 'test', NULL, '2026-01-01T00:00:00Z', 0, X'01000000', '');
INSERT INTO source_files (id, repo, relative_path, content_hash, extractor_version, grammar_version, last_indexed, deleted, last_pr_id_set, pr_miner_version) VALUES (799, 'bench-repo', 'pkg/mod798/file.go', 'h799', 'test', NULL, '2026-01-01T00:00:00Z', 0, X'01000000', '');
INSERT INTO source_files (id, repo, relative_path, content_hash, extractor_version, grammar_version, last_indexed, deleted, last_pr_id_set, pr_miner_version) VALUES (800, 'bench-repo', 'pkg/mod799/file.go', 'h800', 'test', NULL, '2026-01-01T00:00:00Z', 0, X'01000000', '');
INSERT INTO source_files (id, repo, relative_path, content_hash, extractor_version, grammar_version, last_indexed, deleted, last_pr_id_set, pr_miner_version) VALUES (801, 'bench-repo', 'pkg/new0/file.go', 'h801', 'test', NULL, '2026-01-01T00:00:00Z', 0, NULL, '');
INSERT INTO source_files (id, repo, relative_path, content_hash, extractor_version, grammar_version, last_indexed, deleted, last_pr_id_set, pr_miner_version) VALUES (802, 'bench-repo', 'pkg/new1/file.go', 'h802', 'test', NULL, '2026-01-01T00:00:00Z', 0, NULL, '');
INSERT INTO source_files (id, repo, relative_path, content_hash, extractor_version, grammar_version, last_indexed, deleted, last_pr_id_set, pr_miner_version) VALUES (803, 'bench-repo', 'pkg/new2/file.go', 'h803', 'test', NULL, '2026-01-01T00:00:00Z', 0, NULL, '');
INSERT INTO source_files (id, repo, relative_path, content_hash, extractor_version, grammar_version, last_indexed, deleted, last_pr_id_set, pr_miner_version) VALUES (804, 'bench-repo', 'pkg/new3/file.go', 'h804', 'test', NULL, '2026-01-01T00:00:00Z', 0, NULL, '');
INSERT INTO source_files (id, repo, relative_path, content_hash, extractor_version, grammar_version, last_indexed, deleted, last_pr_id_set, pr_miner_version) VALUES (805, 'bench-repo', 'pkg/new4/file.go', 'h805', 'test', NULL, '2026-01-01T00:00:00Z', 0, NULL, '');
INSERT INTO source_files (id, repo, relative_path, content_hash, extractor_version, grammar_version, last_indexed, deleted, last_pr_id_set, pr_miner_version) VALUES (806, 'bench-repo', 'pkg/new5/file.go', 'h806', 'test', NULL, '2026-01-01T00:00:00Z', 0, NULL, '');
INSERT INTO source_files (id, repo, relative_path, content_hash, extractor_version, grammar_version, last_indexed, deleted, last_pr_id_set, pr_miner_version) VALUES (807, 'bench-repo', 'pkg/new6/file.go', 'h807', 'test', NULL, '2026-01-01T00:00:00Z', 0, NULL, '');
INSERT INTO source_files (id, repo, relative_path, content_hash, extractor_version, grammar_version, last_indexed, deleted, last_pr_id_set, pr_miner_version) VALUES (808, 'bench-repo', 'pkg/new7/file.go', 'h808', 'test', NULL, '2026-01-01T00:00:00Z', 0, NULL, '');
INSERT INTO source_files (id, repo, relative_path, content_hash, extractor_version, grammar_version, last_indexed, deleted, last_pr_id_set, pr_miner_version) VALUES (809, 'bench-repo', 'pkg/new8/file.go', 'h809', 'test', NULL, '2026-01-01T00:00:00Z', 0, NULL, '');
INSERT INTO source_files (id, repo, relative_path, content_hash, extractor_version, grammar_version, last_indexed, deleted, last_pr_id_set, pr_miner_version) VALUES (810, 'bench-repo', 'pkg/new9/file.go', 'h810', 'test', NULL, '2026-01-01T00:00:00Z', 0, NULL, '');
INSERT INTO source_files (id, repo, relative_path, content_hash, extractor_version, grammar_version, last_indexed, deleted, last_pr_id_set, pr_miner_version) VALUES (811, 'bench-repo', 'pkg/new10/file.go', 'h811', 'test', NULL, '2026-01-01T00:00:00Z', 0, NULL, '');
INSERT INTO source_files (id, repo, relative_path, content_hash, extractor_version, grammar_version, last_indexed, deleted, last_pr_id_set, pr_miner_version) VALUES (812, 'bench-repo', 'pkg/new11/file.go', 'h812', 'test', NULL, '2026-01-01T00:00:00Z', 0, NULL, '');
INSERT INTO source_files (id, repo, relative_path, content_hash, extractor_version, grammar_version, last_indexed, deleted, last_pr_id_set, pr_miner_version) VALUES (813, 'bench-repo', 'pkg/new12/file.go', 'h813', 'test', NULL, '2026-01-01T00:00:00Z', 0, NULL, '');
INSERT INTO source_files (id, repo, relative_path, content_hash, extractor_version, grammar_version, last_indexed, deleted, last_pr_id_set, pr_miner_version) VALUES (814, 'bench-repo', 'pkg/new13/file.go', 'h814', 'test', NULL, '2026-01-01T00:00:00Z', 0, NULL, '');
INSERT INTO source_files (id, repo, relative_path, content_hash, extractor_version, grammar_version, last_indexed, deleted, last_pr_id_set, pr_miner_version) VALUES (815, 'bench-repo', 'pkg/new14/file.go', 'h815', 'test', NULL, '2026-01-01T00:00:00Z', 0, NULL, '');
INSERT INTO source_files (id, repo, relative_path, content_hash, extractor_version, grammar_version, last_indexed, deleted, last_pr_id_set, pr_miner_version) VALUES (816, 'bench-repo', 'pkg/new15/file.go', 'h816', 'test', NULL, '2026-01-01T00:00:00Z', 0, NULL, '');
INSERT INTO source_files (id, repo, relative_path, content_hash, extractor_version, grammar_version, last_indexed, deleted, last_pr_id_set, pr_miner_version) VALUES (817, 'bench-repo', 'pkg/new16/file.go', 'h817', 'test', NULL, '2026-01-01T00:00:00Z', 0, NULL, '');
INSERT INTO source_files (id, repo, relative_path, content_hash, extractor_version, grammar_version, last_indexed, deleted, last_pr_id_set, pr_miner_version) VALUES (818, 'bench-repo', 'pkg/new17/file.go', 'h818', 'test', NULL, '2026-01-01T00:00:00Z', 0, NULL, '');
INSERT INTO source_files (id, repo, relative_path, content_hash, extractor_version, grammar_version, last_indexed, deleted, last_pr_id_set, pr_miner_version) VALUES (819, 'bench-repo', 'pkg/new18/file.go', 'h819', 'test', NULL, '2026-01-01T00:00:00Z', 0, NULL, '');
INSERT INTO source_files (id, repo, relative_path, content_hash, extractor_version, grammar_version, last_indexed, deleted, last_pr_id_set, pr_miner_version) VALUES (820, 'bench-repo', 'pkg/new19/file.go', 'h820', 'test', NULL, '2026-01-01T00:00:00Z', 0, NULL, '');
INSERT INTO source_files (id, repo, relative_path, content_hash, extractor_version, grammar_version, last_indexed, deleted, last_pr_id_set, pr_miner_version) VALUES (821, 'bench-repo', 'pkg/new20/file.go', 'h821', 'test', NULL, '2026-01-01T00:00:00Z', 0, NULL, '');
INSERT INTO source_files (id, repo, relative_path, content_hash, extractor_version, grammar_version, last_indexed, deleted, last_pr_id_set, pr_miner_version) VALUES (822, 'bench-repo', 'pkg/new21/file.go', 'h822', 'test', NULL, '2026-01-01T00:00:00Z', 0, NULL, '');
INSERT INTO source_files (id, repo, relative_path, content_hash, extractor_version, grammar_version, last_indexed, deleted, last_pr_id_set, pr_miner_version) VALUES (823, 'bench-repo', 'pkg/new22/file.go', 'h823', 'test', NULL, '2026-01-01T00:00:00Z', 0, NULL, '');
INSERT INTO source_files (id, repo, relative_path, content_hash, extractor_version, grammar_version, last_indexed, deleted, last_pr_id_set, pr_miner_version) VALUES (824, 'bench-repo', 'pkg/new23/file.go', 'h824', 'test', NULL, '2026-01-01T00:00:00Z', 0, NULL, '');
INSERT INTO source_files (id, repo, relative_path, content_hash, extractor_version, grammar_version, last_indexed, deleted, last_pr_id_set, pr_miner_version) VALUES (825, 'bench-repo', 'pkg/new24/file.go', 'h825', 'test', NULL, '2026-01-01T00:00:00Z', 0, NULL, '');
INSERT INTO source_files (id, repo, relative_path, content_hash, extractor_version, grammar_version, last_indexed, deleted, last_pr_id_set, pr_miner_version) VALUES (826, 'bench-repo', 'pkg/new25/file.go', 'h826', 'test', NULL, '2026-01-01T00:00:00Z', 0, NULL, '');
INSERT INTO source_files (id, repo, relative_path, content_hash, extractor_version, grammar_version, last_indexed, deleted, last_pr_id_set, pr_miner_version) VALUES (827, 'bench-repo', 'pkg/new26/file.go', 'h827', 'test', NULL, '2026-01-01T00:00:00Z', 0, NULL, '');
INSERT INTO source_files (id, repo, relative_path, content_hash, extractor_version, grammar_version, last_indexed, deleted, last_pr_id_set, pr_miner_version) VALUES (828, 'bench-repo', 'pkg/new27/file.go', 'h828', 'test', NULL, '2026-01-01T00:00:00Z', 0, NULL, '');
INSERT INTO source_files (id, repo, relative_path, content_hash, extractor_version, grammar_version, last_indexed, deleted, last_pr_id_set, pr_miner_version) VALUES (829, 'bench-repo', 'pkg/new28/file.go', 'h829', 'test', NULL, '2026-01-01T00:00:00Z', 0, NULL, '');
INSERT INTO source_files (id, repo, relative_path, content_hash, extractor_version, grammar_version, last_indexed, deleted, last_pr_id_set, pr_miner_version) VALUES (830, 'bench-repo', 'pkg/new29/file.go', 'h830', 'test', NULL, '2026-01-01T00:00:00Z', 0, NULL, '');
INSERT INTO source_files (id, repo, relative_path, content_hash, extractor_version, grammar_version, last_indexed, deleted, last_pr_id_set, pr_miner_version) VALUES (831, 'bench-repo', 'pkg/new30/file.go', 'h831', 'test', NULL, '2026-01-01T00:00:00Z', 0, NULL, '');
INSERT INTO source_files (id, repo, relative_path, content_hash, extractor_version, grammar_version, last_indexed, deleted, last_pr_id_set, pr_miner_version) VALUES (832, 'bench-repo', 'pkg/new31/file.go', 'h832', 'test', NULL, '2026-01-01T00:00:00Z', 0, NULL, '');
INSERT INTO source_files (id, repo, relative_path, content_hash, extractor_version, grammar_version, last_indexed, deleted, last_pr_id_set, pr_miner_version) VALUES (833, 'bench-repo', 'pkg/new32/file.go', 'h833', 'test', NULL, '2026-01-01T00:00:00Z', 0, NULL, '');
INSERT INTO source_files (id, repo, relative_path, content_hash, extractor_version, grammar_version, last_indexed, deleted, last_pr_id_set, pr_miner_version) VALUES (834, 'bench-repo', 'pkg/new33/file.go', 'h834', 'test', NULL, '2026-01-01T00:00:00Z', 0, NULL, '');
INSERT INTO source_files (id, repo, relative_path, content_hash, extractor_version, grammar_version, last_indexed, deleted, last_pr_id_set, pr_miner_version) VALUES (835, 'bench-repo', 'pkg/new34/file.go', 'h835', 'test', NULL, '2026-01-01T00:00:00Z', 0, NULL, '');
INSERT INTO source_files (id, repo, relative_path, content_hash, extractor_version, grammar_version, last_indexed, deleted, last_pr_id_set, pr_miner_version) VALUES (836, 'bench-repo', 'pkg/new35/file.go', 'h836', 'test', NULL, '2026-01-01T00:00:00Z', 0, NULL, '');
INSERT INTO source_files (id, repo, relative_path, content_hash, extractor_version, grammar_version, last_indexed, deleted, last_pr_id_set, pr_miner_version) VALUES (837, 'bench-repo', 'pkg/new36/file.go', 'h837', 'test', NULL, '2026-01-01T00:00:00Z', 0, NULL, '');
INSERT INTO source_files (id, repo, relative_path, content_hash, extractor_version, grammar_version, last_indexed, deleted, last_pr_id_set, pr_miner_version) VALUES (838, 'bench-repo', 'pkg/new37/file.go', 'h838', 'test', NULL, '2026-01-01T00:00:00Z', 0, NULL, '');
INSERT INTO source_files (id, repo, relative_path, content_hash, extractor_version, grammar_version, last_indexed, deleted, last_pr_id_set, pr_miner_version) VALUES (839, 'bench-repo', 'pkg/new38/file.go', 'h839', 'test', NULL, '2026-01-01T00:00:00Z', 0, NULL, '');
INSERT INTO source_files (id, repo, relative_path, content_hash, extractor_version, grammar_version, last_indexed, deleted, last_pr_id_set, pr_miner_version) VALUES (840, 'bench-repo', 'pkg/new39/file.go', 'h840', 'test', NULL, '2026-01-01T00:00:00Z', 0, NULL, '');
INSERT INTO source_files (id, repo, relative_path, content_hash, extractor_version, grammar_version, last_indexed, deleted, last_pr_id_set, pr_miner_version) VALUES (841, 'bench-repo', 'pkg/new40/file.go', 'h841', 'test', NULL, '2026-01-01T00:00:00Z', 0, NULL, '');
INSERT INTO source_files (id, repo, relative_path, content_hash, extractor_version, grammar_version, last_indexed, deleted, last_pr_id_set, pr_miner_version) VALUES (842, 'bench-repo', 'pkg/new41/file.go', 'h842', 'test', NULL, '2026-01-01T00:00:00Z', 0, NULL, '');
INSERT INTO source_files (id, repo, relative_path, content_hash, extractor_version, grammar_version, last_indexed, deleted, last_pr_id_set, pr_miner_version) VALUES (843, 'bench-repo', 'pkg/new42/file.go', 'h843', 'test', NULL, '2026-01-01T00:00:00Z', 0, NULL, '');
INSERT INTO source_files (id, repo, relative_path, content_hash, extractor_version, grammar_version, last_indexed, deleted, last_pr_id_set, pr_miner_version) VALUES (844, 'bench-repo', 'pkg/new43/file.go', 'h844', 'test', NULL, '2026-01-01T00:00:00Z', 0, NULL, '');
INSERT INTO source_files (id, repo, relative_path, content_hash, extractor_version, grammar_version, last_indexed, deleted, last_pr_id_set, pr_miner_version) VALUES (845, 'bench-repo', 'pkg/new44/file.go', 'h845', 'test', NULL, '2026-01-01T00:00:00Z', 0, NULL, '');
INSERT INTO source_files (id, repo, relative_path, content_hash, extractor_version, grammar_version, last_indexed, deleted, last_pr_id_set, pr_miner_version) VALUES (846, 'bench-repo', 'pkg/new45/file.go', 'h846', 'test', NULL, '2026-01-01T00:00:00Z', 0, NULL, '');
INSERT INTO source_files (id, repo, relative_path, content_hash, extractor_version, grammar_version, last_indexed, deleted, last_pr_id_set, pr_miner_version) VALUES (847, 'bench-repo', 'pkg/new46/file.go', 'h847', 'test', NULL, '2026-01-01T00:00:00Z', 0, NULL, '');
INSERT INTO source_files (id, repo, relative_path, content_hash, extractor_version, grammar_version, last_indexed, deleted, last_pr_id_set, pr_miner_version) VALUES (848, 'bench-repo', 'pkg/new47/file.go', 'h848', 'test', NULL, '2026-01-01T00:00:00Z', 0, NULL, '');
INSERT INTO source_files (id, repo, relative_path, content_hash, extractor_version, grammar_version, last_indexed, deleted, last_pr_id_set, pr_miner_version) VALUES (849, 'bench-repo', 'pkg/new48/file.go', 'h849', 'test', NULL, '2026-01-01T00:00:00Z', 0, NULL, '');
INSERT INTO source_files (id, repo, relative_path, content_hash, extractor_version, grammar_version, last_indexed, deleted, last_pr_id_set, pr_miner_version) VALUES (850, 'bench-repo', 'pkg/new49/file.go', 'h850', 'test', NULL, '2026-01-01T00:00:00Z', 0, NULL, '');
INSERT INTO source_files (id, repo, relative_path, content_hash, extractor_version, grammar_version, last_indexed, deleted, last_pr_id_set, pr_miner_version) VALUES (851, 'bench-repo', 'pkg/new50/file.go', 'h851', 'test', NULL, '2026-01-01T00:00:00Z', 0, NULL, '');
INSERT INTO source_files (id, repo, relative_path, content_hash, extractor_version, grammar_version, last_indexed, deleted, last_pr_id_set, pr_miner_version) VALUES (852, 'bench-repo', 'pkg/new51/file.go', 'h852', 'test', NULL, '2026-01-01T00:00:00Z', 0, NULL, '');
INSERT INTO source_files (id, repo, relative_path, content_hash, extractor_version, grammar_version, last_indexed, deleted, last_pr_id_set, pr_miner_version) VALUES (853, 'bench-repo', 'pkg/new52/file.go', 'h853', 'test', NULL, '2026-01-01T00:00:00Z', 0, NULL, '');
INSERT INTO source_files (id, repo, relative_path, content_hash, extractor_version, grammar_version, last_indexed, deleted, last_pr_id_set, pr_miner_version) VALUES (854, 'bench-repo', 'pkg/new53/file.go', 'h854', 'test', NULL, '2026-01-01T00:00:00Z', 0, NULL, '');
INSERT INTO source_files (id, repo, relative_path, content_hash, extractor_version, grammar_version, last_indexed, deleted, last_pr_id_set, pr_miner_version) VALUES (855, 'bench-repo', 'pkg/new54/file.go', 'h855', 'test', NULL, '2026-01-01T00:00:00Z', 0, NULL, '');
INSERT INTO source_files (id, repo, relative_path, content_hash, extractor_version, grammar_version, last_indexed, deleted, last_pr_id_set, pr_miner_version) VALUES (856, 'bench-repo', 'pkg/new55/file.go', 'h856', 'test', NULL, '2026-01-01T00:00:00Z', 0, NULL, '');
INSERT INTO source_files (id, repo, relative_path, content_hash, extractor_version, grammar_version, last_indexed, deleted, last_pr_id_set, pr_miner_version) VALUES (857, 'bench-repo', 'pkg/new56/file.go', 'h857', 'test', NULL, '2026-01-01T00:00:00Z', 0, NULL, '');
INSERT INTO source_files (id, repo, relative_path, content_hash, extractor_version, grammar_version, last_indexed, deleted, last_pr_id_set, pr_miner_version) VALUES (858, 'bench-repo', 'pkg/new57/file.go', 'h858', 'test', NULL, '2026-01-01T00:00:00Z', 0, NULL, '');
INSERT INTO source_files (id, repo, relative_path, content_hash, extractor_version, grammar_version, last_indexed, deleted, last_pr_id_set, pr_miner_version) VALUES (859, 'bench-repo', 'pkg/new58/file.go', 'h859', 'test', NULL, '2026-01-01T00:00:00Z', 0, NULL, '');
INSERT INTO source_files (id, repo, relative_path, content_hash, extractor_version, grammar_version, last_indexed, deleted, last_pr_id_set, pr_miner_version) VALUES (860, 'bench-repo', 'pkg/new59/file.go', 'h860', 'test', NULL, '2026-01-01T00:00:00Z', 0, NULL, '');
INSERT INTO source_files (id, repo, relative_path, content_hash, extractor_version, grammar_version, last_indexed, deleted, last_pr_id_set, pr_miner_version) VALUES (861, 'bench-repo', 'pkg/new60/file.go', 'h861', 'test', NULL, '2026-01-01T00:00:00Z', 0, NULL, '');
INSERT INTO source_files (id, repo, relative_path, content_hash, extractor_version, grammar_version, last_indexed, deleted, last_pr_id_set, pr_miner_version) VALUES (862, 'bench-repo', 'pkg/new61/file.go', 'h862', 'test', NULL, '2026-01-01T00:00:00Z', 0, NULL, '');
INSERT INTO source_files (id, repo, relative_path, content_hash, extractor_version, grammar_version, last_indexed, deleted, last_pr_id_set, pr_miner_version) VALUES (863, 'bench-repo', 'pkg/new62/file.go', 'h863', 'test', NULL, '2026-01-01T00:00:00Z', 0, NULL, '');
INSERT INTO source_files (id, repo, relative_path, content_hash, extractor_version, grammar_version, last_indexed, deleted, last_pr_id_set, pr_miner_version) VALUES (864, 'bench-repo', 'pkg/new63/file.go', 'h864', 'test', NULL, '2026-01-01T00:00:00Z', 0, NULL, '');
INSERT INTO source_files (id, repo, relative_path, content_hash, extractor_version, grammar_version, last_indexed, deleted, last_pr_id_set, pr_miner_version) VALUES (865, 'bench-repo', 'pkg/new64/file.go', 'h865', 'test', NULL, '2026-01-01T00:00:00Z', 0, NULL, '');
INSERT INTO source_files (id, repo, relative_path, content_hash, extractor_version, grammar_version, last_indexed, deleted, last_pr_id_set, pr_miner_version) VALUES (866, 'bench-repo', 'pkg/new65/file.go', 'h866', 'test', NULL, '2026-01-01T00:00:00Z', 0, NULL, '');
INSERT INTO source_files (id, repo, relative_path, content_hash, extractor_version, grammar_version, last_indexed, deleted, last_pr_id_set, pr_miner_version) VALUES (867, 'bench-repo', 'pkg/new66/file.go', 'h867', 'test', NULL, '2026-01-01T00:00:00Z', 0, NULL, '');
INSERT INTO source_files (id, repo, relative_path, content_hash, extractor_version, grammar_version, last_indexed, deleted, last_pr_id_set, pr_miner_version) VALUES (868, 'bench-repo', 'pkg/new67/file.go', 'h868', 'test', NULL, '2026-01-01T00:00:00Z', 0, NULL, '');
INSERT INTO source_files (id, repo, relative_path, content_hash, extractor_version, grammar_version, last_indexed, deleted, last_pr_id_set, pr_miner_version) VALUES (869, 'bench-repo', 'pkg/new68/file.go', 'h869', 'test', NULL, '2026-01-01T00:00:00Z', 0, NULL, '');
INSERT INTO source_files (id, repo, relative_path, content_hash, extractor_version, grammar_version, last_indexed, deleted, last_pr_id_set, pr_miner_version) VALUES (870, 'bench-repo', 'pkg/new69/file.go', 'h870', 'test', NULL, '2026-01-01T00:00:00Z', 0, NULL, '');
INSERT INTO source_files (id, repo, relative_path, content_hash, extractor_version, grammar_version, last_indexed, deleted, last_pr_id_set, pr_miner_version) VALUES (871, 'bench-repo', 'pkg/new70/file.go', 'h871', 'test', NULL, '2026-01-01T00:00:00Z', 0, NULL, '');
INSERT INTO source_files (id, repo, relative_path, content_hash, extractor_version, grammar_version, last_indexed, deleted, last_pr_id_set, pr_miner_version) VALUES (872, 'bench-repo', 'pkg/new71/file.go', 'h872', 'test', NULL, '2026-01-01T00:00:00Z', 0, NULL, '');
INSERT INTO source_files (id, repo, relative_path, content_hash, extractor_version, grammar_version, last_indexed, deleted, last_pr_id_set, pr_miner_version) VALUES (873, 'bench-repo', 'pkg/new72/file.go', 'h873', 'test', NULL, '2026-01-01T00:00:00Z', 0, NULL, '');
INSERT INTO source_files (id, repo, relative_path, content_hash, extractor_version, grammar_version, last_indexed, deleted, last_pr_id_set, pr_miner_version) VALUES (874, 'bench-repo', 'pkg/new73/file.go', 'h874', 'test', NULL, '2026-01-01T00:00:00Z', 0, NULL, '');
INSERT INTO source_files (id, repo, relative_path, content_hash, extractor_version, grammar_version, last_indexed, deleted, last_pr_id_set, pr_miner_version) VALUES (875, 'bench-repo', 'pkg/new74/file.go', 'h875', 'test', NULL, '2026-01-01T00:00:00Z', 0, NULL, '');
INSERT INTO source_files (id, repo, relative_path, content_hash, extractor_version, grammar_version, last_indexed, deleted, last_pr_id_set, pr_miner_version) VALUES (876, 'bench-repo', 'pkg/new75/file.go', 'h876', 'test', NULL, '2026-01-01T00:00:00Z', 0, NULL, '');
INSERT INTO source_files (id, repo, relative_path, content_hash, extractor_version, grammar_version, last_indexed, deleted, last_pr_id_set, pr_miner_version) VALUES (877, 'bench-repo', 'pkg/new76/file.go', 'h877', 'test', NULL, '2026-01-01T00:00:00Z', 0, NULL, '');
INSERT INTO source_files (id, repo, relative_path, content_hash, extractor_version, grammar_version, last_indexed, deleted, last_pr_id_set, pr_miner_version) VALUES (878, 'bench-repo', 'pkg/new77/file.go', 'h878', 'test', NULL, '2026-01-01T00:00:00Z', 0, NULL, '');
INSERT INTO source_files (id, repo, relative_path, content_hash, extractor_version, grammar_version, last_indexed, deleted, last_pr_id_set, pr_miner_version) VALUES (879, 'bench-repo', 'pkg/new78/file.go', 'h879', 'test', NULL, '2026-01-01T00:00:00Z', 0, NULL, '');
INSERT INTO source_files (id, repo, relative_path, content_hash, extractor_version, grammar_version, last_indexed, deleted, last_pr_id_set, pr_miner_version) VALUES (880, 'bench-repo', 'pkg/new79/file.go', 'h880', 'test', NULL, '2026-01-01T00:00:00Z', 0, NULL, '');
INSERT INTO source_files (id, repo, relative_path, content_hash, extractor_version, grammar_version, last_indexed, deleted, last_pr_id_set, pr_miner_version) VALUES (881, 'bench-repo', 'pkg/new80/file.go', 'h881', 'test', NULL, '2026-01-01T00:00:00Z', 0, NULL, '');
INSERT INTO source_files (id, repo, relative_path, content_hash, extractor_version, grammar_version, last_indexed, deleted, last_pr_id_set, pr_miner_version) VALUES (882, 'bench-repo', 'pkg/new81/file.go', 'h882', 'test', NULL, '2026-01-01T00:00:00Z', 0, NULL, '');
INSERT INTO source_files (id, repo, relative_path, content_hash, extractor_version, grammar_version, last_indexed, deleted, last_pr_id_set, pr_miner_version) VALUES (883, 'bench-repo', 'pkg/new82/file.go', 'h883', 'test', NULL, '2026-01-01T00:00:00Z', 0, NULL, '');
INSERT INTO source_files (id, repo, relative_path, content_hash, extractor_version, grammar_version, last_indexed, deleted, last_pr_id_set, pr_miner_version) VALUES (884, 'bench-repo', 'pkg/new83/file.go', 'h884', 'test', NULL, '2026-01-01T00:00:00Z', 0, NULL, '');
INSERT INTO source_files (id, repo, relative_path, content_hash, extractor_version, grammar_version, last_indexed, deleted, last_pr_id_set, pr_miner_version) VALUES (885, 'bench-repo', 'pkg/new84/file.go', 'h885', 'test', NULL, '2026-01-01T00:00:00Z', 0, NULL, '');
INSERT INTO source_files (id, repo, relative_path, content_hash, extractor_version, grammar_version, last_indexed, deleted, last_pr_id_set, pr_miner_version) VALUES (886, 'bench-repo', 'pkg/new85/file.go', 'h886', 'test', NULL, '2026-01-01T00:00:00Z', 0, NULL, '');
INSERT INTO source_files (id, repo, relative_path, content_hash, extractor_version, grammar_version, last_indexed, deleted, last_pr_id_set, pr_miner_version) VALUES (887, 'bench-repo', 'pkg/new86/file.go', 'h887', 'test', NULL, '2026-01-01T00:00:00Z', 0, NULL, '');
INSERT INTO source_files (id, repo, relative_path, content_hash, extractor_version, grammar_version, last_indexed, deleted, last_pr_id_set, pr_miner_version) VALUES (888, 'bench-repo', 'pkg/new87/file.go', 'h888', 'test', NULL, '2026-01-01T00:00:00Z', 0, NULL, '');
INSERT INTO source_files (id, repo, relative_path, content_hash, extractor_version, grammar_version, last_indexed, deleted, last_pr_id_set, pr_miner_version) VALUES (889, 'bench-repo', 'pkg/new88/file.go', 'h889', 'test', NULL, '2026-01-01T00:00:00Z', 0, NULL, '');
INSERT INTO source_files (id, repo, relative_path, content_hash, extractor_version, grammar_version, last_indexed, deleted, last_pr_id_set, pr_miner_version) VALUES (890, 'bench-repo', 'pkg/new89/file.go', 'h890', 'test', NULL, '2026-01-01T00:00:00Z', 0, NULL, '');
INSERT INTO source_files (id, repo, relative_path, content_hash, extractor_version, grammar_version, last_indexed, deleted, last_pr_id_set, pr_miner_version) VALUES (891, 'bench-repo', 'pkg/new90/file.go', 'h891', 'test', NULL, '2026-01-01T00:00:00Z', 0, NULL, '');
INSERT INTO source_files (id, repo, relative_path, content_hash, extractor_version, grammar_version, last_indexed, deleted, last_pr_id_set, pr_miner_version) VALUES (892, 'bench-repo', 'pkg/new91/file.go', 'h892', 'test', NULL, '2026-01-01T00:00:00Z', 0, NULL, '');
INSERT INTO source_files (id, repo, relative_path, content_hash, extractor_version, grammar_version, last_indexed, deleted, last_pr_id_set, pr_miner_version) VALUES (893, 'bench-repo', 'pkg/new92/file.go', 'h893', 'test', NULL, '2026-01-01T00:00:00Z', 0, NULL, '');
INSERT INTO source_files (id, repo, relative_path, content_hash, extractor_version, grammar_version, last_indexed, deleted, last_pr_id_set, pr_miner_version) VALUES (894, 'bench-repo', 'pkg/new93/file.go', 'h894', 'test', NULL, '2026-01-01T00:00:00Z', 0, NULL, '');
INSERT INTO source_files (id, repo, relative_path, content_hash, extractor_version, grammar_version, last_indexed, deleted, last_pr_id_set, pr_miner_version) VALUES (895, 'bench-repo', 'pkg/new94/file.go', 'h895', 'test', NULL, '2026-01-01T00:00:00Z', 0, NULL, '');
INSERT INTO source_files (id, repo, relative_path, content_hash, extractor_version, grammar_version, last_indexed, deleted, last_pr_id_set, pr_miner_version) VALUES (896, 'bench-repo', 'pkg/new95/file.go', 'h896', 'test', NULL, '2026-01-01T00:00:00Z', 0, NULL, '');
INSERT INTO source_files (id, repo, relative_path, content_hash, extractor_version, grammar_version, last_indexed, deleted, last_pr_id_set, pr_miner_version) VALUES (897, 'bench-repo', 'pkg/new96/file.go', 'h897', 'test', NULL, '2026-01-01T00:00:00Z', 0, NULL, '');
INSERT INTO source_files (id, repo, relative_path, content_hash, extractor_version, grammar_version, last_indexed, deleted, last_pr_id_set, pr_miner_version) VALUES (898, 'bench-repo', 'pkg/new97/file.go', 'h898', 'test', NULL, '2026-01-01T00:00:00Z', 0, NULL, '');
INSERT INTO source_files (id, repo, relative_path, content_hash, extractor_version, grammar_version, last_indexed, deleted, last_pr_id_set, pr_miner_version) VALUES (899, 'bench-repo', 'pkg/new98/file.go', 'h899', 'test', NULL, '2026-01-01T00:00:00Z', 0, NULL, '');
INSERT INTO source_files (id, repo, relative_path, content_hash, extractor_version, grammar_version, last_indexed, deleted, last_pr_id_set, pr_miner_version) VALUES (900, 'bench-repo', 'pkg/new99/file.go', 'h900', 'test', NULL, '2026-01-01T00:00:00Z', 0, NULL, '');
INSERT INTO source_files (id, repo, relative_path, content_hash, extractor_version, grammar_version, last_indexed, deleted, last_pr_id_set, pr_miner_version) VALUES (901, 'bench-repo', 'pkg/new100/file.go', 'h901', 'test', NULL, '2026-01-01T00:00:00Z', 0, NULL, '');
INSERT INTO source_files (id, repo, relative_path, content_hash, extractor_version, grammar_version, last_indexed, deleted, last_pr_id_set, pr_miner_version) VALUES (902, 'bench-repo', 'pkg/new101/file.go', 'h902', 'test', NULL, '2026-01-01T00:00:00Z', 0, NULL, '');
INSERT INTO source_files (id, repo, relative_path, content_hash, extractor_version, grammar_version, last_indexed, deleted, last_pr_id_set, pr_miner_version) VALUES (903, 'bench-repo', 'pkg/new102/file.go', 'h903', 'test', NULL, '2026-01-01T00:00:00Z', 0, NULL, '');
INSERT INTO source_files (id, repo, relative_path, content_hash, extractor_version, grammar_version, last_indexed, deleted, last_pr_id_set, pr_miner_version) VALUES (904, 'bench-repo', 'pkg/new103/file.go', 'h904', 'test', NULL, '2026-01-01T00:00:00Z', 0, NULL, '');
INSERT INTO source_files (id, repo, relative_path, content_hash, extractor_version, grammar_version, last_indexed, deleted, last_pr_id_set, pr_miner_version) VALUES (905, 'bench-repo', 'pkg/new104/file.go', 'h905', 'test', NULL, '2026-01-01T00:00:00Z', 0, NULL, '');
INSERT INTO source_files (id, repo, relative_path, content_hash, extractor_version, grammar_version, last_indexed, deleted, last_pr_id_set, pr_miner_version) VALUES (906, 'bench-repo', 'pkg/new105/file.go', 'h906', 'test', NULL, '2026-01-01T00:00:00Z', 0, NULL, '');
INSERT INTO source_files (id, repo, relative_path, content_hash, extractor_version, grammar_version, last_indexed, deleted, last_pr_id_set, pr_miner_version) VALUES (907, 'bench-repo', 'pkg/new106/file.go', 'h907', 'test', NULL, '2026-01-01T00:00:00Z', 0, NULL, '');
INSERT INTO source_files (id, repo, relative_path, content_hash, extractor_version, grammar_version, last_indexed, deleted, last_pr_id_set, pr_miner_version) VALUES (908, 'bench-repo', 'pkg/new107/file.go', 'h908', 'test', NULL, '2026-01-01T00:00:00Z', 0, NULL, '');
INSERT INTO source_files (id, repo, relative_path, content_hash, extractor_version, grammar_version, last_indexed, deleted, last_pr_id_set, pr_miner_version) VALUES (909, 'bench-repo', 'pkg/new108/file.go', 'h909', 'test', NULL, '2026-01-01T00:00:00Z', 0, NULL, '');
INSERT INTO source_files (id, repo, relative_path, content_hash, extractor_version, grammar_version, last_indexed, deleted, last_pr_id_set, pr_miner_version) VALUES (910, 'bench-repo', 'pkg/new109/file.go', 'h910', 'test', NULL, '2026-01-01T00:00:00Z', 0, NULL, '');
INSERT INTO source_files (id, repo, relative_path, content_hash, extractor_version, grammar_version, last_indexed, deleted, last_pr_id_set, pr_miner_version) VALUES (911, 'bench-repo', 'pkg/new110/file.go', 'h911', 'test', NULL, '2026-01-01T00:00:00Z', 0, NULL, '');
INSERT INTO source_files (id, repo, relative_path, content_hash, extractor_version, grammar_version, last_indexed, deleted, last_pr_id_set, pr_miner_version) VALUES (912, 'bench-repo', 'pkg/new111/file.go', 'h912', 'test', NULL, '2026-01-01T00:00:00Z', 0, NULL, '');
INSERT INTO source_files (id, repo, relative_path, content_hash, extractor_version, grammar_version, last_indexed, deleted, last_pr_id_set, pr_miner_version) VALUES (913, 'bench-repo', 'pkg/new112/file.go', 'h913', 'test', NULL, '2026-01-01T00:00:00Z', 0, NULL, '');
INSERT INTO source_files (id, repo, relative_path, content_hash, extractor_version, grammar_version, last_indexed, deleted, last_pr_id_set, pr_miner_version) VALUES (914, 'bench-repo', 'pkg/new113/file.go', 'h914', 'test', NULL, '2026-01-01T00:00:00Z', 0, NULL, '');
INSERT INTO source_files (id, repo, relative_path, content_hash, extractor_version, grammar_version, last_indexed, deleted, last_pr_id_set, pr_miner_version) VALUES (915, 'bench-repo', 'pkg/new114/file.go', 'h915', 'test', NULL, '2026-01-01T00:00:00Z', 0, NULL, '');
INSERT INTO source_files (id, repo, relative_path, content_hash, extractor_version, grammar_version, last_indexed, deleted, last_pr_id_set, pr_miner_version) VALUES (916, 'bench-repo', 'pkg/new115/file.go', 'h916', 'test', NULL, '2026-01-01T00:00:00Z', 0, NULL, '');
INSERT INTO source_files (id, repo, relative_path, content_hash, extractor_version, grammar_version, last_indexed, deleted, last_pr_id_set, pr_miner_version) VALUES (917, 'bench-repo', 'pkg/new116/file.go', 'h917', 'test', NULL, '2026-01-01T00:00:00Z', 0, NULL, '');
INSERT INTO source_files (id, repo, relative_path, content_hash, extractor_version, grammar_version, last_indexed, deleted, last_pr_id_set, pr_miner_version) VALUES (918, 'bench-repo', 'pkg/new117/file.go', 'h918', 'test', NULL, '2026-01-01T00:00:00Z', 0, NULL, '');
INSERT INTO source_files (id, repo, relative_path, content_hash, extractor_version, grammar_version, last_indexed, deleted, last_pr_id_set, pr_miner_version) VALUES (919, 'bench-repo', 'pkg/new118/file.go', 'h919', 'test', NULL, '2026-01-01T00:00:00Z', 0, NULL, '');
INSERT INTO source_files (id, repo, relative_path, content_hash, extractor_version, grammar_version, last_indexed, deleted, last_pr_id_set, pr_miner_version) VALUES (920, 'bench-repo', 'pkg/new119/file.go', 'h920', 'test', NULL, '2026-01-01T00:00:00Z', 0, NULL, '');
INSERT INTO source_files (id, repo, relative_path, content_hash, extractor_version, grammar_version, last_indexed, deleted, last_pr_id_set, pr_miner_version) VALUES (921, 'bench-repo', 'pkg/new120/file.go', 'h921', 'test', NULL, '2026-01-01T00:00:00Z', 0, NULL, '');
INSERT INTO source_files (id, repo, relative_path, content_hash, extractor_version, grammar_version, last_indexed, deleted, last_pr_id_set, pr_miner_version) VALUES (922, 'bench-repo', 'pkg/new121/file.go', 'h922', 'test', NULL, '2026-01-01T00:00:00Z', 0, NULL, '');
INSERT INTO source_files (id, repo, relative_path, content_hash, extractor_version, grammar_version, last_indexed, deleted, last_pr_id_set, pr_miner_version) VALUES (923, 'bench-repo', 'pkg/new122/file.go', 'h923', 'test', NULL, '2026-01-01T00:00:00Z', 0, NULL, '');
INSERT INTO source_files (id, repo, relative_path, content_hash, extractor_version, grammar_version, last_indexed, deleted, last_pr_id_set, pr_miner_version) VALUES (924, 'bench-repo', 'pkg/new123/file.go', 'h924', 'test', NULL, '2026-01-01T00:00:00Z', 0, NULL, '');
INSERT INTO source_files (id, repo, relative_path, content_hash, extractor_version, grammar_version, last_indexed, deleted, last_pr_id_set, pr_miner_version) VALUES (925, 'bench-repo', 'pkg/new124/file.go', 'h925', 'test', NULL, '2026-01-01T00:00:00Z', 0, NULL, '');
INSERT INTO source_files (id, repo, relative_path, content_hash, extractor_version, grammar_version, last_indexed, deleted, last_pr_id_set, pr_miner_version) VALUES (926, 'bench-repo', 'pkg/new125/file.go', 'h926', 'test', NULL, '2026-01-01T00:00:00Z', 0, NULL, '');
INSERT INTO source_files (id, repo, relative_path, content_hash, extractor_version, grammar_version, last_indexed, deleted, last_pr_id_set, pr_miner_version) VALUES (927, 'bench-repo', 'pkg/new126/file.go', 'h927', 'test', NULL, '2026-01-01T00:00:00Z', 0, NULL, '');
INSERT INTO source_files (id, repo, relative_path, content_hash, extractor_version, grammar_version, last_indexed, deleted, last_pr_id_set, pr_miner_version) VALUES (928, 'bench-repo', 'pkg/new127/file.go', 'h928', 'test', NULL, '2026-01-01T00:00:00Z', 0, NULL, '');
INSERT INTO source_files (id, repo, relative_path, content_hash, extractor_version, grammar_version, last_indexed, deleted, last_pr_id_set, pr_miner_version) VALUES (929, 'bench-repo', 'pkg/new128/file.go', 'h929', 'test', NULL, '2026-01-01T00:00:00Z', 0, NULL, '');
INSERT INTO source_files (id, repo, relative_path, content_hash, extractor_version, grammar_version, last_indexed, deleted, last_pr_id_set, pr_miner_version) VALUES (930, 'bench-repo', 'pkg/new129/file.go', 'h930', 'test', NULL, '2026-01-01T00:00:00Z', 0, NULL, '');
INSERT INTO source_files (id, repo, relative_path, content_hash, extractor_version, grammar_version, last_indexed, deleted, last_pr_id_set, pr_miner_version) VALUES (931, 'bench-repo', 'pkg/new130/file.go', 'h931', 'test', NULL, '2026-01-01T00:00:00Z', 0, NULL, '');
INSERT INTO source_files (id, repo, relative_path, content_hash, extractor_version, grammar_version, last_indexed, deleted, last_pr_id_set, pr_miner_version) VALUES (932, 'bench-repo', 'pkg/new131/file.go', 'h932', 'test', NULL, '2026-01-01T00:00:00Z', 0, NULL, '');
INSERT INTO source_files (id, repo, relative_path, content_hash, extractor_version, grammar_version, last_indexed, deleted, last_pr_id_set, pr_miner_version) VALUES (933, 'bench-repo', 'pkg/new132/file.go', 'h933', 'test', NULL, '2026-01-01T00:00:00Z', 0, NULL, '');
INSERT INTO source_files (id, repo, relative_path, content_hash, extractor_version, grammar_version, last_indexed, deleted, last_pr_id_set, pr_miner_version) VALUES (934, 'bench-repo', 'pkg/new133/file.go', 'h934', 'test', NULL, '2026-01-01T00:00:00Z', 0, NULL, '');
INSERT INTO source_files (id, repo, relative_path, content_hash, extractor_version, grammar_version, last_indexed, deleted, last_pr_id_set, pr_miner_version) VALUES (935, 'bench-repo', 'pkg/new134/file.go', 'h935', 'test', NULL, '2026-01-01T00:00:00Z', 0, NULL, '');
INSERT INTO source_files (id, repo, relative_path, content_hash, extractor_version, grammar_version, last_indexed, deleted, last_pr_id_set, pr_miner_version) VALUES (936, 'bench-repo', 'pkg/new135/file.go', 'h936', 'test', NULL, '2026-01-01T00:00:00Z', 0, NULL, '');
INSERT INTO source_files (id, repo, relative_path, content_hash, extractor_version, grammar_version, last_indexed, deleted, last_pr_id_set, pr_miner_version) VALUES (937, 'bench-repo', 'pkg/new136/file.go', 'h937', 'test', NULL, '2026-01-01T00:00:00Z', 0, NULL, '');
INSERT INTO source_files (id, repo, relative_path, content_hash, extractor_version, grammar_version, last_indexed, deleted, last_pr_id_set, pr_miner_version) VALUES (938, 'bench-repo', 'pkg/new137/file.go', 'h938', 'test', NULL, '2026-01-01T00:00:00Z', 0, NULL, '');
INSERT INTO source_files (id, repo, relative_path, content_hash, extractor_version, grammar_version, last_indexed, deleted, last_pr_id_set, pr_miner_version) VALUES (939, 'bench-repo', 'pkg/new138/file.go', 'h939', 'test', NULL, '2026-01-01T00:00:00Z', 0, NULL, '');
INSERT INTO source_files (id, repo, relative_path, content_hash, extractor_version, grammar_version, last_indexed, deleted, last_pr_id_set, pr_miner_version) VALUES (940, 'bench-repo', 'pkg/new139/file.go', 'h940', 'test', NULL, '2026-01-01T00:00:00Z', 0, NULL, '');
INSERT INTO source_files (id, repo, relative_path, content_hash, extractor_version, grammar_version, last_indexed, deleted, last_pr_id_set, pr_miner_version) VALUES (941, 'bench-repo', 'pkg/new140/file.go', 'h941', 'test', NULL, '2026-01-01T00:00:00Z', 0, NULL, '');
INSERT INTO source_files (id, repo, relative_path, content_hash, extractor_version, grammar_version, last_indexed, deleted, last_pr_id_set, pr_miner_version) VALUES (942, 'bench-repo', 'pkg/new141/file.go', 'h942', 'test', NULL, '2026-01-01T00:00:00Z', 0, NULL, '');
INSERT INTO source_files (id, repo, relative_path, content_hash, extractor_version, grammar_version, last_indexed, deleted, last_pr_id_set, pr_miner_version) VALUES (943, 'bench-repo', 'pkg/new142/file.go', 'h943', 'test', NULL, '2026-01-01T00:00:00Z', 0, NULL, '');
INSERT INTO source_files (id, repo, relative_path, content_hash, extractor_version, grammar_version, last_indexed, deleted, last_pr_id_set, pr_miner_version) VALUES (944, 'bench-repo', 'pkg/new143/file.go', 'h944', 'test', NULL, '2026-01-01T00:00:00Z', 0, NULL, '');
INSERT INTO source_files (id, repo, relative_path, content_hash, extractor_version, grammar_version, last_indexed, deleted, last_pr_id_set, pr_miner_version) VALUES (945, 'bench-repo', 'pkg/new144/file.go', 'h945', 'test', NULL, '2026-01-01T00:00:00Z', 0, NULL, '');
INSERT INTO source_files (id, repo, relative_path, content_hash, extractor_version, grammar_version, last_indexed, deleted, last_pr_id_set, pr_miner_version) VALUES (946, 'bench-repo', 'pkg/new145/file.go', 'h946', 'test', NULL, '2026-01-01T00:00:00Z', 0, NULL, '');
INSERT INTO source_files (id, repo, relative_path, content_hash, extractor_version, grammar_version, last_indexed, deleted, last_pr_id_set, pr_miner_version) VALUES (947, 'bench-repo', 'pkg/new146/file.go', 'h947', 'test', NULL, '2026-01-01T00:00:00Z', 0, NULL, '');
INSERT INTO source_files (id, repo, relative_path, content_hash, extractor_version, grammar_version, last_indexed, deleted, last_pr_id_set, pr_miner_version) VALUES (948, 'bench-repo', 'pkg/new147/file.go', 'h948', 'test', NULL, '2026-01-01T00:00:00Z', 0, NULL, '');
INSERT INTO source_files (id, repo, relative_path, content_hash, extractor_version, grammar_version, last_indexed, deleted, last_pr_id_set, pr_miner_version) VALUES (949, 'bench-repo', 'pkg/new148/file.go', 'h949', 'test', NULL, '2026-01-01T00:00:00Z', 0, NULL, '');
INSERT INTO source_files (id, repo, relative_path, content_hash, extractor_version, grammar_version, last_indexed, deleted, last_pr_id_set, pr_miner_version) VALUES (950, 'bench-repo', 'pkg/new149/file.go', 'h950', 'test', NULL, '2026-01-01T00:00:00Z', 0, NULL, '');
INSERT INTO source_files (id, repo, relative_path, content_hash, extractor_version, grammar_version, last_indexed, deleted, last_pr_id_set, pr_miner_version) VALUES (951, 'bench-repo', 'pkg/saturated0/file.go', 'h951', 'test', NULL, '2026-01-01T00:00:00Z', 0, X'01000000', '');
INSERT INTO source_files (id, repo, relative_path, content_hash, extractor_version, grammar_version, last_indexed, deleted, last_pr_id_set, pr_miner_version) VALUES (952, 'bench-repo', 'pkg/saturated1/file.go', 'h952', 'test', NULL, '2026-01-01T00:00:00Z', 0, X'01000000', '');
INSERT INTO source_files (id, repo, relative_path, content_hash, extractor_version, grammar_version, last_indexed, deleted, last_pr_id_set, pr_miner_version) VALUES (953, 'bench-repo', 'pkg/saturated2/file.go', 'h953', 'test', NULL, '2026-01-01T00:00:00Z', 0, X'01000000', '');
INSERT INTO source_files (id, repo, relative_path, content_hash, extractor_version, grammar_version, last_indexed, deleted, last_pr_id_set, pr_miner_version) VALUES (954, 'bench-repo', 'pkg/saturated3/file.go', 'h954', 'test', NULL, '2026-01-01T00:00:00Z', 0, X'01000000', '');
INSERT INTO source_files (id, repo, relative_path, content_hash, extractor_version, grammar_version, last_indexed, deleted, last_pr_id_set, pr_miner_version) VALUES (955, 'bench-repo', 'pkg/saturated4/file.go', 'h955', 'test', NULL, '2026-01-01T00:00:00Z', 0, X'01000000', '');
INSERT INTO source_files (id, repo, relative_path, content_hash, extractor_version, grammar_version, last_indexed, deleted, last_pr_id_set, pr_miner_version) VALUES (956, 'bench-repo', 'pkg/saturated5/file.go', 'h956', 'test', NULL, '2026-01-01T00:00:00Z', 0, X'01000000', '');
INSERT INTO source_files (id, repo, relative_path, content_hash, extractor_version, grammar_version, last_indexed, deleted, last_pr_id_set, pr_miner_version) VALUES (957, 'bench-repo', 'pkg/saturated6/file.go', 'h957', 'test', NULL, '2026-01-01T00:00:00Z', 0, X'01000000', '');
INSERT INTO source_files (id, repo, relative_path, content_hash, extractor_version, grammar_version, last_indexed, deleted, last_pr_id_set, pr_miner_version) VALUES (958, 'bench-repo', 'pkg/saturated7/file.go', 'h958', 'test', NULL, '2026-01-01T00:00:00Z', 0, X'01000000', '');
INSERT INTO source_files (id, repo, relative_path, content_hash, extractor_version, grammar_version, last_indexed, deleted, last_pr_id_set, pr_miner_version) VALUES (959, 'bench-repo', 'pkg/saturated8/file.go', 'h959', 'test', NULL, '2026-01-01T00:00:00Z', 0, X'01000000', '');
INSERT INTO source_files (id, repo, relative_path, content_hash, extractor_version, grammar_version, last_indexed, deleted, last_pr_id_set, pr_miner_version) VALUES (960, 'bench-repo', 'pkg/saturated9/file.go', 'h960', 'test', NULL, '2026-01-01T00:00:00Z', 0, X'01000000', '');
INSERT INTO source_files (id, repo, relative_path, content_hash, extractor_version, grammar_version, last_indexed, deleted, last_pr_id_set, pr_miner_version) VALUES (961, 'bench-repo', 'pkg/saturated10/file.go', 'h961', 'test', NULL, '2026-01-01T00:00:00Z', 0, X'01000000', '');
INSERT INTO source_files (id, repo, relative_path, content_hash, extractor_version, grammar_version, last_indexed, deleted, last_pr_id_set, pr_miner_version) VALUES (962, 'bench-repo', 'pkg/saturated11/file.go', 'h962', 'test', NULL, '2026-01-01T00:00:00Z', 0, X'01000000', '');
INSERT INTO source_files (id, repo, relative_path, content_hash, extractor_version, grammar_version, last_indexed, deleted, last_pr_id_set, pr_miner_version) VALUES (963, 'bench-repo', 'pkg/saturated12/file.go', 'h963', 'test', NULL, '2026-01-01T00:00:00Z', 0, X'01000000', '');
INSERT INTO source_files (id, repo, relative_path, content_hash, extractor_version, grammar_version, last_indexed, deleted, last_pr_id_set, pr_miner_version) VALUES (964, 'bench-repo', 'pkg/saturated13/file.go', 'h964', 'test', NULL, '2026-01-01T00:00:00Z', 0, X'01000000', '');
INSERT INTO source_files (id, repo, relative_path, content_hash, extractor_version, grammar_version, last_indexed, deleted, last_pr_id_set, pr_miner_version) VALUES (965, 'bench-repo', 'pkg/saturated14/file.go', 'h965', 'test', NULL, '2026-01-01T00:00:00Z', 0, X'01000000', '');
INSERT INTO source_files (id, repo, relative_path, content_hash, extractor_version, grammar_version, last_indexed, deleted, last_pr_id_set, pr_miner_version) VALUES (966, 'bench-repo', 'pkg/saturated15/file.go', 'h966', 'test', NULL, '2026-01-01T00:00:00Z', 0, X'01000000', '');
INSERT INTO source_files (id, repo, relative_path, content_hash, extractor_version, grammar_version, last_indexed, deleted, last_pr_id_set, pr_miner_version) VALUES (967, 'bench-repo', 'pkg/saturated16/file.go', 'h967', 'test', NULL, '2026-01-01T00:00:00Z', 0, X'01000000', '');
INSERT INTO source_files (id, repo, relative_path, content_hash, extractor_version, grammar_version, last_indexed, deleted, last_pr_id_set, pr_miner_version) VALUES (968, 'bench-repo', 'pkg/saturated17/file.go', 'h968', 'test', NULL, '2026-01-01T00:00:00Z', 0, X'01000000', '');
INSERT INTO source_files (id, repo, relative_path, content_hash, extractor_version, grammar_version, last_indexed, deleted, last_pr_id_set, pr_miner_version) VALUES (969, 'bench-repo', 'pkg/saturated18/file.go', 'h969', 'test', NULL, '2026-01-01T00:00:00Z', 0, X'01000000', '');
INSERT INTO source_files (id, repo, relative_path, content_hash, extractor_version, grammar_version, last_indexed, deleted, last_pr_id_set, pr_miner_version) VALUES (970, 'bench-repo', 'pkg/saturated19/file.go', 'h970', 'test', NULL, '2026-01-01T00:00:00Z', 0, X'01000000', '');
INSERT INTO source_files (id, repo, relative_path, content_hash, extractor_version, grammar_version, last_indexed, deleted, last_pr_id_set, pr_miner_version) VALUES (971, 'bench-repo', 'pkg/saturated20/file.go', 'h971', 'test', NULL, '2026-01-01T00:00:00Z', 0, X'01000000', '');
INSERT INTO source_files (id, repo, relative_path, content_hash, extractor_version, grammar_version, last_indexed, deleted, last_pr_id_set, pr_miner_version) VALUES (972, 'bench-repo', 'pkg/saturated21/file.go', 'h972', 'test', NULL, '2026-01-01T00:00:00Z', 0, X'01000000', '');
INSERT INTO source_files (id, repo, relative_path, content_hash, extractor_version, grammar_version, last_indexed, deleted, last_pr_id_set, pr_miner_version) VALUES (973, 'bench-repo', 'pkg/saturated22/file.go', 'h973', 'test', NULL, '2026-01-01T00:00:00Z', 0, X'01000000', '');
INSERT INTO source_files (id, repo, relative_path, content_hash, extractor_version, grammar_version, last_indexed, deleted, last_pr_id_set, pr_miner_version) VALUES (974, 'bench-repo', 'pkg/saturated23/file.go', 'h974', 'test', NULL, '2026-01-01T00:00:00Z', 0, X'01000000', '');
INSERT INTO source_files (id, repo, relative_path, content_hash, extractor_version, grammar_version, last_indexed, deleted, last_pr_id_set, pr_miner_version) VALUES (975, 'bench-repo', 'pkg/saturated24/file.go', 'h975', 'test', NULL, '2026-01-01T00:00:00Z', 0, X'01000000', '');
INSERT INTO source_files (id, repo, relative_path, content_hash, extractor_version, grammar_version, last_indexed, deleted, last_pr_id_set, pr_miner_version) VALUES (976, 'bench-repo', 'pkg/saturated25/file.go', 'h976', 'test', NULL, '2026-01-01T00:00:00Z', 0, X'01000000', '');
INSERT INTO source_files (id, repo, relative_path, content_hash, extractor_version, grammar_version, last_indexed, deleted, last_pr_id_set, pr_miner_version) VALUES (977, 'bench-repo', 'pkg/saturated26/file.go', 'h977', 'test', NULL, '2026-01-01T00:00:00Z', 0, X'01000000', '');
INSERT INTO source_files (id, repo, relative_path, content_hash, extractor_version, grammar_version, last_indexed, deleted, last_pr_id_set, pr_miner_version) VALUES (978, 'bench-repo', 'pkg/saturated27/file.go', 'h978', 'test', NULL, '2026-01-01T00:00:00Z', 0, X'01000000', '');
INSERT INTO source_files (id, repo, relative_path, content_hash, extractor_version, grammar_version, last_indexed, deleted, last_pr_id_set, pr_miner_version) VALUES (979, 'bench-repo', 'pkg/saturated28/file.go', 'h979', 'test', NULL, '2026-01-01T00:00:00Z', 0, X'01000000', '');
INSERT INTO source_files (id, repo, relative_path, content_hash, extractor_version, grammar_version, last_indexed, deleted, last_pr_id_set, pr_miner_version) VALUES (980, 'bench-repo', 'pkg/saturated29/file.go', 'h980', 'test', NULL, '2026-01-01T00:00:00Z', 0, X'01000000', '');
INSERT INTO source_files (id, repo, relative_path, content_hash, extractor_version, grammar_version, last_indexed, deleted, last_pr_id_set, pr_miner_version) VALUES (981, 'bench-repo', 'pkg/saturated30/file.go', 'h981', 'test', NULL, '2026-01-01T00:00:00Z', 0, X'01000000', '');
INSERT INTO source_files (id, repo, relative_path, content_hash, extractor_version, grammar_version, last_indexed, deleted, last_pr_id_set, pr_miner_version) VALUES (982, 'bench-repo', 'pkg/saturated31/file.go', 'h982', 'test', NULL, '2026-01-01T00:00:00Z', 0, X'01000000', '');
INSERT INTO source_files (id, repo, relative_path, content_hash, extractor_version, grammar_version, last_indexed, deleted, last_pr_id_set, pr_miner_version) VALUES (983, 'bench-repo', 'pkg/saturated32/file.go', 'h983', 'test', NULL, '2026-01-01T00:00:00Z', 0, X'01000000', '');
INSERT INTO source_files (id, repo, relative_path, content_hash, extractor_version, grammar_version, last_indexed, deleted, last_pr_id_set, pr_miner_version) VALUES (984, 'bench-repo', 'pkg/saturated33/file.go', 'h984', 'test', NULL, '2026-01-01T00:00:00Z', 0, X'01000000', '');
INSERT INTO source_files (id, repo, relative_path, content_hash, extractor_version, grammar_version, last_indexed, deleted, last_pr_id_set, pr_miner_version) VALUES (985, 'bench-repo', 'pkg/saturated34/file.go', 'h985', 'test', NULL, '2026-01-01T00:00:00Z', 0, X'01000000', '');
INSERT INTO source_files (id, repo, relative_path, content_hash, extractor_version, grammar_version, last_indexed, deleted, last_pr_id_set, pr_miner_version) VALUES (986, 'bench-repo', 'pkg/saturated35/file.go', 'h986', 'test', NULL, '2026-01-01T00:00:00Z', 0, X'01000000', '');
INSERT INTO source_files (id, repo, relative_path, content_hash, extractor_version, grammar_version, last_indexed, deleted, last_pr_id_set, pr_miner_version) VALUES (987, 'bench-repo', 'pkg/saturated36/file.go', 'h987', 'test', NULL, '2026-01-01T00:00:00Z', 0, X'01000000', '');
INSERT INTO source_files (id, repo, relative_path, content_hash, extractor_version, grammar_version, last_indexed, deleted, last_pr_id_set, pr_miner_version) VALUES (988, 'bench-repo', 'pkg/saturated37/file.go', 'h988', 'test', NULL, '2026-01-01T00:00:00Z', 0, X'01000000', '');
INSERT INTO source_files (id, repo, relative_path, content_hash, extractor_version, grammar_version, last_indexed, deleted, last_pr_id_set, pr_miner_version) VALUES (989, 'bench-repo', 'pkg/saturated38/file.go', 'h989', 'test', NULL, '2026-01-01T00:00:00Z', 0, X'01000000', '');
INSERT INTO source_files (id, repo, relative_path, content_hash, extractor_version, grammar_version, last_indexed, deleted, last_pr_id_set, pr_miner_version) VALUES (990, 'bench-repo', 'pkg/saturated39/file.go', 'h990', 'test', NULL, '2026-01-01T00:00:00Z', 0, X'01000000', '');
INSERT INTO source_files (id, repo, relative_path, content_hash, extractor_version, grammar_version, last_indexed, deleted, last_pr_id_set, pr_miner_version) VALUES (991, 'bench-repo', 'pkg/saturated40/file.go', 'h991', 'test', NULL, '2026-01-01T00:00:00Z', 0, X'01000000', '');
INSERT INTO source_files (id, repo, relative_path, content_hash, extractor_version, grammar_version, last_indexed, deleted, last_pr_id_set, pr_miner_version) VALUES (992, 'bench-repo', 'pkg/saturated41/file.go', 'h992', 'test', NULL, '2026-01-01T00:00:00Z', 0, X'01000000', '');
INSERT INTO source_files (id, repo, relative_path, content_hash, extractor_version, grammar_version, last_indexed, deleted, last_pr_id_set, pr_miner_version) VALUES (993, 'bench-repo', 'pkg/saturated42/file.go', 'h993', 'test', NULL, '2026-01-01T00:00:00Z', 0, X'01000000', '');
INSERT INTO source_files (id, repo, relative_path, content_hash, extractor_version, grammar_version, last_indexed, deleted, last_pr_id_set, pr_miner_version) VALUES (994, 'bench-repo', 'pkg/saturated43/file.go', 'h994', 'test', NULL, '2026-01-01T00:00:00Z', 0, X'01000000', '');
INSERT INTO source_files (id, repo, relative_path, content_hash, extractor_version, grammar_version, last_indexed, deleted, last_pr_id_set, pr_miner_version) VALUES (995, 'bench-repo', 'pkg/saturated44/file.go', 'h995', 'test', NULL, '2026-01-01T00:00:00Z', 0, X'01000000', '');
INSERT INTO source_files (id, repo, relative_path, content_hash, extractor_version, grammar_version, last_indexed, deleted, last_pr_id_set, pr_miner_version) VALUES (996, 'bench-repo', 'pkg/saturated45/file.go', 'h996', 'test', NULL, '2026-01-01T00:00:00Z', 0, X'01000000', '');
INSERT INTO source_files (id, repo, relative_path, content_hash, extractor_version, grammar_version, last_indexed, deleted, last_pr_id_set, pr_miner_version) VALUES (997, 'bench-repo', 'pkg/saturated46/file.go', 'h997', 'test', NULL, '2026-01-01T00:00:00Z', 0, X'01000000', '');
INSERT INTO source_files (id, repo, relative_path, content_hash, extractor_version, grammar_version, last_indexed, deleted, last_pr_id_set, pr_miner_version) VALUES (998, 'bench-repo', 'pkg/saturated47/file.go', 'h998', 'test', NULL, '2026-01-01T00:00:00Z', 0, X'01000000', '');
INSERT INTO source_files (id, repo, relative_path, content_hash, extractor_version, grammar_version, last_indexed, deleted, last_pr_id_set, pr_miner_version) VALUES (999, 'bench-repo', 'pkg/saturated48/file.go', 'h999', 'test', NULL, '2026-01-01T00:00:00Z', 0, X'01000000', '');
INSERT INTO source_files (id, repo, relative_path, content_hash, extractor_version, grammar_version, last_indexed, deleted, last_pr_id_set, pr_miner_version) VALUES (1000, 'bench-repo', 'pkg/saturated49/file.go', 'h1000', 'test', NULL, '2026-01-01T00:00:00Z', 0, X'01000000', '');
INSERT INTO source_files (id, repo, relative_path, content_hash, extractor_version, grammar_version, last_indexed, deleted, last_pr_id_set, pr_miner_version) VALUES (1001, 'bench-repo', 'pkg/saturated50/file.go', 'h1001', 'test', NULL, '2026-01-01T00:00:00Z', 0, X'01000000', '');
INSERT INTO source_files (id, repo, relative_path, content_hash, extractor_version, grammar_version, last_indexed, deleted, last_pr_id_set, pr_miner_version) VALUES (1002, 'bench-repo', 'pkg/saturated51/file.go', 'h1002', 'test', NULL, '2026-01-01T00:00:00Z', 0, X'01000000', '');
INSERT INTO source_files (id, repo, relative_path, content_hash, extractor_version, grammar_version, last_indexed, deleted, last_pr_id_set, pr_miner_version) VALUES (1003, 'bench-repo', 'pkg/saturated52/file.go', 'h1003', 'test', NULL, '2026-01-01T00:00:00Z', 0, X'01000000', '');
INSERT INTO source_files (id, repo, relative_path, content_hash, extractor_version, grammar_version, last_indexed, deleted, last_pr_id_set, pr_miner_version) VALUES (1004, 'bench-repo', 'pkg/saturated53/file.go', 'h1004', 'test', NULL, '2026-01-01T00:00:00Z', 0, X'01000000', '');
INSERT INTO source_files (id, repo, relative_path, content_hash, extractor_version, grammar_version, last_indexed, deleted, last_pr_id_set, pr_miner_version) VALUES (1005, 'bench-repo', 'pkg/saturated54/file.go', 'h1005', 'test', NULL, '2026-01-01T00:00:00Z', 0, X'01000000', '');
INSERT INTO source_files (id, repo, relative_path, content_hash, extractor_version, grammar_version, last_indexed, deleted, last_pr_id_set, pr_miner_version) VALUES (1006, 'bench-repo', 'pkg/saturated55/file.go', 'h1006', 'test', NULL, '2026-01-01T00:00:00Z', 0, X'01000000', '');
INSERT INTO source_files (id, repo, relative_path, content_hash, extractor_version, grammar_version, last_indexed, deleted, last_pr_id_set, pr_miner_version) VALUES (1007, 'bench-repo', 'pkg/saturated56/file.go', 'h1007', 'test', NULL, '2026-01-01T00:00:00Z', 0, X'01000000', '');
INSERT INTO source_files (id, repo, relative_path, content_hash, extractor_version, grammar_version, last_indexed, deleted, last_pr_id_set, pr_miner_version) VALUES (1008, 'bench-repo', 'pkg/saturated57/file.go', 'h1008', 'test', NULL, '2026-01-01T00:00:00Z', 0, X'01000000', '');
INSERT INTO source_files (id, repo, relative_path, content_hash, extractor_version, grammar_version, last_indexed, deleted, last_pr_id_set, pr_miner_version) VALUES (1009, 'bench-repo', 'pkg/saturated58/file.go', 'h1009', 'test', NULL, '2026-01-01T00:00:00Z', 0, X'01000000', '');
INSERT INTO source_files (id, repo, relative_path, content_hash, extractor_version, grammar_version, last_indexed, deleted, last_pr_id_set, pr_miner_version) VALUES (1010, 'bench-repo', 'pkg/saturated59/file.go', 'h1010', 'test', NULL, '2026-01-01T00:00:00Z', 0, X'01000000', '');
INSERT INTO source_files (id, repo, relative_path, content_hash, extractor_version, grammar_version, last_indexed, deleted, last_pr_id_set, pr_miner_version) VALUES (1011, 'bench-repo', 'pkg/saturated60/file.go', 'h1011', 'test', NULL, '2026-01-01T00:00:00Z', 0, X'01000000', '');
INSERT INTO source_files (id, repo, relative_path, content_hash, extractor_version, grammar_version, last_indexed, deleted, last_pr_id_set, pr_miner_version) VALUES (1012, 'bench-repo', 'pkg/saturated61/file.go', 'h1012', 'test', NULL, '2026-01-01T00:00:00Z', 0, X'01000000', '');
INSERT INTO source_files (id, repo, relative_path, content_hash, extractor_version, grammar_version, last_indexed, deleted, last_pr_id_set, pr_miner_version) VALUES (1013, 'bench-repo', 'pkg/saturated62/file.go', 'h1013', 'test', NULL, '2026-01-01T00:00:00Z', 0, X'01000000', '');
INSERT INTO source_files (id, repo, relative_path, content_hash, extractor_version, grammar_version, last_indexed, deleted, last_pr_id_set, pr_miner_version) VALUES (1014, 'bench-repo', 'pkg/saturated63/file.go', 'h1014', 'test', NULL, '2026-01-01T00:00:00Z', 0, X'01000000', '');
INSERT INTO source_files (id, repo, relative_path, content_hash, extractor_version, grammar_version, last_indexed, deleted, last_pr_id_set, pr_miner_version) VALUES (1015, 'bench-repo', 'pkg/saturated64/file.go', 'h1015', 'test', NULL, '2026-01-01T00:00:00Z', 0, X'01000000', '');
INSERT INTO source_files (id, repo, relative_path, content_hash, extractor_version, grammar_version, last_indexed, deleted, last_pr_id_set, pr_miner_version) VALUES (1016, 'bench-repo', 'pkg/saturated65/file.go', 'h1016', 'test', NULL, '2026-01-01T00:00:00Z', 0, X'01000000', '');
INSERT INTO source_files (id, repo, relative_path, content_hash, extractor_version, grammar_version, last_indexed, deleted, last_pr_id_set, pr_miner_version) VALUES (1017, 'bench-repo', 'pkg/saturated66/file.go', 'h1017', 'test', NULL, '2026-01-01T00:00:00Z', 0, X'01000000', '');
INSERT INTO source_files (id, repo, relative_path, content_hash, extractor_version, grammar_version, last_indexed, deleted, last_pr_id_set, pr_miner_version) VALUES (1018, 'bench-repo', 'pkg/saturated67/file.go', 'h1018', 'test', NULL, '2026-01-01T00:00:00Z', 0, X'01000000', '');
INSERT INTO source_files (id, repo, relative_path, content_hash, extractor_version, grammar_version, last_indexed, deleted, last_pr_id_set, pr_miner_version) VALUES (1019, 'bench-repo', 'pkg/saturated68/file.go', 'h1019', 'test', NULL, '2026-01-01T00:00:00Z', 0, X'01000000', '');
INSERT INTO source_files (id, repo, relative_path, content_hash, extractor_version, grammar_version, last_indexed, deleted, last_pr_id_set, pr_miner_version) VALUES (1020, 'bench-repo', 'pkg/saturated69/file.go', 'h1020', 'test', NULL, '2026-01-01T00:00:00Z', 0, X'01000000', '');
INSERT INTO source_files (id, repo, relative_path, content_hash, extractor_version, grammar_version, last_indexed, deleted, last_pr_id_set, pr_miner_version) VALUES (1021, 'bench-repo', 'pkg/saturated70/file.go', 'h1021', 'test', NULL, '2026-01-01T00:00:00Z', 0, X'01000000', '');
INSERT INTO source_files (id, repo, relative_path, content_hash, extractor_version, grammar_version, last_indexed, deleted, last_pr_id_set, pr_miner_version) VALUES (1022, 'bench-repo', 'pkg/saturated71/file.go', 'h1022', 'test', NULL, '2026-01-01T00:00:00Z', 0, X'01000000', '');
INSERT INTO source_files (id, repo, relative_path, content_hash, extractor_version, grammar_version, last_indexed, deleted, last_pr_id_set, pr_miner_version) VALUES (1023, 'bench-repo', 'pkg/saturated72/file.go', 'h1023', 'test', NULL, '2026-01-01T00:00:00Z', 0, X'01000000', '');
INSERT INTO source_files (id, repo, relative_path, content_hash, extractor_version, grammar_version, last_indexed, deleted, last_pr_id_set, pr_miner_version) VALUES (1024, 'bench-repo', 'pkg/saturated73/file.go', 'h1024', 'test', NULL, '2026-01-01T00:00:00Z', 0, X'01000000', '');
INSERT INTO source_files (id, repo, relative_path, content_hash, extractor_version, grammar_version, last_indexed, deleted, last_pr_id_set, pr_miner_version) VALUES (1025, 'bench-repo', 'pkg/saturated74/file.go', 'h1025', 'test', NULL, '2026-01-01T00:00:00Z', 0, X'01000000', '');
INSERT INTO source_files (id, repo, relative_path, content_hash, extractor_version, grammar_version, last_indexed, deleted, last_pr_id_set, pr_miner_version) VALUES (1026, 'bench-repo', 'pkg/saturated75/file.go', 'h1026', 'test', NULL, '2026-01-01T00:00:00Z', 0, X'01000000', '');
INSERT INTO source_files (id, repo, relative_path, content_hash, extractor_version, grammar_version, last_indexed, deleted, last_pr_id_set, pr_miner_version) VALUES (1027, 'bench-repo', 'pkg/saturated76/file.go', 'h1027', 'test', NULL, '2026-01-01T00:00:00Z', 0, X'01000000', '');
INSERT INTO source_files (id, repo, relative_path, content_hash, extractor_version, grammar_version, last_indexed, deleted, last_pr_id_set, pr_miner_version) VALUES (1028, 'bench-repo', 'pkg/saturated77/file.go', 'h1028', 'test', NULL, '2026-01-01T00:00:00Z', 0, X'01000000', '');
INSERT INTO source_files (id, repo, relative_path, content_hash, extractor_version, grammar_version, last_indexed, deleted, last_pr_id_set, pr_miner_version) VALUES (1029, 'bench-repo', 'pkg/saturated78/file.go', 'h1029', 'test', NULL, '2026-01-01T00:00:00Z', 0, X'01000000', '');
INSERT INTO source_files (id, repo, relative_path, content_hash, extractor_version, grammar_version, last_indexed, deleted, last_pr_id_set, pr_miner_version) VALUES (1030, 'bench-repo', 'pkg/saturated79/file.go', 'h1030', 'test', NULL, '2026-01-01T00:00:00Z', 0, X'01000000', '');
INSERT INTO source_files (id, repo, relative_path, content_hash, extractor_version, grammar_version, last_indexed, deleted, last_pr_id_set, pr_miner_version) VALUES (1031, 'bench-repo', 'pkg/saturated80/file.go', 'h1031', 'test', NULL, '2026-01-01T00:00:00Z', 0, X'01000000', '');
INSERT INTO source_files (id, repo, relative_path, content_hash, extractor_version, grammar_version, last_indexed, deleted, last_pr_id_set, pr_miner_version) VALUES (1032, 'bench-repo', 'pkg/saturated81/file.go', 'h1032', 'test', NULL, '2026-01-01T00:00:00Z', 0, X'01000000', '');
INSERT INTO source_files (id, repo, relative_path, content_hash, extractor_version, grammar_version, last_indexed, deleted, last_pr_id_set, pr_miner_version) VALUES (1033, 'bench-repo', 'pkg/saturated82/file.go', 'h1033', 'test', NULL, '2026-01-01T00:00:00Z', 0, X'01000000', '');
INSERT INTO source_files (id, repo, relative_path, content_hash, extractor_version, grammar_version, last_indexed, deleted, last_pr_id_set, pr_miner_version) VALUES (1034, 'bench-repo', 'pkg/saturated83/file.go', 'h1034', 'test', NULL, '2026-01-01T00:00:00Z', 0, X'01000000', '');
INSERT INTO source_files (id, repo, relative_path, content_hash, extractor_version, grammar_version, last_indexed, deleted, last_pr_id_set, pr_miner_version) VALUES (1035, 'bench-repo', 'pkg/saturated84/file.go', 'h1035', 'test', NULL, '2026-01-01T00:00:00Z', 0, X'01000000', '');
INSERT INTO source_files (id, repo, relative_path, content_hash, extractor_version, grammar_version, last_indexed, deleted, last_pr_id_set, pr_miner_version) VALUES (1036, 'bench-repo', 'pkg/saturated85/file.go', 'h1036', 'test', NULL, '2026-01-01T00:00:00Z', 0, X'01000000', '');
INSERT INTO source_files (id, repo, relative_path, content_hash, extractor_version, grammar_version, last_indexed, deleted, last_pr_id_set, pr_miner_version) VALUES (1037, 'bench-repo', 'pkg/saturated86/file.go', 'h1037', 'test', NULL, '2026-01-01T00:00:00Z', 0, X'01000000', '');
INSERT INTO source_files (id, repo, relative_path, content_hash, extractor_version, grammar_version, last_indexed, deleted, last_pr_id_set, pr_miner_version) VALUES (1038, 'bench-repo', 'pkg/saturated87/file.go', 'h1038', 'test', NULL, '2026-01-01T00:00:00Z', 0, X'01000000', '');
INSERT INTO source_files (id, repo, relative_path, content_hash, extractor_version, grammar_version, last_indexed, deleted, last_pr_id_set, pr_miner_version) VALUES (1039, 'bench-repo', 'pkg/saturated88/file.go', 'h1039', 'test', NULL, '2026-01-01T00:00:00Z', 0, X'01000000', '');
INSERT INTO source_files (id, repo, relative_path, content_hash, extractor_version, grammar_version, last_indexed, deleted, last_pr_id_set, pr_miner_version) VALUES (1040, 'bench-repo', 'pkg/saturated89/file.go', 'h1040', 'test', NULL, '2026-01-01T00:00:00Z', 0, X'01000000', '');
INSERT INTO source_files (id, repo, relative_path, content_hash, extractor_version, grammar_version, last_indexed, deleted, last_pr_id_set, pr_miner_version) VALUES (1041, 'bench-repo', 'pkg/saturated90/file.go', 'h1041', 'test', NULL, '2026-01-01T00:00:00Z', 0, X'01000000', '');
INSERT INTO source_files (id, repo, relative_path, content_hash, extractor_version, grammar_version, last_indexed, deleted, last_pr_id_set, pr_miner_version) VALUES (1042, 'bench-repo', 'pkg/saturated91/file.go', 'h1042', 'test', NULL, '2026-01-01T00:00:00Z', 0, X'01000000', '');
INSERT INTO source_files (id, repo, relative_path, content_hash, extractor_version, grammar_version, last_indexed, deleted, last_pr_id_set, pr_miner_version) VALUES (1043, 'bench-repo', 'pkg/saturated92/file.go', 'h1043', 'test', NULL, '2026-01-01T00:00:00Z', 0, X'01000000', '');
INSERT INTO source_files (id, repo, relative_path, content_hash, extractor_version, grammar_version, last_indexed, deleted, last_pr_id_set, pr_miner_version) VALUES (1044, 'bench-repo', 'pkg/saturated93/file.go', 'h1044', 'test', NULL, '2026-01-01T00:00:00Z', 0, X'01000000', '');
INSERT INTO source_files (id, repo, relative_path, content_hash, extractor_version, grammar_version, last_indexed, deleted, last_pr_id_set, pr_miner_version) VALUES (1045, 'bench-repo', 'pkg/saturated94/file.go', 'h1045', 'test', NULL, '2026-01-01T00:00:00Z', 0, X'01000000', '');
INSERT INTO source_files (id, repo, relative_path, content_hash, extractor_version, grammar_version, last_indexed, deleted, last_pr_id_set, pr_miner_version) VALUES (1046, 'bench-repo', 'pkg/saturated95/file.go', 'h1046', 'test', NULL, '2026-01-01T00:00:00Z', 0, X'01000000', '');
INSERT INTO source_files (id, repo, relative_path, content_hash, extractor_version, grammar_version, last_indexed, deleted, last_pr_id_set, pr_miner_version) VALUES (1047, 'bench-repo', 'pkg/saturated96/file.go', 'h1047', 'test', NULL, '2026-01-01T00:00:00Z', 0, X'01000000', '');
INSERT INTO source_files (id, repo, relative_path, content_hash, extractor_version, grammar_version, last_indexed, deleted, last_pr_id_set, pr_miner_version) VALUES (1048, 'bench-repo', 'pkg/saturated97/file.go', 'h1048', 'test', NULL, '2026-01-01T00:00:00Z', 0, X'01000000', '');
INSERT INTO source_files (id, repo, relative_path, content_hash, extractor_version, grammar_version, last_indexed, deleted, last_pr_id_set, pr_miner_version) VALUES (1049, 'bench-repo', 'pkg/saturated98/file.go', 'h1049', 'test', NULL, '2026-01-01T00:00:00Z', 0, X'01000000', '');
INSERT INTO source_files (id, repo, relative_path, content_hash, extractor_version, grammar_version, last_indexed, deleted, last_pr_id_set, pr_miner_version) VALUES (1050, 'bench-repo', 'pkg/saturated99/file.go', 'h1050', 'test', NULL, '2026-01-01T00:00:00Z', 0, X'01000000', '');
INSERT INTO source_files (id, repo, relative_path, content_hash, extractor_version, grammar_version, last_indexed, deleted, last_pr_id_set, pr_miner_version) VALUES (1051, 'bench-repo', 'pkg/saturated100/file.go', 'h1051', 'test', NULL, '2026-01-01T00:00:00Z', 0, X'01000000', '');
INSERT INTO source_files (id, repo, relative_path, content_hash, extractor_version, grammar_version, last_indexed, deleted, last_pr_id_set, pr_miner_version) VALUES (1052, 'bench-repo', 'pkg/saturated101/file.go', 'h1052', 'test', NULL, '2026-01-01T00:00:00Z', 0, X'01000000', '');
INSERT INTO source_files (id, repo, relative_path, content_hash, extractor_version, grammar_version, last_indexed, deleted, last_pr_id_set, pr_miner_version) VALUES (1053, 'bench-repo', 'pkg/saturated102/file.go', 'h1053', 'test', NULL, '2026-01-01T00:00:00Z', 0, X'01000000', '');
INSERT INTO source_files (id, repo, relative_path, content_hash, extractor_version, grammar_version, last_indexed, deleted, last_pr_id_set, pr_miner_version) VALUES (1054, 'bench-repo', 'pkg/saturated103/file.go', 'h1054', 'test', NULL, '2026-01-01T00:00:00Z', 0, X'01000000', '');
INSERT INTO source_files (id, repo, relative_path, content_hash, extractor_version, grammar_version, last_indexed, deleted, last_pr_id_set, pr_miner_version) VALUES (1055, 'bench-repo', 'pkg/saturated104/file.go', 'h1055', 'test', NULL, '2026-01-01T00:00:00Z', 0, X'01000000', '');
INSERT INTO source_files (id, repo, relative_path, content_hash, extractor_version, grammar_version, last_indexed, deleted, last_pr_id_set, pr_miner_version) VALUES (1056, 'bench-repo', 'pkg/saturated105/file.go', 'h1056', 'test', NULL, '2026-01-01T00:00:00Z', 0, X'01000000', '');
INSERT INTO source_files (id, repo, relative_path, content_hash, extractor_version, grammar_version, last_indexed, deleted, last_pr_id_set, pr_miner_version) VALUES (1057, 'bench-repo', 'pkg/saturated106/file.go', 'h1057', 'test', NULL, '2026-01-01T00:00:00Z', 0, X'01000000', '');
INSERT INTO source_files (id, repo, relative_path, content_hash, extractor_version, grammar_version, last_indexed, deleted, last_pr_id_set, pr_miner_version) VALUES (1058, 'bench-repo', 'pkg/saturated107/file.go', 'h1058', 'test', NULL, '2026-01-01T00:00:00Z', 0, X'01000000', '');
INSERT INTO source_files (id, repo, relative_path, content_hash, extractor_version, grammar_version, last_indexed, deleted, last_pr_id_set, pr_miner_version) VALUES (1059, 'bench-repo', 'pkg/saturated108/file.go', 'h1059', 'test', NULL, '2026-01-01T00:00:00Z', 0, X'01000000', '');
INSERT INTO source_files (id, repo, relative_path, content_hash, extractor_version, grammar_version, last_indexed, deleted, last_pr_id_set, pr_miner_version) VALUES (1060, 'bench-repo', 'pkg/saturated109/file.go', 'h1060', 'test', NULL, '2026-01-01T00:00:00Z', 0, X'01000000', '');
INSERT INTO source_files (id, repo, relative_path, content_hash, extractor_version, grammar_version, last_indexed, deleted, last_pr_id_set, pr_miner_version) VALUES (1061, 'bench-repo', 'pkg/saturated110/file.go', 'h1061', 'test', NULL, '2026-01-01T00:00:00Z', 0, X'01000000', '');
INSERT INTO source_files (id, repo, relative_path, content_hash, extractor_version, grammar_version, last_indexed, deleted, last_pr_id_set, pr_miner_version) VALUES (1062, 'bench-repo', 'pkg/saturated111/file.go', 'h1062', 'test', NULL, '2026-01-01T00:00:00Z', 0, X'01000000', '');
INSERT INTO source_files (id, repo, relative_path, content_hash, extractor_version, grammar_version, last_indexed, deleted, last_pr_id_set, pr_miner_version) VALUES (1063, 'bench-repo', 'pkg/saturated112/file.go', 'h1063', 'test', NULL, '2026-01-01T00:00:00Z', 0, X'01000000', '');
INSERT INTO source_files (id, repo, relative_path, content_hash, extractor_version, grammar_version, last_indexed, deleted, last_pr_id_set, pr_miner_version) VALUES (1064, 'bench-repo', 'pkg/saturated113/file.go', 'h1064', 'test', NULL, '2026-01-01T00:00:00Z', 0, X'01000000', '');
INSERT INTO source_files (id, repo, relative_path, content_hash, extractor_version, grammar_version, last_indexed, deleted, last_pr_id_set, pr_miner_version) VALUES (1065, 'bench-repo', 'pkg/saturated114/file.go', 'h1065', 'test', NULL, '2026-01-01T00:00:00Z', 0, X'01000000', '');
INSERT INTO source_files (id, repo, relative_path, content_hash, extractor_version, grammar_version, last_indexed, deleted, last_pr_id_set, pr_miner_version) VALUES (1066, 'bench-repo', 'pkg/saturated115/file.go', 'h1066', 'test', NULL, '2026-01-01T00:00:00Z', 0, X'01000000', '');
INSERT INTO source_files (id, repo, relative_path, content_hash, extractor_version, grammar_version, last_indexed, deleted, last_pr_id_set, pr_miner_version) VALUES (1067, 'bench-repo', 'pkg/saturated116/file.go', 'h1067', 'test', NULL, '2026-01-01T00:00:00Z', 0, X'01000000', '');
INSERT INTO source_files (id, repo, relative_path, content_hash, extractor_version, grammar_version, last_indexed, deleted, last_pr_id_set, pr_miner_version) VALUES (1068, 'bench-repo', 'pkg/saturated117/file.go', 'h1068', 'test', NULL, '2026-01-01T00:00:00Z', 0, X'01000000', '');
INSERT INTO source_files (id, repo, relative_path, content_hash, extractor_version, grammar_version, last_indexed, deleted, last_pr_id_set, pr_miner_version) VALUES (1069, 'bench-repo', 'pkg/saturated118/file.go', 'h1069', 'test', NULL, '2026-01-01T00:00:00Z', 0, X'01000000', '');
INSERT INTO source_files (id, repo, relative_path, content_hash, extractor_version, grammar_version, last_indexed, deleted, last_pr_id_set, pr_miner_version) VALUES (1070, 'bench-repo', 'pkg/saturated119/file.go', 'h1070', 'test', NULL, '2026-01-01T00:00:00Z', 0, X'01000000', '');
INSERT INTO source_files (id, repo, relative_path, content_hash, extractor_version, grammar_version, last_indexed, deleted, last_pr_id_set, pr_miner_version) VALUES (1071, 'bench-repo', 'pkg/saturated120/file.go', 'h1071', 'test', NULL, '2026-01-01T00:00:00Z', 0, X'01000000', '');
INSERT INTO source_files (id, repo, relative_path, content_hash, extractor_version, grammar_version, last_indexed, deleted, last_pr_id_set, pr_miner_version) VALUES (1072, 'bench-repo', 'pkg/saturated121/file.go', 'h1072', 'test', NULL, '2026-01-01T00:00:00Z', 0, X'01000000', '');
INSERT INTO source_files (id, repo, relative_path, content_hash, extractor_version, grammar_version, last_indexed, deleted, last_pr_id_set, pr_miner_version) VALUES (1073, 'bench-repo', 'pkg/saturated122/file.go', 'h1073', 'test', NULL, '2026-01-01T00:00:00Z', 0, X'01000000', '');
INSERT INTO source_files (id, repo, relative_path, content_hash, extractor_version, grammar_version, last_indexed, deleted, last_pr_id_set, pr_miner_version) VALUES (1074, 'bench-repo', 'pkg/saturated123/file.go', 'h1074', 'test', NULL, '2026-01-01T00:00:00Z', 0, X'01000000', '');
INSERT INTO source_files (id, repo, relative_path, content_hash, extractor_version, grammar_version, last_indexed, deleted, last_pr_id_set, pr_miner_version) VALUES (1075, 'bench-repo', 'pkg/saturated124/file.go', 'h1075', 'test', NULL, '2026-01-01T00:00:00Z', 0, X'01000000', '');
INSERT INTO source_files (id, repo, relative_path, content_hash, extractor_version, grammar_version, last_indexed, deleted, last_pr_id_set, pr_miner_version) VALUES (1076, 'bench-repo', 'pkg/saturated125/file.go', 'h1076', 'test', NULL, '2026-01-01T00:00:00Z', 0, X'01000000', '');
INSERT INTO source_files (id, repo, relative_path, content_hash, extractor_version, grammar_version, last_indexed, deleted, last_pr_id_set, pr_miner_version) VALUES (1077, 'bench-repo', 'pkg/saturated126/file.go', 'h1077', 'test', NULL, '2026-01-01T00:00:00Z', 0, X'01000000', '');
INSERT INTO source_files (id, repo, relative_path, content_hash, extractor_version, grammar_version, last_indexed, deleted, last_pr_id_set, pr_miner_version) VALUES (1078, 'bench-repo', 'pkg/saturated127/file.go', 'h1078', 'test', NULL, '2026-01-01T00:00:00Z', 0, X'01000000', '');
INSERT INTO source_files (id, repo, relative_path, content_hash, extractor_version, grammar_version, last_indexed, deleted, last_pr_id_set, pr_miner_version) VALUES (1079, 'bench-repo', 'pkg/saturated128/file.go', 'h1079', 'test', NULL, '2026-01-01T00:00:00Z', 0, X'01000000', '');
INSERT INTO source_files (id, repo, relative_path, content_hash, extractor_version, grammar_version, last_indexed, deleted, last_pr_id_set, pr_miner_version) VALUES (1080, 'bench-repo', 'pkg/saturated129/file.go', 'h1080', 'test', NULL, '2026-01-01T00:00:00Z', 0, X'01000000', '');
INSERT INTO source_files (id, repo, relative_path, content_hash, extractor_version, grammar_version, last_indexed, deleted, last_pr_id_set, pr_miner_version) VALUES (1081, 'bench-repo', 'pkg/saturated130/file.go', 'h1081', 'test', NULL, '2026-01-01T00:00:00Z', 0, X'01000000', '');
INSERT INTO source_files (id, repo, relative_path, content_hash, extractor_version, grammar_version, last_indexed, deleted, last_pr_id_set, pr_miner_version) VALUES (1082, 'bench-repo', 'pkg/saturated131/file.go', 'h1082', 'test', NULL, '2026-01-01T00:00:00Z', 0, X'01000000', '');
INSERT INTO source_files (id, repo, relative_path, content_hash, extractor_version, grammar_version, last_indexed, deleted, last_pr_id_set, pr_miner_version) VALUES (1083, 'bench-repo', 'pkg/saturated132/file.go', 'h1083', 'test', NULL, '2026-01-01T00:00:00Z', 0, X'01000000', '');
INSERT INTO source_files (id, repo, relative_path, content_hash, extractor_version, grammar_version, last_indexed, deleted, last_pr_id_set, pr_miner_version) VALUES (1084, 'bench-repo', 'pkg/saturated133/file.go', 'h1084', 'test', NULL, '2026-01-01T00:00:00Z', 0, X'01000000', '');
INSERT INTO source_files (id, repo, relative_path, content_hash, extractor_version, grammar_version, last_indexed, deleted, last_pr_id_set, pr_miner_version) VALUES (1085, 'bench-repo', 'pkg/saturated134/file.go', 'h1085', 'test', NULL, '2026-01-01T00:00:00Z', 0, X'01000000', '');
INSERT INTO source_files (id, repo, relative_path, content_hash, extractor_version, grammar_version, last_indexed, deleted, last_pr_id_set, pr_miner_version) VALUES (1086, 'bench-repo', 'pkg/saturated135/file.go', 'h1086', 'test', NULL, '2026-01-01T00:00:00Z', 0, X'01000000', '');
INSERT INTO source_files (id, repo, relative_path, content_hash, extractor_version, grammar_version, last_indexed, deleted, last_pr_id_set, pr_miner_version) VALUES (1087, 'bench-repo', 'pkg/saturated136/file.go', 'h1087', 'test', NULL, '2026-01-01T00:00:00Z', 0, X'01000000', '');
INSERT INTO source_files (id, repo, relative_path, content_hash, extractor_version, grammar_version, last_indexed, deleted, last_pr_id_set, pr_miner_version) VALUES (1088, 'bench-repo', 'pkg/saturated137/file.go', 'h1088', 'test', NULL, '2026-01-01T00:00:00Z', 0, X'01000000', '');
INSERT INTO source_files (id, repo, relative_path, content_hash, extractor_version, grammar_version, last_indexed, deleted, last_pr_id_set, pr_miner_version) VALUES (1089, 'bench-repo', 'pkg/saturated138/file.go', 'h1089', 'test', NULL, '2026-01-01T00:00:00Z', 0, X'01000000', '');
INSERT INTO source_files (id, repo, relative_path, content_hash, extractor_version, grammar_version, last_indexed, deleted, last_pr_id_set, pr_miner_version) VALUES (1090, 'bench-repo', 'pkg/saturated139/file.go', 'h1090', 'test', NULL, '2026-01-01T00:00:00Z', 0, X'01000000', '');
INSERT INTO source_files (id, repo, relative_path, content_hash, extractor_version, grammar_version, last_indexed, deleted, last_pr_id_set, pr_miner_version) VALUES (1091, 'bench-repo', 'pkg/saturated140/file.go', 'h1091', 'test', NULL, '2026-01-01T00:00:00Z', 0, X'01000000', '');
INSERT INTO source_files (id, repo, relative_path, content_hash, extractor_version, grammar_version, last_indexed, deleted, last_pr_id_set, pr_miner_version) VALUES (1092, 'bench-repo', 'pkg/saturated141/file.go', 'h1092', 'test', NULL, '2026-01-01T00:00:00Z', 0, X'01000000', '');
INSERT INTO source_files (id, repo, relative_path, content_hash, extractor_version, grammar_version, last_indexed, deleted, last_pr_id_set, pr_miner_version) VALUES (1093, 'bench-repo', 'pkg/saturated142/file.go', 'h1093', 'test', NULL, '2026-01-01T00:00:00Z', 0, X'01000000', '');
INSERT INTO source_files (id, repo, relative_path, content_hash, extractor_version, grammar_version, last_indexed, deleted, last_pr_id_set, pr_miner_version) VALUES (1094, 'bench-repo', 'pkg/saturated143/file.go', 'h1094', 'test', NULL, '2026-01-01T00:00:00Z', 0, X'01000000', '');
INSERT INTO source_files (id, repo, relative_path, content_hash, extractor_version, grammar_version, last_indexed, deleted, last_pr_id_set, pr_miner_version) VALUES (1095, 'bench-repo', 'pkg/saturated144/file.go', 'h1095', 'test', NULL, '2026-01-01T00:00:00Z', 0, X'01000000', '');
INSERT INTO source_files (id, repo, relative_path, content_hash, extractor_version, grammar_version, last_indexed, deleted, last_pr_id_set, pr_miner_version) VALUES (1096, 'bench-repo', 'pkg/saturated145/file.go', 'h1096', 'test', NULL, '2026-01-01T00:00:00Z', 0, X'01000000', '');
INSERT INTO source_files (id, repo, relative_path, content_hash, extractor_version, grammar_version, last_indexed, deleted, last_pr_id_set, pr_miner_version) VALUES (1097, 'bench-repo', 'pkg/saturated146/file.go', 'h1097', 'test', NULL, '2026-01-01T00:00:00Z', 0, X'01000000', '');
INSERT INTO source_files (id, repo, relative_path, content_hash, extractor_version, grammar_version, last_indexed, deleted, last_pr_id_set, pr_miner_version) VALUES (1098, 'bench-repo', 'pkg/saturated147/file.go', 'h1098', 'test', NULL, '2026-01-01T00:00:00Z', 0, X'01000000', '');
INSERT INTO source_files (id, repo, relative_path, content_hash, extractor_version, grammar_version, last_indexed, deleted, last_pr_id_set, pr_miner_version) VALUES (1099, 'bench-repo', 'pkg/saturated148/file.go', 'h1099', 'test', NULL, '2026-01-01T00:00:00Z', 0, X'01000000', '');
INSERT INTO source_files (id, repo, relative_path, content_hash, extractor_version, grammar_version, last_indexed, deleted, last_pr_id_set, pr_miner_version) VALUES (1100, 'bench-repo', 'pkg/saturated149/file.go', 'h1100', 'test', NULL, '2026-01-01T00:00:00Z', 0, X'01000000', '');
INSERT INTO source_files (id, repo, relative_path, content_hash, extractor_version, grammar_version, last_indexed, deleted, last_pr_id_set, pr_miner_version) VALUES (1101, 'bench-repo', 'vendor/excluded0/file.go', 'h1101', 'test', NULL, '2026-01-01T00:00:00Z', 0, NULL, '');
INSERT INTO source_files (id, repo, relative_path, content_hash, extractor_version, grammar_version, last_indexed, deleted, last_pr_id_set, pr_miner_version) VALUES (1102, 'bench-repo', 'vendor/excluded1/file.go', 'h1102', 'test', NULL, '2026-01-01T00:00:00Z', 0, NULL, '');
INSERT INTO source_files (id, repo, relative_path, content_hash, extractor_version, grammar_version, last_indexed, deleted, last_pr_id_set, pr_miner_version) VALUES (1103, 'bench-repo', 'vendor/excluded2/file.go', 'h1103', 'test', NULL, '2026-01-01T00:00:00Z', 0, NULL, '');
INSERT INTO source_files (id, repo, relative_path, content_hash, extractor_version, grammar_version, last_indexed, deleted, last_pr_id_set, pr_miner_version) VALUES (1104, 'bench-repo', 'vendor/excluded3/file.go', 'h1104', 'test', NULL, '2026-01-01T00:00:00Z', 0, NULL, '');
INSERT INTO source_files (id, repo, relative_path, content_hash, extractor_version, grammar_version, last_indexed, deleted, last_pr_id_set, pr_miner_version) VALUES (1105, 'bench-repo', 'vendor/excluded4/file.go', 'h1105', 'test', NULL, '2026-01-01T00:00:00Z', 0, NULL, '');
INSERT INTO source_files (id, repo, relative_path, content_hash, extractor_version, grammar_version, last_indexed, deleted, last_pr_id_set, pr_miner_version) VALUES (1106, 'bench-repo', 'vendor/excluded5/file.go', 'h1106', 'test', NULL, '2026-01-01T00:00:00Z', 0, NULL, '');
INSERT INTO source_files (id, repo, relative_path, content_hash, extractor_version, grammar_version, last_indexed, deleted, last_pr_id_set, pr_miner_version) VALUES (1107, 'bench-repo', 'vendor/excluded6/file.go', 'h1107', 'test', NULL, '2026-01-01T00:00:00Z', 0, NULL, '');
INSERT INTO source_files (id, repo, relative_path, content_hash, extractor_version, grammar_version, last_indexed, deleted, last_pr_id_set, pr_miner_version) VALUES (1108, 'bench-repo', 'vendor/excluded7/file.go', 'h1108', 'test', NULL, '2026-01-01T00:00:00Z', 0, NULL, '');
INSERT INTO source_files (id, repo, relative_path, content_hash, extractor_version, grammar_version, last_indexed, deleted, last_pr_id_set, pr_miner_version) VALUES (1109, 'bench-repo', 'vendor/excluded8/file.go', 'h1109', 'test', NULL, '2026-01-01T00:00:00Z', 0, NULL, '');
INSERT INTO source_files (id, repo, relative_path, content_hash, extractor_version, grammar_version, last_indexed, deleted, last_pr_id_set, pr_miner_version) VALUES (1110, 'bench-repo', 'vendor/excluded9/file.go', 'h1110', 'test', NULL, '2026-01-01T00:00:00Z', 0, NULL, '');
INSERT INTO source_files (id, repo, relative_path, content_hash, extractor_version, grammar_version, last_indexed, deleted, last_pr_id_set, pr_miner_version) VALUES (1111, 'bench-repo', 'vendor/excluded10/file.go', 'h1111', 'test', NULL, '2026-01-01T00:00:00Z', 0, NULL, '');
INSERT INTO source_files (id, repo, relative_path, content_hash, extractor_version, grammar_version, last_indexed, deleted, last_pr_id_set, pr_miner_version) VALUES (1112, 'bench-repo', 'vendor/excluded11/file.go', 'h1112', 'test', NULL, '2026-01-01T00:00:00Z', 0, NULL, '');
INSERT INTO source_files (id, repo, relative_path, content_hash, extractor_version, grammar_version, last_indexed, deleted, last_pr_id_set, pr_miner_version) VALUES (1113, 'bench-repo', 'vendor/excluded12/file.go', 'h1113', 'test', NULL, '2026-01-01T00:00:00Z', 0, NULL, '');
INSERT INTO source_files (id, repo, relative_path, content_hash, extractor_version, grammar_version, last_indexed, deleted, last_pr_id_set, pr_miner_version) VALUES (1114, 'bench-repo', 'vendor/excluded13/file.go', 'h1114', 'test', NULL, '2026-01-01T00:00:00Z', 0, NULL, '');
INSERT INTO source_files (id, repo, relative_path, content_hash, extractor_version, grammar_version, last_indexed, deleted, last_pr_id_set, pr_miner_version) VALUES (1115, 'bench-repo', 'vendor/excluded14/file.go', 'h1115', 'test', NULL, '2026-01-01T00:00:00Z', 0, NULL, '');
INSERT INTO source_files (id, repo, relative_path, content_hash, extractor_version, grammar_version, last_indexed, deleted, last_pr_id_set, pr_miner_version) VALUES (1116, 'bench-repo', 'vendor/excluded15/file.go', 'h1116', 'test', NULL, '2026-01-01T00:00:00Z', 0, NULL, '');
INSERT INTO source_files (id, repo, relative_path, content_hash, extractor_version, grammar_version, last_indexed, deleted, last_pr_id_set, pr_miner_version) VALUES (1117, 'bench-repo', 'vendor/excluded16/file.go', 'h1117', 'test', NULL, '2026-01-01T00:00:00Z', 0, NULL, '');
INSERT INTO source_files (id, repo, relative_path, content_hash, extractor_version, grammar_version, last_indexed, deleted, last_pr_id_set, pr_miner_version) VALUES (1118, 'bench-repo', 'vendor/excluded17/file.go', 'h1118', 'test', NULL, '2026-01-01T00:00:00Z', 0, NULL, '');
INSERT INTO source_files (id, repo, relative_path, content_hash, extractor_version, grammar_version, last_indexed, deleted, last_pr_id_set, pr_miner_version) VALUES (1119, 'bench-repo', 'vendor/excluded18/file.go', 'h1119', 'test', NULL, '2026-01-01T00:00:00Z', 0, NULL, '');
INSERT INTO source_files (id, repo, relative_path, content_hash, extractor_version, grammar_version, last_indexed, deleted, last_pr_id_set, pr_miner_version) VALUES (1120, 'bench-repo', 'vendor/excluded19/file.go', 'h1120', 'test', NULL, '2026-01-01T00:00:00Z', 0, NULL, '');
INSERT INTO source_files (id, repo, relative_path, content_hash, extractor_version, grammar_version, last_indexed, deleted, last_pr_id_set, pr_miner_version) VALUES (1121, 'bench-repo', 'vendor/excluded20/file.go', 'h1121', 'test', NULL, '2026-01-01T00:00:00Z', 0, NULL, '');
INSERT INTO source_files (id, repo, relative_path, content_hash, extractor_version, grammar_version, last_indexed, deleted, last_pr_id_set, pr_miner_version) VALUES (1122, 'bench-repo', 'vendor/excluded21/file.go', 'h1122', 'test', NULL, '2026-01-01T00:00:00Z', 0, NULL, '');
INSERT INTO source_files (id, repo, relative_path, content_hash, extractor_version, grammar_version, last_indexed, deleted, last_pr_id_set, pr_miner_version) VALUES (1123, 'bench-repo', 'vendor/excluded22/file.go', 'h1123', 'test', NULL, '2026-01-01T00:00:00Z', 0, NULL, '');
INSERT INTO source_files (id, repo, relative_path, content_hash, extractor_version, grammar_version, last_indexed, deleted, last_pr_id_set, pr_miner_version) VALUES (1124, 'bench-repo', 'vendor/excluded23/file.go', 'h1124', 'test', NULL, '2026-01-01T00:00:00Z', 0, NULL, '');
INSERT INTO source_files (id, repo, relative_path, content_hash, extractor_version, grammar_version, last_indexed, deleted, last_pr_id_set, pr_miner_version) VALUES (1125, 'bench-repo', 'vendor/excluded24/file.go', 'h1125', 'test', NULL, '2026-01-01T00:00:00Z', 0, NULL, '');
INSERT INTO source_files (id, repo, relative_path, content_hash, extractor_version, grammar_version, last_indexed, deleted, last_pr_id_set, pr_miner_version) VALUES (1126, 'bench-repo', 'vendor/excluded25/file.go', 'h1126', 'test', NULL, '2026-01-01T00:00:00Z', 0, NULL, '');
INSERT INTO source_files (id, repo, relative_path, content_hash, extractor_version, grammar_version, last_indexed, deleted, last_pr_id_set, pr_miner_version) VALUES (1127, 'bench-repo', 'vendor/excluded26/file.go', 'h1127', 'test', NULL, '2026-01-01T00:00:00Z', 0, NULL, '');
INSERT INTO source_files (id, repo, relative_path, content_hash, extractor_version, grammar_version, last_indexed, deleted, last_pr_id_set, pr_miner_version) VALUES (1128, 'bench-repo', 'vendor/excluded27/file.go', 'h1128', 'test', NULL, '2026-01-01T00:00:00Z', 0, NULL, '');
INSERT INTO source_files (id, repo, relative_path, content_hash, extractor_version, grammar_version, last_indexed, deleted, last_pr_id_set, pr_miner_version) VALUES (1129, 'bench-repo', 'vendor/excluded28/file.go', 'h1129', 'test', NULL, '2026-01-01T00:00:00Z', 0, NULL, '');
INSERT INTO source_files (id, repo, relative_path, content_hash, extractor_version, grammar_version, last_indexed, deleted, last_pr_id_set, pr_miner_version) VALUES (1130, 'bench-repo', 'vendor/excluded29/file.go', 'h1130', 'test', NULL, '2026-01-01T00:00:00Z', 0, NULL, '');
INSERT INTO source_files (id, repo, relative_path, content_hash, extractor_version, grammar_version, last_indexed, deleted, last_pr_id_set, pr_miner_version) VALUES (1131, 'bench-repo', 'vendor/excluded30/file.go', 'h1131', 'test', NULL, '2026-01-01T00:00:00Z', 0, NULL, '');
INSERT INTO source_files (id, repo, relative_path, content_hash, extractor_version, grammar_version, last_indexed, deleted, last_pr_id_set, pr_miner_version) VALUES (1132, 'bench-repo', 'vendor/excluded31/file.go', 'h1132', 'test', NULL, '2026-01-01T00:00:00Z', 0, NULL, '');
INSERT INTO source_files (id, repo, relative_path, content_hash, extractor_version, grammar_version, last_indexed, deleted, last_pr_id_set, pr_miner_version) VALUES (1133, 'bench-repo', 'vendor/excluded32/file.go', 'h1133', 'test', NULL, '2026-01-01T00:00:00Z', 0, NULL, '');
INSERT INTO source_files (id, repo, relative_path, content_hash, extractor_version, grammar_version, last_indexed, deleted, last_pr_id_set, pr_miner_version) VALUES (1134, 'bench-repo', 'vendor/excluded33/file.go', 'h1134', 'test', NULL, '2026-01-01T00:00:00Z', 0, NULL, '');
INSERT INTO source_files (id, repo, relative_path, content_hash, extractor_version, grammar_version, last_indexed, deleted, last_pr_id_set, pr_miner_version) VALUES (1135, 'bench-repo', 'vendor/excluded34/file.go', 'h1135', 'test', NULL, '2026-01-01T00:00:00Z', 0, NULL, '');
INSERT INTO source_files (id, repo, relative_path, content_hash, extractor_version, grammar_version, last_indexed, deleted, last_pr_id_set, pr_miner_version) VALUES (1136, 'bench-repo', 'vendor/excluded35/file.go', 'h1136', 'test', NULL, '2026-01-01T00:00:00Z', 0, NULL, '');
INSERT INTO source_files (id, repo, relative_path, content_hash, extractor_version, grammar_version, last_indexed, deleted, last_pr_id_set, pr_miner_version) VALUES (1137, 'bench-repo', 'vendor/excluded36/file.go', 'h1137', 'test', NULL, '2026-01-01T00:00:00Z', 0, NULL, '');
INSERT INTO source_files (id, repo, relative_path, content_hash, extractor_version, grammar_version, last_indexed, deleted, last_pr_id_set, pr_miner_version) VALUES (1138, 'bench-repo', 'vendor/excluded37/file.go', 'h1138', 'test', NULL, '2026-01-01T00:00:00Z', 0, NULL, '');
INSERT INTO source_files (id, repo, relative_path, content_hash, extractor_version, grammar_version, last_indexed, deleted, last_pr_id_set, pr_miner_version) VALUES (1139, 'bench-repo', 'vendor/excluded38/file.go', 'h1139', 'test', NULL, '2026-01-01T00:00:00Z', 0, NULL, '');
INSERT INTO source_files (id, repo, relative_path, content_hash, extractor_version, grammar_version, last_indexed, deleted, last_pr_id_set, pr_miner_version) VALUES (1140, 'bench-repo', 'vendor/excluded39/file.go', 'h1140', 'test', NULL, '2026-01-01T00:00:00Z', 0, NULL, '');
INSERT INTO source_files (id, repo, relative_path, content_hash, extractor_version, grammar_version, last_indexed, deleted, last_pr_id_set, pr_miner_version) VALUES (1141, 'bench-repo', 'vendor/excluded40/file.go', 'h1141', 'test', NULL, '2026-01-01T00:00:00Z', 0, NULL, '');
INSERT INTO source_files (id, repo, relative_path, content_hash, extractor_version, grammar_version, last_indexed, deleted, last_pr_id_set, pr_miner_version) VALUES (1142, 'bench-repo', 'vendor/excluded41/file.go', 'h1142', 'test', NULL, '2026-01-01T00:00:00Z', 0, NULL, '');
INSERT INTO source_files (id, repo, relative_path, content_hash, extractor_version, grammar_version, last_indexed, deleted, last_pr_id_set, pr_miner_version) VALUES (1143, 'bench-repo', 'vendor/excluded42/file.go', 'h1143', 'test', NULL, '2026-01-01T00:00:00Z', 0, NULL, '');
INSERT INTO source_files (id, repo, relative_path, content_hash, extractor_version, grammar_version, last_indexed, deleted, last_pr_id_set, pr_miner_version) VALUES (1144, 'bench-repo', 'vendor/excluded43/file.go', 'h1144', 'test', NULL, '2026-01-01T00:00:00Z', 0, NULL, '');
INSERT INTO source_files (id, repo, relative_path, content_hash, extractor_version, grammar_version, last_indexed, deleted, last_pr_id_set, pr_miner_version) VALUES (1145, 'bench-repo', 'vendor/excluded44/file.go', 'h1145', 'test', NULL, '2026-01-01T00:00:00Z', 0, NULL, '');
INSERT INTO source_files (id, repo, relative_path, content_hash, extractor_version, grammar_version, last_indexed, deleted, last_pr_id_set, pr_miner_version) VALUES (1146, 'bench-repo', 'vendor/excluded45/file.go', 'h1146', 'test', NULL, '2026-01-01T00:00:00Z', 0, NULL, '');
INSERT INTO source_files (id, repo, relative_path, content_hash, extractor_version, grammar_version, last_indexed, deleted, last_pr_id_set, pr_miner_version) VALUES (1147, 'bench-repo', 'vendor/excluded46/file.go', 'h1147', 'test', NULL, '2026-01-01T00:00:00Z', 0, NULL, '');
INSERT INTO source_files (id, repo, relative_path, content_hash, extractor_version, grammar_version, last_indexed, deleted, last_pr_id_set, pr_miner_version) VALUES (1148, 'bench-repo', 'vendor/excluded47/file.go', 'h1148', 'test', NULL, '2026-01-01T00:00:00Z', 0, NULL, '');
INSERT INTO source_files (id, repo, relative_path, content_hash, extractor_version, grammar_version, last_indexed, deleted, last_pr_id_set, pr_miner_version) VALUES (1149, 'bench-repo', 'vendor/excluded48/file.go', 'h1149', 'test', NULL, '2026-01-01T00:00:00Z', 0, NULL, '');
INSERT INTO source_files (id, repo, relative_path, content_hash, extractor_version, grammar_version, last_indexed, deleted, last_pr_id_set, pr_miner_version) VALUES (1150, 'bench-repo', 'vendor/excluded49/file.go', 'h1150', 'test', NULL, '2026-01-01T00:00:00Z', 0, NULL, '');
INSERT INTO source_files (id, repo, relative_path, content_hash, extractor_version, grammar_version, last_indexed, deleted, last_pr_id_set, pr_miner_version) VALUES (1151, 'bench-repo', 'testdata/excluded0/file.go', 'h1151', 'test', NULL, '2026-01-01T00:00:00Z', 0, NULL, '');
INSERT INTO source_files (id, repo, relative_path, content_hash, extractor_version, grammar_version, last_indexed, deleted, last_pr_id_set, pr_miner_version) VALUES (1152, 'bench-repo', 'testdata/excluded1/file.go', 'h1152', 'test', NULL, '2026-01-01T00:00:00Z', 0, NULL, '');
INSERT INTO source_files (id, repo, relative_path, content_hash, extractor_version, grammar_version, last_indexed, deleted, last_pr_id_set, pr_miner_version) VALUES (1153, 'bench-repo', 'testdata/excluded2/file.go', 'h1153', 'test', NULL, '2026-01-01T00:00:00Z', 0, NULL, '');
INSERT INTO source_files (id, repo, relative_path, content_hash, extractor_version, grammar_version, last_indexed, deleted, last_pr_id_set, pr_miner_version) VALUES (1154, 'bench-repo', 'testdata/excluded3/file.go', 'h1154', 'test', NULL, '2026-01-01T00:00:00Z', 0, NULL, '');
INSERT INTO source_files (id, repo, relative_path, content_hash, extractor_version, grammar_version, last_indexed, deleted, last_pr_id_set, pr_miner_version) VALUES (1155, 'bench-repo', 'testdata/excluded4/file.go', 'h1155', 'test', NULL, '2026-01-01T00:00:00Z', 0, NULL, '');
INSERT INTO source_files (id, repo, relative_path, content_hash, extractor_version, grammar_version, last_indexed, deleted, last_pr_id_set, pr_miner_version) VALUES (1156, 'bench-repo', 'testdata/excluded5/file.go', 'h1156', 'test', NULL, '2026-01-01T00:00:00Z', 0, NULL, '');
INSERT INTO source_files (id, repo, relative_path, content_hash, extractor_version, grammar_version, last_indexed, deleted, last_pr_id_set, pr_miner_version) VALUES (1157, 'bench-repo', 'testdata/excluded6/file.go', 'h1157', 'test', NULL, '2026-01-01T00:00:00Z', 0, NULL, '');
INSERT INTO source_files (id, repo, relative_path, content_hash, extractor_version, grammar_version, last_indexed, deleted, last_pr_id_set, pr_miner_version) VALUES (1158, 'bench-repo', 'testdata/excluded7/file.go', 'h1158', 'test', NULL, '2026-01-01T00:00:00Z', 0, NULL, '');
INSERT INTO source_files (id, repo, relative_path, content_hash, extractor_version, grammar_version, last_indexed, deleted, last_pr_id_set, pr_miner_version) VALUES (1159, 'bench-repo', 'testdata/excluded8/file.go', 'h1159', 'test', NULL, '2026-01-01T00:00:00Z', 0, NULL, '');
INSERT INTO source_files (id, repo, relative_path, content_hash, extractor_version, grammar_version, last_indexed, deleted, last_pr_id_set, pr_miner_version) VALUES (1160, 'bench-repo', 'testdata/excluded9/file.go', 'h1160', 'test', NULL, '2026-01-01T00:00:00Z', 0, NULL, '');
INSERT INTO source_files (id, repo, relative_path, content_hash, extractor_version, grammar_version, last_indexed, deleted, last_pr_id_set, pr_miner_version) VALUES (1161, 'bench-repo', 'testdata/excluded10/file.go', 'h1161', 'test', NULL, '2026-01-01T00:00:00Z', 0, NULL, '');
INSERT INTO source_files (id, repo, relative_path, content_hash, extractor_version, grammar_version, last_indexed, deleted, last_pr_id_set, pr_miner_version) VALUES (1162, 'bench-repo', 'testdata/excluded11/file.go', 'h1162', 'test', NULL, '2026-01-01T00:00:00Z', 0, NULL, '');
INSERT INTO source_files (id, repo, relative_path, content_hash, extractor_version, grammar_version, last_indexed, deleted, last_pr_id_set, pr_miner_version) VALUES (1163, 'bench-repo', 'testdata/excluded12/file.go', 'h1163', 'test', NULL, '2026-01-01T00:00:00Z', 0, NULL, '');
INSERT INTO source_files (id, repo, relative_path, content_hash, extractor_version, grammar_version, last_indexed, deleted, last_pr_id_set, pr_miner_version) VALUES (1164, 'bench-repo', 'testdata/excluded13/file.go', 'h1164', 'test', NULL, '2026-01-01T00:00:00Z', 0, NULL, '');
INSERT INTO source_files (id, repo, relative_path, content_hash, extractor_version, grammar_version, last_indexed, deleted, last_pr_id_set, pr_miner_version) VALUES (1165, 'bench-repo', 'testdata/excluded14/file.go', 'h1165', 'test', NULL, '2026-01-01T00:00:00Z', 0, NULL, '');
INSERT INTO source_files (id, repo, relative_path, content_hash, extractor_version, grammar_version, last_indexed, deleted, last_pr_id_set, pr_miner_version) VALUES (1166, 'bench-repo', 'testdata/excluded15/file.go', 'h1166', 'test', NULL, '2026-01-01T00:00:00Z', 0, NULL, '');
INSERT INTO source_files (id, repo, relative_path, content_hash, extractor_version, grammar_version, last_indexed, deleted, last_pr_id_set, pr_miner_version) VALUES (1167, 'bench-repo', 'testdata/excluded16/file.go', 'h1167', 'test', NULL, '2026-01-01T00:00:00Z', 0, NULL, '');
INSERT INTO source_files (id, repo, relative_path, content_hash, extractor_version, grammar_version, last_indexed, deleted, last_pr_id_set, pr_miner_version) VALUES (1168, 'bench-repo', 'testdata/excluded17/file.go', 'h1168', 'test', NULL, '2026-01-01T00:00:00Z', 0, NULL, '');
INSERT INTO source_files (id, repo, relative_path, content_hash, extractor_version, grammar_version, last_indexed, deleted, last_pr_id_set, pr_miner_version) VALUES (1169, 'bench-repo', 'testdata/excluded18/file.go', 'h1169', 'test', NULL, '2026-01-01T00:00:00Z', 0, NULL, '');
INSERT INTO source_files (id, repo, relative_path, content_hash, extractor_version, grammar_version, last_indexed, deleted, last_pr_id_set, pr_miner_version) VALUES (1170, 'bench-repo', 'testdata/excluded19/file.go', 'h1170', 'test', NULL, '2026-01-01T00:00:00Z', 0, NULL, '');
INSERT INTO source_files (id, repo, relative_path, content_hash, extractor_version, grammar_version, last_indexed, deleted, last_pr_id_set, pr_miner_version) VALUES (1171, 'bench-repo', 'testdata/excluded20/file.go', 'h1171', 'test', NULL, '2026-01-01T00:00:00Z', 0, NULL, '');
INSERT INTO source_files (id, repo, relative_path, content_hash, extractor_version, grammar_version, last_indexed, deleted, last_pr_id_set, pr_miner_version) VALUES (1172, 'bench-repo', 'testdata/excluded21/file.go', 'h1172', 'test', NULL, '2026-01-01T00:00:00Z', 0, NULL, '');
INSERT INTO source_files (id, repo, relative_path, content_hash, extractor_version, grammar_version, last_indexed, deleted, last_pr_id_set, pr_miner_version) VALUES (1173, 'bench-repo', 'testdata/excluded22/file.go', 'h1173', 'test', NULL, '2026-01-01T00:00:00Z', 0, NULL, '');
INSERT INTO source_files (id, repo, relative_path, content_hash, extractor_version, grammar_version, last_indexed, deleted, last_pr_id_set, pr_miner_version) VALUES (1174, 'bench-repo', 'testdata/excluded23/file.go', 'h1174', 'test', NULL, '2026-01-01T00:00:00Z', 0, NULL, '');
INSERT INTO source_files (id, repo, relative_path, content_hash, extractor_version, grammar_version, last_indexed, deleted, last_pr_id_set, pr_miner_version) VALUES (1175, 'bench-repo', 'testdata/excluded24/file.go', 'h1175', 'test', NULL, '2026-01-01T00:00:00Z', 0, NULL, '');
INSERT INTO source_files (id, repo, relative_path, content_hash, extractor_version, grammar_version, last_indexed, deleted, last_pr_id_set, pr_miner_version) VALUES (1176, 'bench-repo', 'testdata/excluded25/file.go', 'h1176', 'test', NULL, '2026-01-01T00:00:00Z', 0, NULL, '');
INSERT INTO source_files (id, repo, relative_path, content_hash, extractor_version, grammar_version, last_indexed, deleted, last_pr_id_set, pr_miner_version) VALUES (1177, 'bench-repo', 'testdata/excluded26/file.go', 'h1177', 'test', NULL, '2026-01-01T00:00:00Z', 0, NULL, '');
INSERT INTO source_files (id, repo, relative_path, content_hash, extractor_version, grammar_version, last_indexed, deleted, last_pr_id_set, pr_miner_version) VALUES (1178, 'bench-repo', 'testdata/excluded27/file.go', 'h1178', 'test', NULL, '2026-01-01T00:00:00Z', 0, NULL, '');
INSERT INTO source_files (id, repo, relative_path, content_hash, extractor_version, grammar_version, last_indexed, deleted, last_pr_id_set, pr_miner_version) VALUES (1179, 'bench-repo', 'testdata/excluded28/file.go', 'h1179', 'test', NULL, '2026-01-01T00:00:00Z', 0, NULL, '');
INSERT INTO source_files (id, repo, relative_path, content_hash, extractor_version, grammar_version, last_indexed, deleted, last_pr_id_set, pr_miner_version) VALUES (1180, 'bench-repo', 'testdata/excluded29/file.go', 'h1180', 'test', NULL, '2026-01-01T00:00:00Z', 0, NULL, '');
INSERT INTO source_files (id, repo, relative_path, content_hash, extractor_version, grammar_version, last_indexed, deleted, last_pr_id_set, pr_miner_version) VALUES (1181, 'bench-repo', 'testdata/excluded30/file.go', 'h1181', 'test', NULL, '2026-01-01T00:00:00Z', 0, NULL, '');
INSERT INTO source_files (id, repo, relative_path, content_hash, extractor_version, grammar_version, last_indexed, deleted, last_pr_id_set, pr_miner_version) VALUES (1182, 'bench-repo', 'testdata/excluded31/file.go', 'h1182', 'test', NULL, '2026-01-01T00:00:00Z', 0, NULL, '');
INSERT INTO source_files (id, repo, relative_path, content_hash, extractor_version, grammar_version, last_indexed, deleted, last_pr_id_set, pr_miner_version) VALUES (1183, 'bench-repo', 'testdata/excluded32/file.go', 'h1183', 'test', NULL, '2026-01-01T00:00:00Z', 0, NULL, '');
INSERT INTO source_files (id, repo, relative_path, content_hash, extractor_version, grammar_version, last_indexed, deleted, last_pr_id_set, pr_miner_version) VALUES (1184, 'bench-repo', 'testdata/excluded33/file.go', 'h1184', 'test', NULL, '2026-01-01T00:00:00Z', 0, NULL, '');
INSERT INTO source_files (id, repo, relative_path, content_hash, extractor_version, grammar_version, last_indexed, deleted, last_pr_id_set, pr_miner_version) VALUES (1185, 'bench-repo', 'testdata/excluded34/file.go', 'h1185', 'test', NULL, '2026-01-01T00:00:00Z', 0, NULL, '');
INSERT INTO source_files (id, repo, relative_path, content_hash, extractor_version, grammar_version, last_indexed, deleted, last_pr_id_set, pr_miner_version) VALUES (1186, 'bench-repo', 'testdata/excluded35/file.go', 'h1186', 'test', NULL, '2026-01-01T00:00:00Z', 0, NULL, '');
INSERT INTO source_files (id, repo, relative_path, content_hash, extractor_version, grammar_version, last_indexed, deleted, last_pr_id_set, pr_miner_version) VALUES (1187, 'bench-repo', 'testdata/excluded36/file.go', 'h1187', 'test', NULL, '2026-01-01T00:00:00Z', 0, NULL, '');
INSERT INTO source_files (id, repo, relative_path, content_hash, extractor_version, grammar_version, last_indexed, deleted, last_pr_id_set, pr_miner_version) VALUES (1188, 'bench-repo', 'testdata/excluded37/file.go', 'h1188', 'test', NULL, '2026-01-01T00:00:00Z', 0, NULL, '');
INSERT INTO source_files (id, repo, relative_path, content_hash, extractor_version, grammar_version, last_indexed, deleted, last_pr_id_set, pr_miner_version) VALUES (1189, 'bench-repo', 'testdata/excluded38/file.go', 'h1189', 'test', NULL, '2026-01-01T00:00:00Z', 0, NULL, '');
INSERT INTO source_files (id, repo, relative_path, content_hash, extractor_version, grammar_version, last_indexed, deleted, last_pr_id_set, pr_miner_version) VALUES (1190, 'bench-repo', 'testdata/excluded39/file.go', 'h1190', 'test', NULL, '2026-01-01T00:00:00Z', 0, NULL, '');
INSERT INTO source_files (id, repo, relative_path, content_hash, extractor_version, grammar_version, last_indexed, deleted, last_pr_id_set, pr_miner_version) VALUES (1191, 'bench-repo', 'testdata/excluded40/file.go', 'h1191', 'test', NULL, '2026-01-01T00:00:00Z', 0, NULL, '');
INSERT INTO source_files (id, repo, relative_path, content_hash, extractor_version, grammar_version, last_indexed, deleted, last_pr_id_set, pr_miner_version) VALUES (1192, 'bench-repo', 'testdata/excluded41/file.go', 'h1192', 'test', NULL, '2026-01-01T00:00:00Z', 0, NULL, '');
INSERT INTO source_files (id, repo, relative_path, content_hash, extractor_version, grammar_version, last_indexed, deleted, last_pr_id_set, pr_miner_version) VALUES (1193, 'bench-repo', 'testdata/excluded42/file.go', 'h1193', 'test', NULL, '2026-01-01T00:00:00Z', 0, NULL, '');
INSERT INTO source_files (id, repo, relative_path, content_hash, extractor_version, grammar_version, last_indexed, deleted, last_pr_id_set, pr_miner_version) VALUES (1194, 'bench-repo', 'testdata/excluded43/file.go', 'h1194', 'test', NULL, '2026-01-01T00:00:00Z', 0, NULL, '');
INSERT INTO source_files (id, repo, relative_path, content_hash, extractor_version, grammar_version, last_indexed, deleted, last_pr_id_set, pr_miner_version) VALUES (1195, 'bench-repo', 'testdata/excluded44/file.go', 'h1195', 'test', NULL, '2026-01-01T00:00:00Z', 0, NULL, '');
INSERT INTO source_files (id, repo, relative_path, content_hash, extractor_version, grammar_version, last_indexed, deleted, last_pr_id_set, pr_miner_version) VALUES (1196, 'bench-repo', 'testdata/excluded45/file.go', 'h1196', 'test', NULL, '2026-01-01T00:00:00Z', 0, NULL, '');
INSERT INTO source_files (id, repo, relative_path, content_hash, extractor_version, grammar_version, last_indexed, deleted, last_pr_id_set, pr_miner_version) VALUES (1197, 'bench-repo', 'testdata/excluded46/file.go', 'h1197', 'test', NULL, '2026-01-01T00:00:00Z', 0, NULL, '');
INSERT INTO source_files (id, repo, relative_path, content_hash, extractor_version, grammar_version, last_indexed, deleted, last_pr_id_set, pr_miner_version) VALUES (1198, 'bench-repo', 'testdata/excluded47/file.go', 'h1198', 'test', NULL, '2026-01-01T00:00:00Z', 0, NULL, '');
INSERT INTO source_files (id, repo, relative_path, content_hash, extractor_version, grammar_version, last_indexed, deleted, last_pr_id_set, pr_miner_version) VALUES (1199, 'bench-repo', 'testdata/excluded48/file.go', 'h1199', 'test', NULL, '2026-01-01T00:00:00Z', 0, NULL, '');
INSERT INTO source_files (id, repo, relative_path, content_hash, extractor_version, grammar_version, last_indexed, deleted, last_pr_id_set, pr_miner_version) VALUES (1200, 'bench-repo', 'testdata/excluded49/file.go', 'h1200', 'test', NULL, '2026-01-01T00:00:00Z', 0, NULL, '');
INSERT INTO source_files (id, repo, relative_path, content_hash, extractor_version, grammar_version, last_indexed, deleted, last_pr_id_set, pr_miner_version) VALUES (1201, 'bench-repo', 'pkg/gen0.pb.go', 'h1201', 'test', NULL, '2026-01-01T00:00:00Z', 0, NULL, '');
INSERT INTO source_files (id, repo, relative_path, content_hash, extractor_version, grammar_version, last_indexed, deleted, last_pr_id_set, pr_miner_version) VALUES (1202, 'bench-repo', 'pkg/gen1.pb.go', 'h1202', 'test', NULL, '2026-01-01T00:00:00Z', 0, NULL, '');
INSERT INTO source_files (id, repo, relative_path, content_hash, extractor_version, grammar_version, last_indexed, deleted, last_pr_id_set, pr_miner_version) VALUES (1203, 'bench-repo', 'pkg/gen2.pb.go', 'h1203', 'test', NULL, '2026-01-01T00:00:00Z', 0, NULL, '');
INSERT INTO source_files (id, repo, relative_path, content_hash, extractor_version, grammar_version, last_indexed, deleted, last_pr_id_set, pr_miner_version) VALUES (1204, 'bench-repo', 'pkg/gen3.pb.go', 'h1204', 'test', NULL, '2026-01-01T00:00:00Z', 0, NULL, '');
INSERT INTO source_files (id, repo, relative_path, content_hash, extractor_version, grammar_version, last_indexed, deleted, last_pr_id_set, pr_miner_version) VALUES (1205, 'bench-repo', 'pkg/gen4.pb.go', 'h1205', 'test', NULL, '2026-01-01T00:00:00Z', 0, NULL, '');
INSERT INTO source_files (id, repo, relative_path, content_hash, extractor_version, grammar_version, last_indexed, deleted, last_pr_id_set, pr_miner_version) VALUES (1206, 'bench-repo', 'pkg/gen5.pb.go', 'h1206', 'test', NULL, '2026-01-01T00:00:00Z', 0, NULL, '');
INSERT INTO source_files (id, repo, relative_path, content_hash, extractor_version, grammar_version, last_indexed, deleted, last_pr_id_set, pr_miner_version) VALUES (1207, 'bench-repo', 'pkg/gen6.pb.go', 'h1207', 'test', NULL, '2026-01-01T00:00:00Z', 0, NULL, '');
INSERT INTO source_files (id, repo, relative_path, content_hash, extractor_version, grammar_version, last_indexed, deleted, last_pr_id_set, pr_miner_version) VALUES (1208, 'bench-repo', 'pkg/gen7.pb.go', 'h1208', 'test', NULL, '2026-01-01T00:00:00Z', 0, NULL, '');
INSERT INTO source_files (id, repo, relative_path, content_hash, extractor_version, grammar_version, last_indexed, deleted, last_pr_id_set, pr_miner_version) VALUES (1209, 'bench-repo', 'pkg/gen8.pb.go', 'h1209', 'test', NULL, '2026-01-01T00:00:00Z', 0, NULL, '');
INSERT INTO source_files (id, repo, relative_path, content_hash, extractor_version, grammar_version, last_indexed, deleted, last_pr_id_set, pr_miner_version) VALUES (1210, 'bench-repo', 'pkg/gen9.pb.go', 'h1210', 'test', NULL, '2026-01-01T00:00:00Z', 0, NULL, '');
INSERT INTO source_files (id, repo, relative_path, content_hash, extractor_version, grammar_version, last_indexed, deleted, last_pr_id_set, pr_miner_version) VALUES (1211, 'bench-repo', 'pkg/gen10.pb.go', 'h1211', 'test', NULL, '2026-01-01T00:00:00Z', 0, NULL, '');
INSERT INTO source_files (id, repo, relative_path, content_hash, extractor_version, grammar_version, last_indexed, deleted, last_pr_id_set, pr_miner_version) VALUES (1212, 'bench-repo', 'pkg/gen11.pb.go', 'h1212', 'test', NULL, '2026-01-01T00:00:00Z', 0, NULL, '');
INSERT INTO source_files (id, repo, relative_path, content_hash, extractor_version, grammar_version, last_indexed, deleted, last_pr_id_set, pr_miner_version) VALUES (1213, 'bench-repo', 'pkg/gen12.pb.go', 'h1213', 'test', NULL, '2026-01-01T00:00:00Z', 0, NULL, '');
INSERT INTO source_files (id, repo, relative_path, content_hash, extractor_version, grammar_version, last_indexed, deleted, last_pr_id_set, pr_miner_version) VALUES (1214, 'bench-repo', 'pkg/gen13.pb.go', 'h1214', 'test', NULL, '2026-01-01T00:00:00Z', 0, NULL, '');
INSERT INTO source_files (id, repo, relative_path, content_hash, extractor_version, grammar_version, last_indexed, deleted, last_pr_id_set, pr_miner_version) VALUES (1215, 'bench-repo', 'pkg/gen14.pb.go', 'h1215', 'test', NULL, '2026-01-01T00:00:00Z', 0, NULL, '');
INSERT INTO source_files (id, repo, relative_path, content_hash, extractor_version, grammar_version, last_indexed, deleted, last_pr_id_set, pr_miner_version) VALUES (1216, 'bench-repo', 'pkg/gen15.pb.go', 'h1216', 'test', NULL, '2026-01-01T00:00:00Z', 0, NULL, '');
INSERT INTO source_files (id, repo, relative_path, content_hash, extractor_version, grammar_version, last_indexed, deleted, last_pr_id_set, pr_miner_version) VALUES (1217, 'bench-repo', 'pkg/gen16.pb.go', 'h1217', 'test', NULL, '2026-01-01T00:00:00Z', 0, NULL, '');
INSERT INTO source_files (id, repo, relative_path, content_hash, extractor_version, grammar_version, last_indexed, deleted, last_pr_id_set, pr_miner_version) VALUES (1218, 'bench-repo', 'pkg/gen17.pb.go', 'h1218', 'test', NULL, '2026-01-01T00:00:00Z', 0, NULL, '');
INSERT INTO source_files (id, repo, relative_path, content_hash, extractor_version, grammar_version, last_indexed, deleted, last_pr_id_set, pr_miner_version) VALUES (1219, 'bench-repo', 'pkg/gen18.pb.go', 'h1219', 'test', NULL, '2026-01-01T00:00:00Z', 0, NULL, '');
INSERT INTO source_files (id, repo, relative_path, content_hash, extractor_version, grammar_version, last_indexed, deleted, last_pr_id_set, pr_miner_version) VALUES (1220, 'bench-repo', 'pkg/gen19.pb.go', 'h1220', 'test', NULL, '2026-01-01T00:00:00Z', 0, NULL, '');
INSERT INTO symbols (id, repo, import_path, symbol_name, language, kind, visibility, display_name, scip_symbol) VALUES (10000, 'bench-repo', 'pkg/saturated0/file.go', 'sat_sym_0', 'go', 'func', 'public', NULL, NULL);
INSERT INTO tribal_facts (id, subject_id, kind, body, source_quote, confidence, corroboration, extractor, extractor_version, model, staleness_hash, status, created_at, last_verified, cluster_key) VALUES (10000, 10000, 'quirk', 'body-0', 'quote', 0.9, 1, 'test', '1', NULL, 'sh-0-0', 'active', '2026-01-01T00:00:00Z', '2026-01-01T00:00:00Z', '');
INSERT INTO tribal_evidence (id, fact_id, source_type, source_ref, author, authored_at, content_hash) VALUES (10000, 10000, 'inline_marker', 'pkg/saturated0/file.go', NULL, NULL, 'ev-0-0');
INSERT INTO tribal_facts (id, subject_id, kind, body, source_quote, confidence, corroboration, extractor, extractor_version, model, staleness_hash, status, created_at, last_verified, cluster_key) VALUES (10001, 10000, 'quirk', 'body-1', 'quote', 0.9, 1, 'test', '1', NULL, 'sh-0-1', 'active', '2026-01-01T00:00:00Z', '2026-01-01T00:00:00Z', '');
INSERT INTO tribal_evidence (id, fact_id, source_type, source_ref, author, authored_at, content_hash) VALUES (10001, 10001, 'inline_marker', 'pkg/saturated0/file.go', NULL, NULL, 'ev-0-1');
INSERT INTO tribal_facts (id, subject_id, kind, body, source_quote, confidence, corroboration, extractor, extractor_version, model, staleness_hash, status, created_at, last_verified, cluster_key) VALUES (10002, 10000, 'quirk', 'body-2', 'quote', 0.9, 1, 'test', '1', NULL, 'sh-0-2', 'active', '2026-01-01T00:00:00Z', '2026-01-01T00:00:00Z', '');
INSERT INTO tribal_evidence (id, fact_id, source_type, source_ref, author, authored_at, content_hash) VALUES (10002, 10002, 'inline_marker', 'pkg/saturated0/file.go', NULL, NULL, 'ev-0-2');
INSERT INTO tribal_facts (id, subject_id, kind, body, source_quote, confidence, corroboration, extractor, extractor_version, model, staleness_hash, status, created_at, last_verified, cluster_key) VALUES (10003, 10000, 'quirk', 'body-3', 'quote', 0.9, 1, 'test', '1', NULL, 'sh-0-3', 'active', '2026-01-01T00:00:00Z', '2026-01-01T00:00:00Z', '');
INSERT INTO tribal_evidence (id, fact_id, source_type, source_ref, author, authored_at, content_hash) VALUES (10003, 10003, 'inline_marker', 'pkg/saturated0/file.go', NULL, NULL, 'ev-0-3');
INSERT INTO tribal_facts (id, subject_id, kind, body, source_quote, confidence, corroboration, extractor, extractor_version, model, staleness_hash, status, created_at, last_verified, cluster_key) VALUES (10004, 10000, 'quirk', 'body-4', 'quote', 0.9, 1, 'test', '1', NULL, 'sh-0-4', 'active', '2026-01-01T00:00:00Z', '2026-01-01T00:00:00Z', '');
INSERT INTO tribal_evidence (id, fact_id, source_type, source_ref, author, authored_at, content_hash) VALUES (10004, 10004, 'inline_marker', 'pkg/saturated0/file.go', NULL, NULL, 'ev-0-4');
INSERT INTO symbols (id, repo, import_path, symbol_name, language, kind, visibility, display_name, scip_symbol) VALUES (10001, 'bench-repo', 'pkg/saturated1/file.go', 'sat_sym_1', 'go', 'func', 'public', NULL, NULL);
INSERT INTO tribal_facts (id, subject_id, kind, body, source_quote, confidence, corroboration, extractor, extractor_version, model, staleness_hash, status, created_at, last_verified, cluster_key) VALUES (10005, 10001, 'quirk', 'body-0', 'quote', 0.9, 1, 'test', '1', NULL, 'sh-1-0', 'active', '2026-01-01T00:00:00Z', '2026-01-01T00:00:00Z', '');
INSERT INTO tribal_evidence (id, fact_id, source_type, source_ref, author, authored_at, content_hash) VALUES (10005, 10005, 'inline_marker', 'pkg/saturated1/file.go', NULL, NULL, 'ev-1-0');
INSERT INTO tribal_facts (id, subject_id, kind, body, source_quote, confidence, corroboration, extractor, extractor_version, model, staleness_hash, status, created_at, last_verified, cluster_key) VALUES (10006, 10001, 'quirk', 'body-1', 'quote', 0.9, 1, 'test', '1', NULL, 'sh-1-1', 'active', '2026-01-01T00:00:00Z', '2026-01-01T00:00:00Z', '');
INSERT INTO tribal_evidence (id, fact_id, source_type, source_ref, author, authored_at, content_hash) VALUES (10006, 10006, 'inline_marker', 'pkg/saturated1/file.go', NULL, NULL, 'ev-1-1');
INSERT INTO tribal_facts (id, subject_id, kind, body, source_quote, confidence, corroboration, extractor, extractor_version, model, staleness_hash, status, created_at, last_verified, cluster_key) VALUES (10007, 10001, 'quirk', 'body-2', 'quote', 0.9, 1, 'test', '1', NULL, 'sh-1-2', 'active', '2026-01-01T00:00:00Z', '2026-01-01T00:00:00Z', '');
INSERT INTO tribal_evidence (id, fact_id, source_type, source_ref, author, authored_at, content_hash) VALUES (10007, 10007, 'inline_marker', 'pkg/saturated1/file.go', NULL, NULL, 'ev-1-2');
INSERT INTO tribal_facts (id, subject_id, kind, body, source_quote, confidence, corroboration, extractor, extractor_version, model, staleness_hash, status, created_at, last_verified, cluster_key) VALUES (10008, 10001, 'quirk', 'body-3', 'quote', 0.9, 1, 'test', '1', NULL, 'sh-1-3', 'active', '2026-01-01T00:00:00Z', '2026-01-01T00:00:00Z', '');
INSERT INTO tribal_evidence (id, fact_id, source_type, source_ref, author, authored_at, content_hash) VALUES (10008, 10008, 'inline_marker', 'pkg/saturated1/file.go', NULL, NULL, 'ev-1-3');
INSERT INTO tribal_facts (id, subject_id, kind, body, source_quote, confidence, corroboration, extractor, extractor_version, model, staleness_hash, status, created_at, last_verified, cluster_key) VALUES (10009, 10001, 'quirk', 'body-4', 'quote', 0.9, 1, 'test', '1', NULL, 'sh-1-4', 'active', '2026-01-01T00:00:00Z', '2026-01-01T00:00:00Z', '');
INSERT INTO tribal_evidence (id, fact_id, source_type, source_ref, author, authored_at, content_hash) VALUES (10009, 10009, 'inline_marker', 'pkg/saturated1/file.go', NULL, NULL, 'ev-1-4');
INSERT INTO symbols (id, repo, import_path, symbol_name, language, kind, visibility, display_name, scip_symbol) VALUES (10002, 'bench-repo', 'pkg/saturated2/file.go', 'sat_sym_2', 'go', 'func', 'public', NULL, NULL);
INSERT INTO tribal_facts (id, subject_id, kind, body, source_quote, confidence, corroboration, extractor, extractor_version, model, staleness_hash, status, created_at, last_verified, cluster_key) VALUES (10010, 10002, 'quirk', 'body-0', 'quote', 0.9, 1, 'test', '1', NULL, 'sh-2-0', 'active', '2026-01-01T00:00:00Z', '2026-01-01T00:00:00Z', '');
INSERT INTO tribal_evidence (id, fact_id, source_type, source_ref, author, authored_at, content_hash) VALUES (10010, 10010, 'inline_marker', 'pkg/saturated2/file.go', NULL, NULL, 'ev-2-0');
INSERT INTO tribal_facts (id, subject_id, kind, body, source_quote, confidence, corroboration, extractor, extractor_version, model, staleness_hash, status, created_at, last_verified, cluster_key) VALUES (10011, 10002, 'quirk', 'body-1', 'quote', 0.9, 1, 'test', '1', NULL, 'sh-2-1', 'active', '2026-01-01T00:00:00Z', '2026-01-01T00:00:00Z', '');
INSERT INTO tribal_evidence (id, fact_id, source_type, source_ref, author, authored_at, content_hash) VALUES (10011, 10011, 'inline_marker', 'pkg/saturated2/file.go', NULL, NULL, 'ev-2-1');
INSERT INTO tribal_facts (id, subject_id, kind, body, source_quote, confidence, corroboration, extractor, extractor_version, model, staleness_hash, status, created_at, last_verified, cluster_key) VALUES (10012, 10002, 'quirk', 'body-2', 'quote', 0.9, 1, 'test', '1', NULL, 'sh-2-2', 'active', '2026-01-01T00:00:00Z', '2026-01-01T00:00:00Z', '');
INSERT INTO tribal_evidence (id, fact_id, source_type, source_ref, author, authored_at, content_hash) VALUES (10012, 10012, 'inline_marker', 'pkg/saturated2/file.go', NULL, NULL, 'ev-2-2');
INSERT INTO tribal_facts (id, subject_id, kind, body, source_quote, confidence, corroboration, extractor, extractor_version, model, staleness_hash, status, created_at, last_verified, cluster_key) VALUES (10013, 10002, 'quirk', 'body-3', 'quote', 0.9, 1, 'test', '1', NULL, 'sh-2-3', 'active', '2026-01-01T00:00:00Z', '2026-01-01T00:00:00Z', '');
INSERT INTO tribal_evidence (id, fact_id, source_type, source_ref, author, authored_at, content_hash) VALUES (10013, 10013, 'inline_marker', 'pkg/saturated2/file.go', NULL, NULL, 'ev-2-3');
INSERT INTO tribal_facts (id, subject_id, kind, body, source_quote, confidence, corroboration, extractor, extractor_version, model, staleness_hash, status, created_at, last_verified, cluster_key) VALUES (10014, 10002, 'quirk', 'body-4', 'quote', 0.9, 1, 'test', '1', NULL, 'sh-2-4', 'active', '2026-01-01T00:00:00Z', '2026-01-01T00:00:00Z', '');
INSERT INTO tribal_evidence (id, fact_id, source_type, source_ref, author, authored_at, content_hash) VALUES (10014, 10014, 'inline_marker', 'pkg/saturated2/file.go', NULL, NULL, 'ev-2-4');
INSERT INTO symbols (id, repo, import_path, symbol_name, language, kind, visibility, display_name, scip_symbol) VALUES (10003, 'bench-repo', 'pkg/saturated3/file.go', 'sat_sym_3', 'go', 'func', 'public', NULL, NULL);
INSERT INTO tribal_facts (id, subject_id, kind, body, source_quote, confidence, corroboration, extractor, extractor_version, model, staleness_hash, status, created_at, last_verified, cluster_key) VALUES (10015, 10003, 'quirk', 'body-0', 'quote', 0.9, 1, 'test', '1', NULL, 'sh-3-0', 'active', '2026-01-01T00:00:00Z', '2026-01-01T00:00:00Z', '');
INSERT INTO tribal_evidence (id, fact_id, source_type, source_ref, author, authored_at, content_hash) VALUES (10015, 10015, 'inline_marker', 'pkg/saturated3/file.go', NULL, NULL, 'ev-3-0');
INSERT INTO tribal_facts (id, subject_id, kind, body, source_quote, confidence, corroboration, extractor, extractor_version, model, staleness_hash, status, created_at, last_verified, cluster_key) VALUES (10016, 10003, 'quirk', 'body-1', 'quote', 0.9, 1, 'test', '1', NULL, 'sh-3-1', 'active', '2026-01-01T00:00:00Z', '2026-01-01T00:00:00Z', '');
INSERT INTO tribal_evidence (id, fact_id, source_type, source_ref, author, authored_at, content_hash) VALUES (10016, 10016, 'inline_marker', 'pkg/saturated3/file.go', NULL, NULL, 'ev-3-1');
INSERT INTO tribal_facts (id, subject_id, kind, body, source_quote, confidence, corroboration, extractor, extractor_version, model, staleness_hash, status, created_at, last_verified, cluster_key) VALUES (10017, 10003, 'quirk', 'body-2', 'quote', 0.9, 1, 'test', '1', NULL, 'sh-3-2', 'active', '2026-01-01T00:00:00Z', '2026-01-01T00:00:00Z', '');
INSERT INTO tribal_evidence (id, fact_id, source_type, source_ref, author, authored_at, content_hash) VALUES (10017, 10017, 'inline_marker', 'pkg/saturated3/file.go', NULL, NULL, 'ev-3-2');
INSERT INTO tribal_facts (id, subject_id, kind, body, source_quote, confidence, corroboration, extractor, extractor_version, model, staleness_hash, status, created_at, last_verified, cluster_key) VALUES (10018, 10003, 'quirk', 'body-3', 'quote', 0.9, 1, 'test', '1', NULL, 'sh-3-3', 'active', '2026-01-01T00:00:00Z', '2026-01-01T00:00:00Z', '');
INSERT INTO tribal_evidence (id, fact_id, source_type, source_ref, author, authored_at, content_hash) VALUES (10018, 10018, 'inline_marker', 'pkg/saturated3/file.go', NULL, NULL, 'ev-3-3');
INSERT INTO tribal_facts (id, subject_id, kind, body, source_quote, confidence, corroboration, extractor, extractor_version, model, staleness_hash, status, created_at, last_verified, cluster_key) VALUES (10019, 10003, 'quirk', 'body-4', 'quote', 0.9, 1, 'test', '1', NULL, 'sh-3-4', 'active', '2026-01-01T00:00:00Z', '2026-01-01T00:00:00Z', '');
INSERT INTO tribal_evidence (id, fact_id, source_type, source_ref, author, authored_at, content_hash) VALUES (10019, 10019, 'inline_marker', 'pkg/saturated3/file.go', NULL, NULL, 'ev-3-4');
INSERT INTO symbols (id, repo, import_path, symbol_name, language, kind, visibility, display_name, scip_symbol) VALUES (10004, 'bench-repo', 'pkg/saturated4/file.go', 'sat_sym_4', 'go', 'func', 'public', NULL, NULL);
INSERT INTO tribal_facts (id, subject_id, kind, body, source_quote, confidence, corroboration, extractor, extractor_version, model, staleness_hash, status, created_at, last_verified, cluster_key) VALUES (10020, 10004, 'quirk', 'body-0', 'quote', 0.9, 1, 'test', '1', NULL, 'sh-4-0', 'active', '2026-01-01T00:00:00Z', '2026-01-01T00:00:00Z', '');
INSERT INTO tribal_evidence (id, fact_id, source_type, source_ref, author, authored_at, content_hash) VALUES (10020, 10020, 'inline_marker', 'pkg/saturated4/file.go', NULL, NULL, 'ev-4-0');
INSERT INTO tribal_facts (id, subject_id, kind, body, source_quote, confidence, corroboration, extractor, extractor_version, model, staleness_hash, status, created_at, last_verified, cluster_key) VALUES (10021, 10004, 'quirk', 'body-1', 'quote', 0.9, 1, 'test', '1', NULL, 'sh-4-1', 'active', '2026-01-01T00:00:00Z', '2026-01-01T00:00:00Z', '');
INSERT INTO tribal_evidence (id, fact_id, source_type, source_ref, author, authored_at, content_hash) VALUES (10021, 10021, 'inline_marker', 'pkg/saturated4/file.go', NULL, NULL, 'ev-4-1');
INSERT INTO tribal_facts (id, subject_id, kind, body, source_quote, confidence, corroboration, extractor, extractor_version, model, staleness_hash, status, created_at, last_verified, cluster_key) VALUES (10022, 10004, 'quirk', 'body-2', 'quote', 0.9, 1, 'test', '1', NULL, 'sh-4-2', 'active', '2026-01-01T00:00:00Z', '2026-01-01T00:00:00Z', '');
INSERT INTO tribal_evidence (id, fact_id, source_type, source_ref, author, authored_at, content_hash) VALUES (10022, 10022, 'inline_marker', 'pkg/saturated4/file.go', NULL, NULL, 'ev-4-2');
INSERT INTO tribal_facts (id, subject_id, kind, body, source_quote, confidence, corroboration, extractor, extractor_version, model, staleness_hash, status, created_at, last_verified, cluster_key) VALUES (10023, 10004, 'quirk', 'body-3', 'quote', 0.9, 1, 'test', '1', NULL, 'sh-4-3', 'active', '2026-01-01T00:00:00Z', '2026-01-01T00:00:00Z', '');
INSERT INTO tribal_evidence (id, fact_id, source_type, source_ref, author, authored_at, content_hash) VALUES (10023, 10023, 'inline_marker', 'pkg/saturated4/file.go', NULL, NULL, 'ev-4-3');
INSERT INTO tribal_facts (id, subject_id, kind, body, source_quote, confidence, corroboration, extractor, extractor_version, model, staleness_hash, status, created_at, last_verified, cluster_key) VALUES (10024, 10004, 'quirk', 'body-4', 'quote', 0.9, 1, 'test', '1', NULL, 'sh-4-4', 'active', '2026-01-01T00:00:00Z', '2026-01-01T00:00:00Z', '');
INSERT INTO tribal_evidence (id, fact_id, source_type, source_ref, author, authored_at, content_hash) VALUES (10024, 10024, 'inline_marker', 'pkg/saturated4/file.go', NULL, NULL, 'ev-4-4');
INSERT INTO symbols (id, repo, import_path, symbol_name, language, kind, visibility, display_name, scip_symbol) VALUES (10005, 'bench-repo', 'pkg/saturated5/file.go', 'sat_sym_5', 'go', 'func', 'public', NULL, NULL);
INSERT INTO tribal_facts (id, subject_id, kind, body, source_quote, confidence, corroboration, extractor, extractor_version, model, staleness_hash, status, created_at, last_verified, cluster_key) VALUES (10025, 10005, 'quirk', 'body-0', 'quote', 0.9, 1, 'test', '1', NULL, 'sh-5-0', 'active', '2026-01-01T00:00:00Z', '2026-01-01T00:00:00Z', '');
INSERT INTO tribal_evidence (id, fact_id, source_type, source_ref, author, authored_at, content_hash) VALUES (10025, 10025, 'inline_marker', 'pkg/saturated5/file.go', NULL, NULL, 'ev-5-0');
INSERT INTO tribal_facts (id, subject_id, kind, body, source_quote, confidence, corroboration, extractor, extractor_version, model, staleness_hash, status, created_at, last_verified, cluster_key) VALUES (10026, 10005, 'quirk', 'body-1', 'quote', 0.9, 1, 'test', '1', NULL, 'sh-5-1', 'active', '2026-01-01T00:00:00Z', '2026-01-01T00:00:00Z', '');
INSERT INTO tribal_evidence (id, fact_id, source_type, source_ref, author, authored_at, content_hash) VALUES (10026, 10026, 'inline_marker', 'pkg/saturated5/file.go', NULL, NULL, 'ev-5-1');
INSERT INTO tribal_facts (id, subject_id, kind, body, source_quote, confidence, corroboration, extractor, extractor_version, model, staleness_hash, status, created_at, last_verified, cluster_key) VALUES (10027, 10005, 'quirk', 'body-2', 'quote', 0.9, 1, 'test', '1', NULL, 'sh-5-2', 'active', '2026-01-01T00:00:00Z', '2026-01-01T00:00:00Z', '');
INSERT INTO tribal_evidence (id, fact_id, source_type, source_ref, author, authored_at, content_hash) VALUES (10027, 10027, 'inline_marker', 'pkg/saturated5/file.go', NULL, NULL, 'ev-5-2');
INSERT INTO tribal_facts (id, subject_id, kind, body, source_quote, confidence, corroboration, extractor, extractor_version, model, staleness_hash, status, created_at, last_verified, cluster_key) VALUES (10028, 10005, 'quirk', 'body-3', 'quote', 0.9, 1, 'test', '1', NULL, 'sh-5-3', 'active', '2026-01-01T00:00:00Z', '2026-01-01T00:00:00Z', '');
INSERT INTO tribal_evidence (id, fact_id, source_type, source_ref, author, authored_at, content_hash) VALUES (10028, 10028, 'inline_marker', 'pkg/saturated5/file.go', NULL, NULL, 'ev-5-3');
INSERT INTO tribal_facts (id, subject_id, kind, body, source_quote, confidence, corroboration, extractor, extractor_version, model, staleness_hash, status, created_at, last_verified, cluster_key) VALUES (10029, 10005, 'quirk', 'body-4', 'quote', 0.9, 1, 'test', '1', NULL, 'sh-5-4', 'active', '2026-01-01T00:00:00Z', '2026-01-01T00:00:00Z', '');
INSERT INTO tribal_evidence (id, fact_id, source_type, source_ref, author, authored_at, content_hash) VALUES (10029, 10029, 'inline_marker', 'pkg/saturated5/file.go', NULL, NULL, 'ev-5-4');
INSERT INTO symbols (id, repo, import_path, symbol_name, language, kind, visibility, display_name, scip_symbol) VALUES (10006, 'bench-repo', 'pkg/saturated6/file.go', 'sat_sym_6', 'go', 'func', 'public', NULL, NULL);
INSERT INTO tribal_facts (id, subject_id, kind, body, source_quote, confidence, corroboration, extractor, extractor_version, model, staleness_hash, status, created_at, last_verified, cluster_key) VALUES (10030, 10006, 'quirk', 'body-0', 'quote', 0.9, 1, 'test', '1', NULL, 'sh-6-0', 'active', '2026-01-01T00:00:00Z', '2026-01-01T00:00:00Z', '');
INSERT INTO tribal_evidence (id, fact_id, source_type, source_ref, author, authored_at, content_hash) VALUES (10030, 10030, 'inline_marker', 'pkg/saturated6/file.go', NULL, NULL, 'ev-6-0');
INSERT INTO tribal_facts (id, subject_id, kind, body, source_quote, confidence, corroboration, extractor, extractor_version, model, staleness_hash, status, created_at, last_verified, cluster_key) VALUES (10031, 10006, 'quirk', 'body-1', 'quote', 0.9, 1, 'test', '1', NULL, 'sh-6-1', 'active', '2026-01-01T00:00:00Z', '2026-01-01T00:00:00Z', '');
INSERT INTO tribal_evidence (id, fact_id, source_type, source_ref, author, authored_at, content_hash) VALUES (10031, 10031, 'inline_marker', 'pkg/saturated6/file.go', NULL, NULL, 'ev-6-1');
INSERT INTO tribal_facts (id, subject_id, kind, body, source_quote, confidence, corroboration, extractor, extractor_version, model, staleness_hash, status, created_at, last_verified, cluster_key) VALUES (10032, 10006, 'quirk', 'body-2', 'quote', 0.9, 1, 'test', '1', NULL, 'sh-6-2', 'active', '2026-01-01T00:00:00Z', '2026-01-01T00:00:00Z', '');
INSERT INTO tribal_evidence (id, fact_id, source_type, source_ref, author, authored_at, content_hash) VALUES (10032, 10032, 'inline_marker', 'pkg/saturated6/file.go', NULL, NULL, 'ev-6-2');
INSERT INTO tribal_facts (id, subject_id, kind, body, source_quote, confidence, corroboration, extractor, extractor_version, model, staleness_hash, status, created_at, last_verified, cluster_key) VALUES (10033, 10006, 'quirk', 'body-3', 'quote', 0.9, 1, 'test', '1', NULL, 'sh-6-3', 'active', '2026-01-01T00:00:00Z', '2026-01-01T00:00:00Z', '');
INSERT INTO tribal_evidence (id, fact_id, source_type, source_ref, author, authored_at, content_hash) VALUES (10033, 10033, 'inline_marker', 'pkg/saturated6/file.go', NULL, NULL, 'ev-6-3');
INSERT INTO tribal_facts (id, subject_id, kind, body, source_quote, confidence, corroboration, extractor, extractor_version, model, staleness_hash, status, created_at, last_verified, cluster_key) VALUES (10034, 10006, 'quirk', 'body-4', 'quote', 0.9, 1, 'test', '1', NULL, 'sh-6-4', 'active', '2026-01-01T00:00:00Z', '2026-01-01T00:00:00Z', '');
INSERT INTO tribal_evidence (id, fact_id, source_type, source_ref, author, authored_at, content_hash) VALUES (10034, 10034, 'inline_marker', 'pkg/saturated6/file.go', NULL, NULL, 'ev-6-4');
INSERT INTO symbols (id, repo, import_path, symbol_name, language, kind, visibility, display_name, scip_symbol) VALUES (10007, 'bench-repo', 'pkg/saturated7/file.go', 'sat_sym_7', 'go', 'func', 'public', NULL, NULL);
INSERT INTO tribal_facts (id, subject_id, kind, body, source_quote, confidence, corroboration, extractor, extractor_version, model, staleness_hash, status, created_at, last_verified, cluster_key) VALUES (10035, 10007, 'quirk', 'body-0', 'quote', 0.9, 1, 'test', '1', NULL, 'sh-7-0', 'active', '2026-01-01T00:00:00Z', '2026-01-01T00:00:00Z', '');
INSERT INTO tribal_evidence (id, fact_id, source_type, source_ref, author, authored_at, content_hash) VALUES (10035, 10035, 'inline_marker', 'pkg/saturated7/file.go', NULL, NULL, 'ev-7-0');
INSERT INTO tribal_facts (id, subject_id, kind, body, source_quote, confidence, corroboration, extractor, extractor_version, model, staleness_hash, status, created_at, last_verified, cluster_key) VALUES (10036, 10007, 'quirk', 'body-1', 'quote', 0.9, 1, 'test', '1', NULL, 'sh-7-1', 'active', '2026-01-01T00:00:00Z', '2026-01-01T00:00:00Z', '');
INSERT INTO tribal_evidence (id, fact_id, source_type, source_ref, author, authored_at, content_hash) VALUES (10036, 10036, 'inline_marker', 'pkg/saturated7/file.go', NULL, NULL, 'ev-7-1');
INSERT INTO tribal_facts (id, subject_id, kind, body, source_quote, confidence, corroboration, extractor, extractor_version, model, staleness_hash, status, created_at, last_verified, cluster_key) VALUES (10037, 10007, 'quirk', 'body-2', 'quote', 0.9, 1, 'test', '1', NULL, 'sh-7-2', 'active', '2026-01-01T00:00:00Z', '2026-01-01T00:00:00Z', '');
INSERT INTO tribal_evidence (id, fact_id, source_type, source_ref, author, authored_at, content_hash) VALUES (10037, 10037, 'inline_marker', 'pkg/saturated7/file.go', NULL, NULL, 'ev-7-2');
INSERT INTO tribal_facts (id, subject_id, kind, body, source_quote, confidence, corroboration, extractor, extractor_version, model, staleness_hash, status, created_at, last_verified, cluster_key) VALUES (10038, 10007, 'quirk', 'body-3', 'quote', 0.9, 1, 'test', '1', NULL, 'sh-7-3', 'active', '2026-01-01T00:00:00Z', '2026-01-01T00:00:00Z', '');
INSERT INTO tribal_evidence (id, fact_id, source_type, source_ref, author, authored_at, content_hash) VALUES (10038, 10038, 'inline_marker', 'pkg/saturated7/file.go', NULL, NULL, 'ev-7-3');
INSERT INTO tribal_facts (id, subject_id, kind, body, source_quote, confidence, corroboration, extractor, extractor_version, model, staleness_hash, status, created_at, last_verified, cluster_key) VALUES (10039, 10007, 'quirk', 'body-4', 'quote', 0.9, 1, 'test', '1', NULL, 'sh-7-4', 'active', '2026-01-01T00:00:00Z', '2026-01-01T00:00:00Z', '');
INSERT INTO tribal_evidence (id, fact_id, source_type, source_ref, author, authored_at, content_hash) VALUES (10039, 10039, 'inline_marker', 'pkg/saturated7/file.go', NULL, NULL, 'ev-7-4');
INSERT INTO symbols (id, repo, import_path, symbol_name, language, kind, visibility, display_name, scip_symbol) VALUES (10008, 'bench-repo', 'pkg/saturated8/file.go', 'sat_sym_8', 'go', 'func', 'public', NULL, NULL);
INSERT INTO tribal_facts (id, subject_id, kind, body, source_quote, confidence, corroboration, extractor, extractor_version, model, staleness_hash, status, created_at, last_verified, cluster_key) VALUES (10040, 10008, 'quirk', 'body-0', 'quote', 0.9, 1, 'test', '1', NULL, 'sh-8-0', 'active', '2026-01-01T00:00:00Z', '2026-01-01T00:00:00Z', '');
INSERT INTO tribal_evidence (id, fact_id, source_type, source_ref, author, authored_at, content_hash) VALUES (10040, 10040, 'inline_marker', 'pkg/saturated8/file.go', NULL, NULL, 'ev-8-0');
INSERT INTO tribal_facts (id, subject_id, kind, body, source_quote, confidence, corroboration, extractor, extractor_version, model, staleness_hash, status, created_at, last_verified, cluster_key) VALUES (10041, 10008, 'quirk', 'body-1', 'quote', 0.9, 1, 'test', '1', NULL, 'sh-8-1', 'active', '2026-01-01T00:00:00Z', '2026-01-01T00:00:00Z', '');
INSERT INTO tribal_evidence (id, fact_id, source_type, source_ref, author, authored_at, content_hash) VALUES (10041, 10041, 'inline_marker', 'pkg/saturated8/file.go', NULL, NULL, 'ev-8-1');
INSERT INTO tribal_facts (id, subject_id, kind, body, source_quote, confidence, corroboration, extractor, extractor_version, model, staleness_hash, status, created_at, last_verified, cluster_key) VALUES (10042, 10008, 'quirk', 'body-2', 'quote', 0.9, 1, 'test', '1', NULL, 'sh-8-2', 'active', '2026-01-01T00:00:00Z', '2026-01-01T00:00:00Z', '');
INSERT INTO tribal_evidence (id, fact_id, source_type, source_ref, author, authored_at, content_hash) VALUES (10042, 10042, 'inline_marker', 'pkg/saturated8/file.go', NULL, NULL, 'ev-8-2');
INSERT INTO tribal_facts (id, subject_id, kind, body, source_quote, confidence, corroboration, extractor, extractor_version, model, staleness_hash, status, created_at, last_verified, cluster_key) VALUES (10043, 10008, 'quirk', 'body-3', 'quote', 0.9, 1, 'test', '1', NULL, 'sh-8-3', 'active', '2026-01-01T00:00:00Z', '2026-01-01T00:00:00Z', '');
INSERT INTO tribal_evidence (id, fact_id, source_type, source_ref, author, authored_at, content_hash) VALUES (10043, 10043, 'inline_marker', 'pkg/saturated8/file.go', NULL, NULL, 'ev-8-3');
INSERT INTO tribal_facts (id, subject_id, kind, body, source_quote, confidence, corroboration, extractor, extractor_version, model, staleness_hash, status, created_at, last_verified, cluster_key) VALUES (10044, 10008, 'quirk', 'body-4', 'quote', 0.9, 1, 'test', '1', NULL, 'sh-8-4', 'active', '2026-01-01T00:00:00Z', '2026-01-01T00:00:00Z', '');
INSERT INTO tribal_evidence (id, fact_id, source_type, source_ref, author, authored_at, content_hash) VALUES (10044, 10044, 'inline_marker', 'pkg/saturated8/file.go', NULL, NULL, 'ev-8-4');
INSERT INTO symbols (id, repo, import_path, symbol_name, language, kind, visibility, display_name, scip_symbol) VALUES (10009, 'bench-repo', 'pkg/saturated9/file.go', 'sat_sym_9', 'go', 'func', 'public', NULL, NULL);
INSERT INTO tribal_facts (id, subject_id, kind, body, source_quote, confidence, corroboration, extractor, extractor_version, model, staleness_hash, status, created_at, last_verified, cluster_key) VALUES (10045, 10009, 'quirk', 'body-0', 'quote', 0.9, 1, 'test', '1', NULL, 'sh-9-0', 'active', '2026-01-01T00:00:00Z', '2026-01-01T00:00:00Z', '');
INSERT INTO tribal_evidence (id, fact_id, source_type, source_ref, author, authored_at, content_hash) VALUES (10045, 10045, 'inline_marker', 'pkg/saturated9/file.go', NULL, NULL, 'ev-9-0');
INSERT INTO tribal_facts (id, subject_id, kind, body, source_quote, confidence, corroboration, extractor, extractor_version, model, staleness_hash, status, created_at, last_verified, cluster_key) VALUES (10046, 10009, 'quirk', 'body-1', 'quote', 0.9, 1, 'test', '1', NULL, 'sh-9-1', 'active', '2026-01-01T00:00:00Z', '2026-01-01T00:00:00Z', '');
INSERT INTO tribal_evidence (id, fact_id, source_type, source_ref, author, authored_at, content_hash) VALUES (10046, 10046, 'inline_marker', 'pkg/saturated9/file.go', NULL, NULL, 'ev-9-1');
INSERT INTO tribal_facts (id, subject_id, kind, body, source_quote, confidence, corroboration, extractor, extractor_version, model, staleness_hash, status, created_at, last_verified, cluster_key) VALUES (10047, 10009, 'quirk', 'body-2', 'quote', 0.9, 1, 'test', '1', NULL, 'sh-9-2', 'active', '2026-01-01T00:00:00Z', '2026-01-01T00:00:00Z', '');
INSERT INTO tribal_evidence (id, fact_id, source_type, source_ref, author, authored_at, content_hash) VALUES (10047, 10047, 'inline_marker', 'pkg/saturated9/file.go', NULL, NULL, 'ev-9-2');
INSERT INTO tribal_facts (id, subject_id, kind, body, source_quote, confidence, corroboration, extractor, extractor_version, model, staleness_hash, status, created_at, last_verified, cluster_key) VALUES (10048, 10009, 'quirk', 'body-3', 'quote', 0.9, 1, 'test', '1', NULL, 'sh-9-3', 'active', '2026-01-01T00:00:00Z', '2026-01-01T00:00:00Z', '');
INSERT INTO tribal_evidence (id, fact_id, source_type, source_ref, author, authored_at, content_hash) VALUES (10048, 10048, 'inline_marker', 'pkg/saturated9/file.go', NULL, NULL, 'ev-9-3');
INSERT INTO tribal_facts (id, subject_id, kind, body, source_quote, confidence, corroboration, extractor, extractor_version, model, staleness_hash, status, created_at, last_verified, cluster_key) VALUES (10049, 10009, 'quirk', 'body-4', 'quote', 0.9, 1, 'test', '1', NULL, 'sh-9-4', 'active', '2026-01-01T00:00:00Z', '2026-01-01T00:00:00Z', '');
INSERT INTO tribal_evidence (id, fact_id, source_type, source_ref, author, authored_at, content_hash) VALUES (10049, 10049, 'inline_marker', 'pkg/saturated9/file.go', NULL, NULL, 'ev-9-4');
INSERT INTO symbols (id, repo, import_path, symbol_name, language, kind, visibility, display_name, scip_symbol) VALUES (10010, 'bench-repo', 'pkg/saturated10/file.go', 'sat_sym_10', 'go', 'func', 'public', NULL, NULL);
INSERT INTO tribal_facts (id, subject_id, kind, body, source_quote, confidence, corroboration, extractor, extractor_version, model, staleness_hash, status, created_at, last_verified, cluster_key) VALUES (10050, 10010, 'quirk', 'body-0', 'quote', 0.9, 1, 'test', '1', NULL, 'sh-10-0', 'active', '2026-01-01T00:00:00Z', '2026-01-01T00:00:00Z', '');
INSERT INTO tribal_evidence (id, fact_id, source_type, source_ref, author, authored_at, content_hash) VALUES (10050, 10050, 'inline_marker', 'pkg/saturated10/file.go', NULL, NULL, 'ev-10-0');
INSERT INTO tribal_facts (id, subject_id, kind, body, source_quote, confidence, corroboration, extractor, extractor_version, model, staleness_hash, status, created_at, last_verified, cluster_key) VALUES (10051, 10010, 'quirk', 'body-1', 'quote', 0.9, 1, 'test', '1', NULL, 'sh-10-1', 'active', '2026-01-01T00:00:00Z', '2026-01-01T00:00:00Z', '');
INSERT INTO tribal_evidence (id, fact_id, source_type, source_ref, author, authored_at, content_hash) VALUES (10051, 10051, 'inline_marker', 'pkg/saturated10/file.go', NULL, NULL, 'ev-10-1');
INSERT INTO tribal_facts (id, subject_id, kind, body, source_quote, confidence, corroboration, extractor, extractor_version, model, staleness_hash, status, created_at, last_verified, cluster_key) VALUES (10052, 10010, 'quirk', 'body-2', 'quote', 0.9, 1, 'test', '1', NULL, 'sh-10-2', 'active', '2026-01-01T00:00:00Z', '2026-01-01T00:00:00Z', '');
INSERT INTO tribal_evidence (id, fact_id, source_type, source_ref, author, authored_at, content_hash) VALUES (10052, 10052, 'inline_marker', 'pkg/saturated10/file.go', NULL, NULL, 'ev-10-2');
INSERT INTO tribal_facts (id, subject_id, kind, body, source_quote, confidence, corroboration, extractor, extractor_version, model, staleness_hash, status, created_at, last_verified, cluster_key) VALUES (10053, 10010, 'quirk', 'body-3', 'quote', 0.9, 1, 'test', '1', NULL, 'sh-10-3', 'active', '2026-01-01T00:00:00Z', '2026-01-01T00:00:00Z', '');
INSERT INTO tribal_evidence (id, fact_id, source_type, source_ref, author, authored_at, content_hash) VALUES (10053, 10053, 'inline_marker', 'pkg/saturated10/file.go', NULL, NULL, 'ev-10-3');
INSERT INTO tribal_facts (id, subject_id, kind, body, source_quote, confidence, corroboration, extractor, extractor_version, model, staleness_hash, status, created_at, last_verified, cluster_key) VALUES (10054, 10010, 'quirk', 'body-4', 'quote', 0.9, 1, 'test', '1', NULL, 'sh-10-4', 'active', '2026-01-01T00:00:00Z', '2026-01-01T00:00:00Z', '');
INSERT INTO tribal_evidence (id, fact_id, source_type, source_ref, author, authored_at, content_hash) VALUES (10054, 10054, 'inline_marker', 'pkg/saturated10/file.go', NULL, NULL, 'ev-10-4');
INSERT INTO symbols (id, repo, import_path, symbol_name, language, kind, visibility, display_name, scip_symbol) VALUES (10011, 'bench-repo', 'pkg/saturated11/file.go', 'sat_sym_11', 'go', 'func', 'public', NULL, NULL);
INSERT INTO tribal_facts (id, subject_id, kind, body, source_quote, confidence, corroboration, extractor, extractor_version, model, staleness_hash, status, created_at, last_verified, cluster_key) VALUES (10055, 10011, 'quirk', 'body-0', 'quote', 0.9, 1, 'test', '1', NULL, 'sh-11-0', 'active', '2026-01-01T00:00:00Z', '2026-01-01T00:00:00Z', '');
INSERT INTO tribal_evidence (id, fact_id, source_type, source_ref, author, authored_at, content_hash) VALUES (10055, 10055, 'inline_marker', 'pkg/saturated11/file.go', NULL, NULL, 'ev-11-0');
INSERT INTO tribal_facts (id, subject_id, kind, body, source_quote, confidence, corroboration, extractor, extractor_version, model, staleness_hash, status, created_at, last_verified, cluster_key) VALUES (10056, 10011, 'quirk', 'body-1', 'quote', 0.9, 1, 'test', '1', NULL, 'sh-11-1', 'active', '2026-01-01T00:00:00Z', '2026-01-01T00:00:00Z', '');
INSERT INTO tribal_evidence (id, fact_id, source_type, source_ref, author, authored_at, content_hash) VALUES (10056, 10056, 'inline_marker', 'pkg/saturated11/file.go', NULL, NULL, 'ev-11-1');
INSERT INTO tribal_facts (id, subject_id, kind, body, source_quote, confidence, corroboration, extractor, extractor_version, model, staleness_hash, status, created_at, last_verified, cluster_key) VALUES (10057, 10011, 'quirk', 'body-2', 'quote', 0.9, 1, 'test', '1', NULL, 'sh-11-2', 'active', '2026-01-01T00:00:00Z', '2026-01-01T00:00:00Z', '');
INSERT INTO tribal_evidence (id, fact_id, source_type, source_ref, author, authored_at, content_hash) VALUES (10057, 10057, 'inline_marker', 'pkg/saturated11/file.go', NULL, NULL, 'ev-11-2');
INSERT INTO tribal_facts (id, subject_id, kind, body, source_quote, confidence, corroboration, extractor, extractor_version, model, staleness_hash, status, created_at, last_verified, cluster_key) VALUES (10058, 10011, 'quirk', 'body-3', 'quote', 0.9, 1, 'test', '1', NULL, 'sh-11-3', 'active', '2026-01-01T00:00:00Z', '2026-01-01T00:00:00Z', '');
INSERT INTO tribal_evidence (id, fact_id, source_type, source_ref, author, authored_at, content_hash) VALUES (10058, 10058, 'inline_marker', 'pkg/saturated11/file.go', NULL, NULL, 'ev-11-3');
INSERT INTO tribal_facts (id, subject_id, kind, body, source_quote, confidence, corroboration, extractor, extractor_version, model, staleness_hash, status, created_at, last_verified, cluster_key) VALUES (10059, 10011, 'quirk', 'body-4', 'quote', 0.9, 1, 'test', '1', NULL, 'sh-11-4', 'active', '2026-01-01T00:00:00Z', '2026-01-01T00:00:00Z', '');
INSERT INTO tribal_evidence (id, fact_id, source_type, source_ref, author, authored_at, content_hash) VALUES (10059, 10059, 'inline_marker', 'pkg/saturated11/file.go', NULL, NULL, 'ev-11-4');
INSERT INTO symbols (id, repo, import_path, symbol_name, language, kind, visibility, display_name, scip_symbol) VALUES (10012, 'bench-repo', 'pkg/saturated12/file.go', 'sat_sym_12', 'go', 'func', 'public', NULL, NULL);
INSERT INTO tribal_facts (id, subject_id, kind, body, source_quote, confidence, corroboration, extractor, extractor_version, model, staleness_hash, status, created_at, last_verified, cluster_key) VALUES (10060, 10012, 'quirk', 'body-0', 'quote', 0.9, 1, 'test', '1', NULL, 'sh-12-0', 'active', '2026-01-01T00:00:00Z', '2026-01-01T00:00:00Z', '');
INSERT INTO tribal_evidence (id, fact_id, source_type, source_ref, author, authored_at, content_hash) VALUES (10060, 10060, 'inline_marker', 'pkg/saturated12/file.go', NULL, NULL, 'ev-12-0');
INSERT INTO tribal_facts (id, subject_id, kind, body, source_quote, confidence, corroboration, extractor, extractor_version, model, staleness_hash, status, created_at, last_verified, cluster_key) VALUES (10061, 10012, 'quirk', 'body-1', 'quote', 0.9, 1, 'test', '1', NULL, 'sh-12-1', 'active', '2026-01-01T00:00:00Z', '2026-01-01T00:00:00Z', '');
INSERT INTO tribal_evidence (id, fact_id, source_type, source_ref, author, authored_at, content_hash) VALUES (10061, 10061, 'inline_marker', 'pkg/saturated12/file.go', NULL, NULL, 'ev-12-1');
INSERT INTO tribal_facts (id, subject_id, kind, body, source_quote, confidence, corroboration, extractor, extractor_version, model, staleness_hash, status, created_at, last_verified, cluster_key) VALUES (10062, 10012, 'quirk', 'body-2', 'quote', 0.9, 1, 'test', '1', NULL, 'sh-12-2', 'active', '2026-01-01T00:00:00Z', '2026-01-01T00:00:00Z', '');
INSERT INTO tribal_evidence (id, fact_id, source_type, source_ref, author, authored_at, content_hash) VALUES (10062, 10062, 'inline_marker', 'pkg/saturated12/file.go', NULL, NULL, 'ev-12-2');
INSERT INTO tribal_facts (id, subject_id, kind, body, source_quote, confidence, corroboration, extractor, extractor_version, model, staleness_hash, status, created_at, last_verified, cluster_key) VALUES (10063, 10012, 'quirk', 'body-3', 'quote', 0.9, 1, 'test', '1', NULL, 'sh-12-3', 'active', '2026-01-01T00:00:00Z', '2026-01-01T00:00:00Z', '');
INSERT INTO tribal_evidence (id, fact_id, source_type, source_ref, author, authored_at, content_hash) VALUES (10063, 10063, 'inline_marker', 'pkg/saturated12/file.go', NULL, NULL, 'ev-12-3');
INSERT INTO tribal_facts (id, subject_id, kind, body, source_quote, confidence, corroboration, extractor, extractor_version, model, staleness_hash, status, created_at, last_verified, cluster_key) VALUES (10064, 10012, 'quirk', 'body-4', 'quote', 0.9, 1, 'test', '1', NULL, 'sh-12-4', 'active', '2026-01-01T00:00:00Z', '2026-01-01T00:00:00Z', '');
INSERT INTO tribal_evidence (id, fact_id, source_type, source_ref, author, authored_at, content_hash) VALUES (10064, 10064, 'inline_marker', 'pkg/saturated12/file.go', NULL, NULL, 'ev-12-4');
INSERT INTO symbols (id, repo, import_path, symbol_name, language, kind, visibility, display_name, scip_symbol) VALUES (10013, 'bench-repo', 'pkg/saturated13/file.go', 'sat_sym_13', 'go', 'func', 'public', NULL, NULL);
INSERT INTO tribal_facts (id, subject_id, kind, body, source_quote, confidence, corroboration, extractor, extractor_version, model, staleness_hash, status, created_at, last_verified, cluster_key) VALUES (10065, 10013, 'quirk', 'body-0', 'quote', 0.9, 1, 'test', '1', NULL, 'sh-13-0', 'active', '2026-01-01T00:00:00Z', '2026-01-01T00:00:00Z', '');
INSERT INTO tribal_evidence (id, fact_id, source_type, source_ref, author, authored_at, content_hash) VALUES (10065, 10065, 'inline_marker', 'pkg/saturated13/file.go', NULL, NULL, 'ev-13-0');
INSERT INTO tribal_facts (id, subject_id, kind, body, source_quote, confidence, corroboration, extractor, extractor_version, model, staleness_hash, status, created_at, last_verified, cluster_key) VALUES (10066, 10013, 'quirk', 'body-1', 'quote', 0.9, 1, 'test', '1', NULL, 'sh-13-1', 'active', '2026-01-01T00:00:00Z', '2026-01-01T00:00:00Z', '');
INSERT INTO tribal_evidence (id, fact_id, source_type, source_ref, author, authored_at, content_hash) VALUES (10066, 10066, 'inline_marker', 'pkg/saturated13/file.go', NULL, NULL, 'ev-13-1');
INSERT INTO tribal_facts (id, subject_id, kind, body, source_quote, confidence, corroboration, extractor, extractor_version, model, staleness_hash, status, created_at, last_verified, cluster_key) VALUES (10067, 10013, 'quirk', 'body-2', 'quote', 0.9, 1, 'test', '1', NULL, 'sh-13-2', 'active', '2026-01-01T00:00:00Z', '2026-01-01T00:00:00Z', '');
INSERT INTO tribal_evidence (id, fact_id, source_type, source_ref, author, authored_at, content_hash) VALUES (10067, 10067, 'inline_marker', 'pkg/saturated13/file.go', NULL, NULL, 'ev-13-2');
INSERT INTO tribal_facts (id, subject_id, kind, body, source_quote, confidence, corroboration, extractor, extractor_version, model, staleness_hash, status, created_at, last_verified, cluster_key) VALUES (10068, 10013, 'quirk', 'body-3', 'quote', 0.9, 1, 'test', '1', NULL, 'sh-13-3', 'active', '2026-01-01T00:00:00Z', '2026-01-01T00:00:00Z', '');
INSERT INTO tribal_evidence (id, fact_id, source_type, source_ref, author, authored_at, content_hash) VALUES (10068, 10068, 'inline_marker', 'pkg/saturated13/file.go', NULL, NULL, 'ev-13-3');
INSERT INTO tribal_facts (id, subject_id, kind, body, source_quote, confidence, corroboration, extractor, extractor_version, model, staleness_hash, status, created_at, last_verified, cluster_key) VALUES (10069, 10013, 'quirk', 'body-4', 'quote', 0.9, 1, 'test', '1', NULL, 'sh-13-4', 'active', '2026-01-01T00:00:00Z', '2026-01-01T00:00:00Z', '');
INSERT INTO tribal_evidence (id, fact_id, source_type, source_ref, author, authored_at, content_hash) VALUES (10069, 10069, 'inline_marker', 'pkg/saturated13/file.go', NULL, NULL, 'ev-13-4');
INSERT INTO symbols (id, repo, import_path, symbol_name, language, kind, visibility, display_name, scip_symbol) VALUES (10014, 'bench-repo', 'pkg/saturated14/file.go', 'sat_sym_14', 'go', 'func', 'public', NULL, NULL);
INSERT INTO tribal_facts (id, subject_id, kind, body, source_quote, confidence, corroboration, extractor, extractor_version, model, staleness_hash, status, created_at, last_verified, cluster_key) VALUES (10070, 10014, 'quirk', 'body-0', 'quote', 0.9, 1, 'test', '1', NULL, 'sh-14-0', 'active', '2026-01-01T00:00:00Z', '2026-01-01T00:00:00Z', '');
INSERT INTO tribal_evidence (id, fact_id, source_type, source_ref, author, authored_at, content_hash) VALUES (10070, 10070, 'inline_marker', 'pkg/saturated14/file.go', NULL, NULL, 'ev-14-0');
INSERT INTO tribal_facts (id, subject_id, kind, body, source_quote, confidence, corroboration, extractor, extractor_version, model, staleness_hash, status, created_at, last_verified, cluster_key) VALUES (10071, 10014, 'quirk', 'body-1', 'quote', 0.9, 1, 'test', '1', NULL, 'sh-14-1', 'active', '2026-01-01T00:00:00Z', '2026-01-01T00:00:00Z', '');
INSERT INTO tribal_evidence (id, fact_id, source_type, source_ref, author, authored_at, content_hash) VALUES (10071, 10071, 'inline_marker', 'pkg/saturated14/file.go', NULL, NULL, 'ev-14-1');
INSERT INTO tribal_facts (id, subject_id, kind, body, source_quote, confidence, corroboration, extractor, extractor_version, model, staleness_hash, status, created_at, last_verified, cluster_key) VALUES (10072, 10014, 'quirk', 'body-2', 'quote', 0.9, 1, 'test', '1', NULL, 'sh-14-2', 'active', '2026-01-01T00:00:00Z', '2026-01-01T00:00:00Z', '');
INSERT INTO tribal_evidence (id, fact_id, source_type, source_ref, author, authored_at, content_hash) VALUES (10072, 10072, 'inline_marker', 'pkg/saturated14/file.go', NULL, NULL, 'ev-14-2');
INSERT INTO tribal_facts (id, subject_id, kind, body, source_quote, confidence, corroboration, extractor, extractor_version, model, staleness_hash, status, created_at, last_verified, cluster_key) VALUES (10073, 10014, 'quirk', 'body-3', 'quote', 0.9, 1, 'test', '1', NULL, 'sh-14-3', 'active', '2026-01-01T00:00:00Z', '2026-01-01T00:00:00Z', '');
INSERT INTO tribal_evidence (id, fact_id, source_type, source_ref, author, authored_at, content_hash) VALUES (10073, 10073, 'inline_marker', 'pkg/saturated14/file.go', NULL, NULL, 'ev-14-3');
INSERT INTO tribal_facts (id, subject_id, kind, body, source_quote, confidence, corroboration, extractor, extractor_version, model, staleness_hash, status, created_at, last_verified, cluster_key) VALUES (10074, 10014, 'quirk', 'body-4', 'quote', 0.9, 1, 'test', '1', NULL, 'sh-14-4', 'active', '2026-01-01T00:00:00Z', '2026-01-01T00:00:00Z', '');
INSERT INTO tribal_evidence (id, fact_id, source_type, source_ref, author, authored_at, content_hash) VALUES (10074, 10074, 'inline_marker', 'pkg/saturated14/file.go', NULL, NULL, 'ev-14-4');
INSERT INTO symbols (id, repo, import_path, symbol_name, language, kind, visibility, display_name, scip_symbol) VALUES (10015, 'bench-repo', 'pkg/saturated15/file.go', 'sat_sym_15', 'go', 'func', 'public', NULL, NULL);
INSERT INTO tribal_facts (id, subject_id, kind, body, source_quote, confidence, corroboration, extractor, extractor_version, model, staleness_hash, status, created_at, last_verified, cluster_key) VALUES (10075, 10015, 'quirk', 'body-0', 'quote', 0.9, 1, 'test', '1', NULL, 'sh-15-0', 'active', '2026-01-01T00:00:00Z', '2026-01-01T00:00:00Z', '');
INSERT INTO tribal_evidence (id, fact_id, source_type, source_ref, author, authored_at, content_hash) VALUES (10075, 10075, 'inline_marker', 'pkg/saturated15/file.go', NULL, NULL, 'ev-15-0');
INSERT INTO tribal_facts (id, subject_id, kind, body, source_quote, confidence, corroboration, extractor, extractor_version, model, staleness_hash, status, created_at, last_verified, cluster_key) VALUES (10076, 10015, 'quirk', 'body-1', 'quote', 0.9, 1, 'test', '1', NULL, 'sh-15-1', 'active', '2026-01-01T00:00:00Z', '2026-01-01T00:00:00Z', '');
INSERT INTO tribal_evidence (id, fact_id, source_type, source_ref, author, authored_at, content_hash) VALUES (10076, 10076, 'inline_marker', 'pkg/saturated15/file.go', NULL, NULL, 'ev-15-1');
INSERT INTO tribal_facts (id, subject_id, kind, body, source_quote, confidence, corroboration, extractor, extractor_version, model, staleness_hash, status, created_at, last_verified, cluster_key) VALUES (10077, 10015, 'quirk', 'body-2', 'quote', 0.9, 1, 'test', '1', NULL, 'sh-15-2', 'active', '2026-01-01T00:00:00Z', '2026-01-01T00:00:00Z', '');
INSERT INTO tribal_evidence (id, fact_id, source_type, source_ref, author, authored_at, content_hash) VALUES (10077, 10077, 'inline_marker', 'pkg/saturated15/file.go', NULL, NULL, 'ev-15-2');
INSERT INTO tribal_facts (id, subject_id, kind, body, source_quote, confidence, corroboration, extractor, extractor_version, model, staleness_hash, status, created_at, last_verified, cluster_key) VALUES (10078, 10015, 'quirk', 'body-3', 'quote', 0.9, 1, 'test', '1', NULL, 'sh-15-3', 'active', '2026-01-01T00:00:00Z', '2026-01-01T00:00:00Z', '');
INSERT INTO tribal_evidence (id, fact_id, source_type, source_ref, author, authored_at, content_hash) VALUES (10078, 10078, 'inline_marker', 'pkg/saturated15/file.go', NULL, NULL, 'ev-15-3');
INSERT INTO tribal_facts (id, subject_id, kind, body, source_quote, confidence, corroboration, extractor, extractor_version, model, staleness_hash, status, created_at, last_verified, cluster_key) VALUES (10079, 10015, 'quirk', 'body-4', 'quote', 0.9, 1, 'test', '1', NULL, 'sh-15-4', 'active', '2026-01-01T00:00:00Z', '2026-01-01T00:00:00Z', '');
INSERT INTO tribal_evidence (id, fact_id, source_type, source_ref, author, authored_at, content_hash) VALUES (10079, 10079, 'inline_marker', 'pkg/saturated15/file.go', NULL, NULL, 'ev-15-4');
INSERT INTO symbols (id, repo, import_path, symbol_name, language, kind, visibility, display_name, scip_symbol) VALUES (10016, 'bench-repo', 'pkg/saturated16/file.go', 'sat_sym_16', 'go', 'func', 'public', NULL, NULL);
INSERT INTO tribal_facts (id, subject_id, kind, body, source_quote, confidence, corroboration, extractor, extractor_version, model, staleness_hash, status, created_at, last_verified, cluster_key) VALUES (10080, 10016, 'quirk', 'body-0', 'quote', 0.9, 1, 'test', '1', NULL, 'sh-16-0', 'active', '2026-01-01T00:00:00Z', '2026-01-01T00:00:00Z', '');
INSERT INTO tribal_evidence (id, fact_id, source_type, source_ref, author, authored_at, content_hash) VALUES (10080, 10080, 'inline_marker', 'pkg/saturated16/file.go', NULL, NULL, 'ev-16-0');
INSERT INTO tribal_facts (id, subject_id, kind, body, source_quote, confidence, corroboration, extractor, extractor_version, model, staleness_hash, status, created_at, last_verified, cluster_key) VALUES (10081, 10016, 'quirk', 'body-1', 'quote', 0.9, 1, 'test', '1', NULL, 'sh-16-1', 'active', '2026-01-01T00:00:00Z', '2026-01-01T00:00:00Z', '');
INSERT INTO tribal_evidence (id, fact_id, source_type, source_ref, author, authored_at, content_hash) VALUES (10081, 10081, 'inline_marker', 'pkg/saturated16/file.go', NULL, NULL, 'ev-16-1');
INSERT INTO tribal_facts (id, subject_id, kind, body, source_quote, confidence, corroboration, extractor, extractor_version, model, staleness_hash, status, created_at, last_verified, cluster_key) VALUES (10082, 10016, 'quirk', 'body-2', 'quote', 0.9, 1, 'test', '1', NULL, 'sh-16-2', 'active', '2026-01-01T00:00:00Z', '2026-01-01T00:00:00Z', '');
INSERT INTO tribal_evidence (id, fact_id, source_type, source_ref, author, authored_at, content_hash) VALUES (10082, 10082, 'inline_marker', 'pkg/saturated16/file.go', NULL, NULL, 'ev-16-2');
INSERT INTO tribal_facts (id, subject_id, kind, body, source_quote, confidence, corroboration, extractor, extractor_version, model, staleness_hash, status, created_at, last_verified, cluster_key) VALUES (10083, 10016, 'quirk', 'body-3', 'quote', 0.9, 1, 'test', '1', NULL, 'sh-16-3', 'active', '2026-01-01T00:00:00Z', '2026-01-01T00:00:00Z', '');
INSERT INTO tribal_evidence (id, fact_id, source_type, source_ref, author, authored_at, content_hash) VALUES (10083, 10083, 'inline_marker', 'pkg/saturated16/file.go', NULL, NULL, 'ev-16-3');
INSERT INTO tribal_facts (id, subject_id, kind, body, source_quote, confidence, corroboration, extractor, extractor_version, model, staleness_hash, status, created_at, last_verified, cluster_key) VALUES (10084, 10016, 'quirk', 'body-4', 'quote', 0.9, 1, 'test', '1', NULL, 'sh-16-4', 'active', '2026-01-01T00:00:00Z', '2026-01-01T00:00:00Z', '');
INSERT INTO tribal_evidence (id, fact_id, source_type, source_ref, author, authored_at, content_hash) VALUES (10084, 10084, 'inline_marker', 'pkg/saturated16/file.go', NULL, NULL, 'ev-16-4');
INSERT INTO symbols (id, repo, import_path, symbol_name, language, kind, visibility, display_name, scip_symbol) VALUES (10017, 'bench-repo', 'pkg/saturated17/file.go', 'sat_sym_17', 'go', 'func', 'public', NULL, NULL);
INSERT INTO tribal_facts (id, subject_id, kind, body, source_quote, confidence, corroboration, extractor, extractor_version, model, staleness_hash, status, created_at, last_verified, cluster_key) VALUES (10085, 10017, 'quirk', 'body-0', 'quote', 0.9, 1, 'test', '1', NULL, 'sh-17-0', 'active', '2026-01-01T00:00:00Z', '2026-01-01T00:00:00Z', '');
INSERT INTO tribal_evidence (id, fact_id, source_type, source_ref, author, authored_at, content_hash) VALUES (10085, 10085, 'inline_marker', 'pkg/saturated17/file.go', NULL, NULL, 'ev-17-0');
INSERT INTO tribal_facts (id, subject_id, kind, body, source_quote, confidence, corroboration, extractor, extractor_version, model, staleness_hash, status, created_at, last_verified, cluster_key) VALUES (10086, 10017, 'quirk', 'body-1', 'quote', 0.9, 1, 'test', '1', NULL, 'sh-17-1', 'active', '2026-01-01T00:00:00Z', '2026-01-01T00:00:00Z', '');
INSERT INTO tribal_evidence (id, fact_id, source_type, source_ref, author, authored_at, content_hash) VALUES (10086, 10086, 'inline_marker', 'pkg/saturated17/file.go', NULL, NULL, 'ev-17-1');
INSERT INTO tribal_facts (id, subject_id, kind, body, source_quote, confidence, corroboration, extractor, extractor_version, model, staleness_hash, status, created_at, last_verified, cluster_key) VALUES (10087, 10017, 'quirk', 'body-2', 'quote', 0.9, 1, 'test', '1', NULL, 'sh-17-2', 'active', '2026-01-01T00:00:00Z', '2026-01-01T00:00:00Z', '');
INSERT INTO tribal_evidence (id, fact_id, source_type, source_ref, author, authored_at, content_hash) VALUES (10087, 10087, 'inline_marker', 'pkg/saturated17/file.go', NULL, NULL, 'ev-17-2');
INSERT INTO tribal_facts (id, subject_id, kind, body, source_quote, confidence, corroboration, extractor, extractor_version, model, staleness_hash, status, created_at, last_verified, cluster_key) VALUES (10088, 10017, 'quirk', 'body-3', 'quote', 0.9, 1, 'test', '1', NULL, 'sh-17-3', 'active', '2026-01-01T00:00:00Z', '2026-01-01T00:00:00Z', '');
INSERT INTO tribal_evidence (id, fact_id, source_type, source_ref, author, authored_at, content_hash) VALUES (10088, 10088, 'inline_marker', 'pkg/saturated17/file.go', NULL, NULL, 'ev-17-3');
INSERT INTO tribal_facts (id, subject_id, kind, body, source_quote, confidence, corroboration, extractor, extractor_version, model, staleness_hash, status, created_at, last_verified, cluster_key) VALUES (10089, 10017, 'quirk', 'body-4', 'quote', 0.9, 1, 'test', '1', NULL, 'sh-17-4', 'active', '2026-01-01T00:00:00Z', '2026-01-01T00:00:00Z', '');
INSERT INTO tribal_evidence (id, fact_id, source_type, source_ref, author, authored_at, content_hash) VALUES (10089, 10089, 'inline_marker', 'pkg/saturated17/file.go', NULL, NULL, 'ev-17-4');
INSERT INTO symbols (id, repo, import_path, symbol_name, language, kind, visibility, display_name, scip_symbol) VALUES (10018, 'bench-repo', 'pkg/saturated18/file.go', 'sat_sym_18', 'go', 'func', 'public', NULL, NULL);
INSERT INTO tribal_facts (id, subject_id, kind, body, source_quote, confidence, corroboration, extractor, extractor_version, model, staleness_hash, status, created_at, last_verified, cluster_key) VALUES (10090, 10018, 'quirk', 'body-0', 'quote', 0.9, 1, 'test', '1', NULL, 'sh-18-0', 'active', '2026-01-01T00:00:00Z', '2026-01-01T00:00:00Z', '');
INSERT INTO tribal_evidence (id, fact_id, source_type, source_ref, author, authored_at, content_hash) VALUES (10090, 10090, 'inline_marker', 'pkg/saturated18/file.go', NULL, NULL, 'ev-18-0');
INSERT INTO tribal_facts (id, subject_id, kind, body, source_quote, confidence, corroboration, extractor, extractor_version, model, staleness_hash, status, created_at, last_verified, cluster_key) VALUES (10091, 10018, 'quirk', 'body-1', 'quote', 0.9, 1, 'test', '1', NULL, 'sh-18-1', 'active', '2026-01-01T00:00:00Z', '2026-01-01T00:00:00Z', '');
INSERT INTO tribal_evidence (id, fact_id, source_type, source_ref, author, authored_at, content_hash) VALUES (10091, 10091, 'inline_marker', 'pkg/saturated18/file.go', NULL, NULL, 'ev-18-1');
INSERT INTO tribal_facts (id, subject_id, kind, body, source_quote, confidence, corroboration, extractor, extractor_version, model, staleness_hash, status, created_at, last_verified, cluster_key) VALUES (10092, 10018, 'quirk', 'body-2', 'quote', 0.9, 1, 'test', '1', NULL, 'sh-18-2', 'active', '2026-01-01T00:00:00Z', '2026-01-01T00:00:00Z', '');
INSERT INTO tribal_evidence (id, fact_id, source_type, source_ref, author, authored_at, content_hash) VALUES (10092, 10092, 'inline_marker', 'pkg/saturated18/file.go', NULL, NULL, 'ev-18-2');
INSERT INTO tribal_facts (id, subject_id, kind, body, source_quote, confidence, corroboration, extractor, extractor_version, model, staleness_hash, status, created_at, last_verified, cluster_key) VALUES (10093, 10018, 'quirk', 'body-3', 'quote', 0.9, 1, 'test', '1', NULL, 'sh-18-3', 'active', '2026-01-01T00:00:00Z', '2026-01-01T00:00:00Z', '');
INSERT INTO tribal_evidence (id, fact_id, source_type, source_ref, author, authored_at, content_hash) VALUES (10093, 10093, 'inline_marker', 'pkg/saturated18/file.go', NULL, NULL, 'ev-18-3');
INSERT INTO tribal_facts (id, subject_id, kind, body, source_quote, confidence, corroboration, extractor, extractor_version, model, staleness_hash, status, created_at, last_verified, cluster_key) VALUES (10094, 10018, 'quirk', 'body-4', 'quote', 0.9, 1, 'test', '1', NULL, 'sh-18-4', 'active', '2026-01-01T00:00:00Z', '2026-01-01T00:00:00Z', '');
INSERT INTO tribal_evidence (id, fact_id, source_type, source_ref, author, authored_at, content_hash) VALUES (10094, 10094, 'inline_marker', 'pkg/saturated18/file.go', NULL, NULL, 'ev-18-4');
INSERT INTO symbols (id, repo, import_path, symbol_name, language, kind, visibility, display_name, scip_symbol) VALUES (10019, 'bench-repo', 'pkg/saturated19/file.go', 'sat_sym_19', 'go', 'func', 'public', NULL, NULL);
INSERT INTO tribal_facts (id, subject_id, kind, body, source_quote, confidence, corroboration, extractor, extractor_version, model, staleness_hash, status, created_at, last_verified, cluster_key) VALUES (10095, 10019, 'quirk', 'body-0', 'quote', 0.9, 1, 'test', '1', NULL, 'sh-19-0', 'active', '2026-01-01T00:00:00Z', '2026-01-01T00:00:00Z', '');
INSERT INTO tribal_evidence (id, fact_id, source_type, source_ref, author, authored_at, content_hash) VALUES (10095, 10095, 'inline_marker', 'pkg/saturated19/file.go', NULL, NULL, 'ev-19-0');
INSERT INTO tribal_facts (id, subject_id, kind, body, source_quote, confidence, corroboration, extractor, extractor_version, model, staleness_hash, status, created_at, last_verified, cluster_key) VALUES (10096, 10019, 'quirk', 'body-1', 'quote', 0.9, 1, 'test', '1', NULL, 'sh-19-1', 'active', '2026-01-01T00:00:00Z', '2026-01-01T00:00:00Z', '');
INSERT INTO tribal_evidence (id, fact_id, source_type, source_ref, author, authored_at, content_hash) VALUES (10096, 10096, 'inline_marker', 'pkg/saturated19/file.go', NULL, NULL, 'ev-19-1');
INSERT INTO tribal_facts (id, subject_id, kind, body, source_quote, confidence, corroboration, extractor, extractor_version, model, staleness_hash, status, created_at, last_verified, cluster_key) VALUES (10097, 10019, 'quirk', 'body-2', 'quote', 0.9, 1, 'test', '1', NULL, 'sh-19-2', 'active', '2026-01-01T00:00:00Z', '2026-01-01T00:00:00Z', '');
INSERT INTO tribal_evidence (id, fact_id, source_type, source_ref, author, authored_at, content_hash) VALUES (10097, 10097, 'inline_marker', 'pkg/saturated19/file.go', NULL, NULL, 'ev-19-2');
INSERT INTO tribal_facts (id, subject_id, kind, body, source_quote, confidence, corroboration, extractor, extractor_version, model, staleness_hash, status, created_at, last_verified, cluster_key) VALUES (10098, 10019, 'quirk', 'body-3', 'quote', 0.9, 1, 'test', '1', NULL, 'sh-19-3', 'active', '2026-01-01T00:00:00Z', '2026-01-01T00:00:00Z', '');
INSERT INTO tribal_evidence (id, fact_id, source_type, source_ref, author, authored_at, content_hash) VALUES (10098, 10098, 'inline_marker', 'pkg/saturated19/file.go', NULL, NULL, 'ev-19-3');
INSERT INTO tribal_facts (id, subject_id, kind, body, source_quote, confidence, corroboration, extractor, extractor_version, model, staleness_hash, status, created_at, last_verified, cluster_key) VALUES (10099, 10019, 'quirk', 'body-4', 'quote', 0.9, 1, 'test', '1', NULL, 'sh-19-4', 'active', '2026-01-01T00:00:00Z', '2026-01-01T00:00:00Z', '');
INSERT INTO tribal_evidence (id, fact_id, source_type, source_ref, author, authored_at, content_hash) VALUES (10099, 10099, 'inline_marker', 'pkg/saturated19/file.go', NULL, NULL, 'ev-19-4');
INSERT INTO symbols (id, repo, import_path, symbol_name, language, kind, visibility, display_name, scip_symbol) VALUES (10020, 'bench-repo', 'pkg/saturated20/file.go', 'sat_sym_20', 'go', 'func', 'public', NULL, NULL);
INSERT INTO tribal_facts (id, subject_id, kind, body, source_quote, confidence, corroboration, extractor, extractor_version, model, staleness_hash, status, created_at, last_verified, cluster_key) VALUES (10100, 10020, 'quirk', 'body-0', 'quote', 0.9, 1, 'test', '1', NULL, 'sh-20-0', 'active', '2026-01-01T00:00:00Z', '2026-01-01T00:00:00Z', '');
INSERT INTO tribal_evidence (id, fact_id, source_type, source_ref, author, authored_at, content_hash) VALUES (10100, 10100, 'inline_marker', 'pkg/saturated20/file.go', NULL, NULL, 'ev-20-0');
INSERT INTO tribal_facts (id, subject_id, kind, body, source_quote, confidence, corroboration, extractor, extractor_version, model, staleness_hash, status, created_at, last_verified, cluster_key) VALUES (10101, 10020, 'quirk', 'body-1', 'quote', 0.9, 1, 'test', '1', NULL, 'sh-20-1', 'active', '2026-01-01T00:00:00Z', '2026-01-01T00:00:00Z', '');
INSERT INTO tribal_evidence (id, fact_id, source_type, source_ref, author, authored_at, content_hash) VALUES (10101, 10101, 'inline_marker', 'pkg/saturated20/file.go', NULL, NULL, 'ev-20-1');
INSERT INTO tribal_facts (id, subject_id, kind, body, source_quote, confidence, corroboration, extractor, extractor_version, model, staleness_hash, status, created_at, last_verified, cluster_key) VALUES (10102, 10020, 'quirk', 'body-2', 'quote', 0.9, 1, 'test', '1', NULL, 'sh-20-2', 'active', '2026-01-01T00:00:00Z', '2026-01-01T00:00:00Z', '');
INSERT INTO tribal_evidence (id, fact_id, source_type, source_ref, author, authored_at, content_hash) VALUES (10102, 10102, 'inline_marker', 'pkg/saturated20/file.go', NULL, NULL, 'ev-20-2');
INSERT INTO tribal_facts (id, subject_id, kind, body, source_quote, confidence, corroboration, extractor, extractor_version, model, staleness_hash, status, created_at, last_verified, cluster_key) VALUES (10103, 10020, 'quirk', 'body-3', 'quote', 0.9, 1, 'test', '1', NULL, 'sh-20-3', 'active', '2026-01-01T00:00:00Z', '2026-01-01T00:00:00Z', '');
INSERT INTO tribal_evidence (id, fact_id, source_type, source_ref, author, authored_at, content_hash) VALUES (10103, 10103, 'inline_marker', 'pkg/saturated20/file.go', NULL, NULL, 'ev-20-3');
INSERT INTO tribal_facts (id, subject_id, kind, body, source_quote, confidence, corroboration, extractor, extractor_version, model, staleness_hash, status, created_at, last_verified, cluster_key) VALUES (10104, 10020, 'quirk', 'body-4', 'quote', 0.9, 1, 'test', '1', NULL, 'sh-20-4', 'active', '2026-01-01T00:00:00Z', '2026-01-01T00:00:00Z', '');
INSERT INTO tribal_evidence (id, fact_id, source_type, source_ref, author, authored_at, content_hash) VALUES (10104, 10104, 'inline_marker', 'pkg/saturated20/file.go', NULL, NULL, 'ev-20-4');
INSERT INTO symbols (id, repo, import_path, symbol_name, language, kind, visibility, display_name, scip_symbol) VALUES (10021, 'bench-repo', 'pkg/saturated21/file.go', 'sat_sym_21', 'go', 'func', 'public', NULL, NULL);
INSERT INTO tribal_facts (id, subject_id, kind, body, source_quote, confidence, corroboration, extractor, extractor_version, model, staleness_hash, status, created_at, last_verified, cluster_key) VALUES (10105, 10021, 'quirk', 'body-0', 'quote', 0.9, 1, 'test', '1', NULL, 'sh-21-0', 'active', '2026-01-01T00:00:00Z', '2026-01-01T00:00:00Z', '');
INSERT INTO tribal_evidence (id, fact_id, source_type, source_ref, author, authored_at, content_hash) VALUES (10105, 10105, 'inline_marker', 'pkg/saturated21/file.go', NULL, NULL, 'ev-21-0');
INSERT INTO tribal_facts (id, subject_id, kind, body, source_quote, confidence, corroboration, extractor, extractor_version, model, staleness_hash, status, created_at, last_verified, cluster_key) VALUES (10106, 10021, 'quirk', 'body-1', 'quote', 0.9, 1, 'test', '1', NULL, 'sh-21-1', 'active', '2026-01-01T00:00:00Z', '2026-01-01T00:00:00Z', '');
INSERT INTO tribal_evidence (id, fact_id, source_type, source_ref, author, authored_at, content_hash) VALUES (10106, 10106, 'inline_marker', 'pkg/saturated21/file.go', NULL, NULL, 'ev-21-1');
INSERT INTO tribal_facts (id, subject_id, kind, body, source_quote, confidence, corroboration, extractor, extractor_version, model, staleness_hash, status, created_at, last_verified, cluster_key) VALUES (10107, 10021, 'quirk', 'body-2', 'quote', 0.9, 1, 'test', '1', NULL, 'sh-21-2', 'active', '2026-01-01T00:00:00Z', '2026-01-01T00:00:00Z', '');
INSERT INTO tribal_evidence (id, fact_id, source_type, source_ref, author, authored_at, content_hash) VALUES (10107, 10107, 'inline_marker', 'pkg/saturated21/file.go', NULL, NULL, 'ev-21-2');
INSERT INTO tribal_facts (id, subject_id, kind, body, source_quote, confidence, corroboration, extractor, extractor_version, model, staleness_hash, status, created_at, last_verified, cluster_key) VALUES (10108, 10021, 'quirk', 'body-3', 'quote', 0.9, 1, 'test', '1', NULL, 'sh-21-3', 'active', '2026-01-01T00:00:00Z', '2026-01-01T00:00:00Z', '');
INSERT INTO tribal_evidence (id, fact_id, source_type, source_ref, author, authored_at, content_hash) VALUES (10108, 10108, 'inline_marker', 'pkg/saturated21/file.go', NULL, NULL, 'ev-21-3');
INSERT INTO tribal_facts (id, subject_id, kind, body, source_quote, confidence, corroboration, extractor, extractor_version, model, staleness_hash, status, created_at, last_verified, cluster_key) VALUES (10109, 10021, 'quirk', 'body-4', 'quote', 0.9, 1, 'test', '1', NULL, 'sh-21-4', 'active', '2026-01-01T00:00:00Z', '2026-01-01T00:00:00Z', '');
INSERT INTO tribal_evidence (id, fact_id, source_type, source_ref, author, authored_at, content_hash) VALUES (10109, 10109, 'inline_marker', 'pkg/saturated21/file.go', NULL, NULL, 'ev-21-4');
INSERT INTO symbols (id, repo, import_path, symbol_name, language, kind, visibility, display_name, scip_symbol) VALUES (10022, 'bench-repo', 'pkg/saturated22/file.go', 'sat_sym_22', 'go', 'func', 'public', NULL, NULL);
INSERT INTO tribal_facts (id, subject_id, kind, body, source_quote, confidence, corroboration, extractor, extractor_version, model, staleness_hash, status, created_at, last_verified, cluster_key) VALUES (10110, 10022, 'quirk', 'body-0', 'quote', 0.9, 1, 'test', '1', NULL, 'sh-22-0', 'active', '2026-01-01T00:00:00Z', '2026-01-01T00:00:00Z', '');
INSERT INTO tribal_evidence (id, fact_id, source_type, source_ref, author, authored_at, content_hash) VALUES (10110, 10110, 'inline_marker', 'pkg/saturated22/file.go', NULL, NULL, 'ev-22-0');
INSERT INTO tribal_facts (id, subject_id, kind, body, source_quote, confidence, corroboration, extractor, extractor_version, model, staleness_hash, status, created_at, last_verified, cluster_key) VALUES (10111, 10022, 'quirk', 'body-1', 'quote', 0.9, 1, 'test', '1', NULL, 'sh-22-1', 'active', '2026-01-01T00:00:00Z', '2026-01-01T00:00:00Z', '');
INSERT INTO tribal_evidence (id, fact_id, source_type, source_ref, author, authored_at, content_hash) VALUES (10111, 10111, 'inline_marker', 'pkg/saturated22/file.go', NULL, NULL, 'ev-22-1');
INSERT INTO tribal_facts (id, subject_id, kind, body, source_quote, confidence, corroboration, extractor, extractor_version, model, staleness_hash, status, created_at, last_verified, cluster_key) VALUES (10112, 10022, 'quirk', 'body-2', 'quote', 0.9, 1, 'test', '1', NULL, 'sh-22-2', 'active', '2026-01-01T00:00:00Z', '2026-01-01T00:00:00Z', '');
INSERT INTO tribal_evidence (id, fact_id, source_type, source_ref, author, authored_at, content_hash) VALUES (10112, 10112, 'inline_marker', 'pkg/saturated22/file.go', NULL, NULL, 'ev-22-2');
INSERT INTO tribal_facts (id, subject_id, kind, body, source_quote, confidence, corroboration, extractor, extractor_version, model, staleness_hash, status, created_at, last_verified, cluster_key) VALUES (10113, 10022, 'quirk', 'body-3', 'quote', 0.9, 1, 'test', '1', NULL, 'sh-22-3', 'active', '2026-01-01T00:00:00Z', '2026-01-01T00:00:00Z', '');
INSERT INTO tribal_evidence (id, fact_id, source_type, source_ref, author, authored_at, content_hash) VALUES (10113, 10113, 'inline_marker', 'pkg/saturated22/file.go', NULL, NULL, 'ev-22-3');
INSERT INTO tribal_facts (id, subject_id, kind, body, source_quote, confidence, corroboration, extractor, extractor_version, model, staleness_hash, status, created_at, last_verified, cluster_key) VALUES (10114, 10022, 'quirk', 'body-4', 'quote', 0.9, 1, 'test', '1', NULL, 'sh-22-4', 'active', '2026-01-01T00:00:00Z', '2026-01-01T00:00:00Z', '');
INSERT INTO tribal_evidence (id, fact_id, source_type, source_ref, author, authored_at, content_hash) VALUES (10114, 10114, 'inline_marker', 'pkg/saturated22/file.go', NULL, NULL, 'ev-22-4');
INSERT INTO symbols (id, repo, import_path, symbol_name, language, kind, visibility, display_name, scip_symbol) VALUES (10023, 'bench-repo', 'pkg/saturated23/file.go', 'sat_sym_23', 'go', 'func', 'public', NULL, NULL);
INSERT INTO tribal_facts (id, subject_id, kind, body, source_quote, confidence, corroboration, extractor, extractor_version, model, staleness_hash, status, created_at, last_verified, cluster_key) VALUES (10115, 10023, 'quirk', 'body-0', 'quote', 0.9, 1, 'test', '1', NULL, 'sh-23-0', 'active', '2026-01-01T00:00:00Z', '2026-01-01T00:00:00Z', '');
INSERT INTO tribal_evidence (id, fact_id, source_type, source_ref, author, authored_at, content_hash) VALUES (10115, 10115, 'inline_marker', 'pkg/saturated23/file.go', NULL, NULL, 'ev-23-0');
INSERT INTO tribal_facts (id, subject_id, kind, body, source_quote, confidence, corroboration, extractor, extractor_version, model, staleness_hash, status, created_at, last_verified, cluster_key) VALUES (10116, 10023, 'quirk', 'body-1', 'quote', 0.9, 1, 'test', '1', NULL, 'sh-23-1', 'active', '2026-01-01T00:00:00Z', '2026-01-01T00:00:00Z', '');
INSERT INTO tribal_evidence (id, fact_id, source_type, source_ref, author, authored_at, content_hash) VALUES (10116, 10116, 'inline_marker', 'pkg/saturated23/file.go', NULL, NULL, 'ev-23-1');
INSERT INTO tribal_facts (id, subject_id, kind, body, source_quote, confidence, corroboration, extractor, extractor_version, model, staleness_hash, status, created_at, last_verified, cluster_key) VALUES (10117, 10023, 'quirk', 'body-2', 'quote', 0.9, 1, 'test', '1', NULL, 'sh-23-2', 'active', '2026-01-01T00:00:00Z', '2026-01-01T00:00:00Z', '');
INSERT INTO tribal_evidence (id, fact_id, source_type, source_ref, author, authored_at, content_hash) VALUES (10117, 10117, 'inline_marker', 'pkg/saturated23/file.go', NULL, NULL, 'ev-23-2');
INSERT INTO tribal_facts (id, subject_id, kind, body, source_quote, confidence, corroboration, extractor, extractor_version, model, staleness_hash, status, created_at, last_verified, cluster_key) VALUES (10118, 10023, 'quirk', 'body-3', 'quote', 0.9, 1, 'test', '1', NULL, 'sh-23-3', 'active', '2026-01-01T00:00:00Z', '2026-01-01T00:00:00Z', '');
INSERT INTO tribal_evidence (id, fact_id, source_type, source_ref, author, authored_at, content_hash) VALUES (10118, 10118, 'inline_marker', 'pkg/saturated23/file.go', NULL, NULL, 'ev-23-3');
INSERT INTO tribal_facts (id, subject_id, kind, body, source_quote, confidence, corroboration, extractor, extractor_version, model, staleness_hash, status, created_at, last_verified, cluster_key) VALUES (10119, 10023, 'quirk', 'body-4', 'quote', 0.9, 1, 'test', '1', NULL, 'sh-23-4', 'active', '2026-01-01T00:00:00Z', '2026-01-01T00:00:00Z', '');
INSERT INTO tribal_evidence (id, fact_id, source_type, source_ref, author, authored_at, content_hash) VALUES (10119, 10119, 'inline_marker', 'pkg/saturated23/file.go', NULL, NULL, 'ev-23-4');
INSERT INTO symbols (id, repo, import_path, symbol_name, language, kind, visibility, display_name, scip_symbol) VALUES (10024, 'bench-repo', 'pkg/saturated24/file.go', 'sat_sym_24', 'go', 'func', 'public', NULL, NULL);
INSERT INTO tribal_facts (id, subject_id, kind, body, source_quote, confidence, corroboration, extractor, extractor_version, model, staleness_hash, status, created_at, last_verified, cluster_key) VALUES (10120, 10024, 'quirk', 'body-0', 'quote', 0.9, 1, 'test', '1', NULL, 'sh-24-0', 'active', '2026-01-01T00:00:00Z', '2026-01-01T00:00:00Z', '');
INSERT INTO tribal_evidence (id, fact_id, source_type, source_ref, author, authored_at, content_hash) VALUES (10120, 10120, 'inline_marker', 'pkg/saturated24/file.go', NULL, NULL, 'ev-24-0');
INSERT INTO tribal_facts (id, subject_id, kind, body, source_quote, confidence, corroboration, extractor, extractor_version, model, staleness_hash, status, created_at, last_verified, cluster_key) VALUES (10121, 10024, 'quirk', 'body-1', 'quote', 0.9, 1, 'test', '1', NULL, 'sh-24-1', 'active', '2026-01-01T00:00:00Z', '2026-01-01T00:00:00Z', '');
INSERT INTO tribal_evidence (id, fact_id, source_type, source_ref, author, authored_at, content_hash) VALUES (10121, 10121, 'inline_marker', 'pkg/saturated24/file.go', NULL, NULL, 'ev-24-1');
INSERT INTO tribal_facts (id, subject_id, kind, body, source_quote, confidence, corroboration, extractor, extractor_version, model, staleness_hash, status, created_at, last_verified, cluster_key) VALUES (10122, 10024, 'quirk', 'body-2', 'quote', 0.9, 1, 'test', '1', NULL, 'sh-24-2', 'active', '2026-01-01T00:00:00Z', '2026-01-01T00:00:00Z', '');
INSERT INTO tribal_evidence (id, fact_id, source_type, source_ref, author, authored_at, content_hash) VALUES (10122, 10122, 'inline_marker', 'pkg/saturated24/file.go', NULL, NULL, 'ev-24-2');
INSERT INTO tribal_facts (id, subject_id, kind, body, source_quote, confidence, corroboration, extractor, extractor_version, model, staleness_hash, status, created_at, last_verified, cluster_key) VALUES (10123, 10024, 'quirk', 'body-3', 'quote', 0.9, 1, 'test', '1', NULL, 'sh-24-3', 'active', '2026-01-01T00:00:00Z', '2026-01-01T00:00:00Z', '');
INSERT INTO tribal_evidence (id, fact_id, source_type, source_ref, author, authored_at, content_hash) VALUES (10123, 10123, 'inline_marker', 'pkg/saturated24/file.go', NULL, NULL, 'ev-24-3');
INSERT INTO tribal_facts (id, subject_id, kind, body, source_quote, confidence, corroboration, extractor, extractor_version, model, staleness_hash, status, created_at, last_verified, cluster_key) VALUES (10124, 10024, 'quirk', 'body-4', 'quote', 0.9, 1, 'test', '1', NULL, 'sh-24-4', 'active', '2026-01-01T00:00:00Z', '2026-01-01T00:00:00Z', '');
INSERT INTO tribal_evidence (id, fact_id, source_type, source_ref, author, authored_at, content_hash) VALUES (10124, 10124, 'inline_marker', 'pkg/saturated24/file.go', NULL, NULL, 'ev-24-4');
INSERT INTO symbols (id, repo, import_path, symbol_name, language, kind, visibility, display_name, scip_symbol) VALUES (10025, 'bench-repo', 'pkg/saturated25/file.go', 'sat_sym_25', 'go', 'func', 'public', NULL, NULL);
INSERT INTO tribal_facts (id, subject_id, kind, body, source_quote, confidence, corroboration, extractor, extractor_version, model, staleness_hash, status, created_at, last_verified, cluster_key) VALUES (10125, 10025, 'quirk', 'body-0', 'quote', 0.9, 1, 'test', '1', NULL, 'sh-25-0', 'active', '2026-01-01T00:00:00Z', '2026-01-01T00:00:00Z', '');
INSERT INTO tribal_evidence (id, fact_id, source_type, source_ref, author, authored_at, content_hash) VALUES (10125, 10125, 'inline_marker', 'pkg/saturated25/file.go', NULL, NULL, 'ev-25-0');
INSERT INTO tribal_facts (id, subject_id, kind, body, source_quote, confidence, corroboration, extractor, extractor_version, model, staleness_hash, status, created_at, last_verified, cluster_key) VALUES (10126, 10025, 'quirk', 'body-1', 'quote', 0.9, 1, 'test', '1', NULL, 'sh-25-1', 'active', '2026-01-01T00:00:00Z', '2026-01-01T00:00:00Z', '');
INSERT INTO tribal_evidence (id, fact_id, source_type, source_ref, author, authored_at, content_hash) VALUES (10126, 10126, 'inline_marker', 'pkg/saturated25/file.go', NULL, NULL, 'ev-25-1');
INSERT INTO tribal_facts (id, subject_id, kind, body, source_quote, confidence, corroboration, extractor, extractor_version, model, staleness_hash, status, created_at, last_verified, cluster_key) VALUES (10127, 10025, 'quirk', 'body-2', 'quote', 0.9, 1, 'test', '1', NULL, 'sh-25-2', 'active', '2026-01-01T00:00:00Z', '2026-01-01T00:00:00Z', '');
INSERT INTO tribal_evidence (id, fact_id, source_type, source_ref, author, authored_at, content_hash) VALUES (10127, 10127, 'inline_marker', 'pkg/saturated25/file.go', NULL, NULL, 'ev-25-2');
INSERT INTO tribal_facts (id, subject_id, kind, body, source_quote, confidence, corroboration, extractor, extractor_version, model, staleness_hash, status, created_at, last_verified, cluster_key) VALUES (10128, 10025, 'quirk', 'body-3', 'quote', 0.9, 1, 'test', '1', NULL, 'sh-25-3', 'active', '2026-01-01T00:00:00Z', '2026-01-01T00:00:00Z', '');
INSERT INTO tribal_evidence (id, fact_id, source_type, source_ref, author, authored_at, content_hash) VALUES (10128, 10128, 'inline_marker', 'pkg/saturated25/file.go', NULL, NULL, 'ev-25-3');
INSERT INTO tribal_facts (id, subject_id, kind, body, source_quote, confidence, corroboration, extractor, extractor_version, model, staleness_hash, status, created_at, last_verified, cluster_key) VALUES (10129, 10025, 'quirk', 'body-4', 'quote', 0.9, 1, 'test', '1', NULL, 'sh-25-4', 'active', '2026-01-01T00:00:00Z', '2026-01-01T00:00:00Z', '');
INSERT INTO tribal_evidence (id, fact_id, source_type, source_ref, author, authored_at, content_hash) VALUES (10129, 10129, 'inline_marker', 'pkg/saturated25/file.go', NULL, NULL, 'ev-25-4');
INSERT INTO symbols (id, repo, import_path, symbol_name, language, kind, visibility, display_name, scip_symbol) VALUES (10026, 'bench-repo', 'pkg/saturated26/file.go', 'sat_sym_26', 'go', 'func', 'public', NULL, NULL);
INSERT INTO tribal_facts (id, subject_id, kind, body, source_quote, confidence, corroboration, extractor, extractor_version, model, staleness_hash, status, created_at, last_verified, cluster_key) VALUES (10130, 10026, 'quirk', 'body-0', 'quote', 0.9, 1, 'test', '1', NULL, 'sh-26-0', 'active', '2026-01-01T00:00:00Z', '2026-01-01T00:00:00Z', '');
INSERT INTO tribal_evidence (id, fact_id, source_type, source_ref, author, authored_at, content_hash) VALUES (10130, 10130, 'inline_marker', 'pkg/saturated26/file.go', NULL, NULL, 'ev-26-0');
INSERT INTO tribal_facts (id, subject_id, kind, body, source_quote, confidence, corroboration, extractor, extractor_version, model, staleness_hash, status, created_at, last_verified, cluster_key) VALUES (10131, 10026, 'quirk', 'body-1', 'quote', 0.9, 1, 'test', '1', NULL, 'sh-26-1', 'active', '2026-01-01T00:00:00Z', '2026-01-01T00:00:00Z', '');
INSERT INTO tribal_evidence (id, fact_id, source_type, source_ref, author, authored_at, content_hash) VALUES (10131, 10131, 'inline_marker', 'pkg/saturated26/file.go', NULL, NULL, 'ev-26-1');
INSERT INTO tribal_facts (id, subject_id, kind, body, source_quote, confidence, corroboration, extractor, extractor_version, model, staleness_hash, status, created_at, last_verified, cluster_key) VALUES (10132, 10026, 'quirk', 'body-2', 'quote', 0.9, 1, 'test', '1', NULL, 'sh-26-2', 'active', '2026-01-01T00:00:00Z', '2026-01-01T00:00:00Z', '');
INSERT INTO tribal_evidence (id, fact_id, source_type, source_ref, author, authored_at, content_hash) VALUES (10132, 10132, 'inline_marker', 'pkg/saturated26/file.go', NULL, NULL, 'ev-26-2');
INSERT INTO tribal_facts (id, subject_id, kind, body, source_quote, confidence, corroboration, extractor, extractor_version, model, staleness_hash, status, created_at, last_verified, cluster_key) VALUES (10133, 10026, 'quirk', 'body-3', 'quote', 0.9, 1, 'test', '1', NULL, 'sh-26-3', 'active', '2026-01-01T00:00:00Z', '2026-01-01T00:00:00Z', '');
INSERT INTO tribal_evidence (id, fact_id, source_type, source_ref, author, authored_at, content_hash) VALUES (10133, 10133, 'inline_marker', 'pkg/saturated26/file.go', NULL, NULL, 'ev-26-3');
INSERT INTO tribal_facts (id, subject_id, kind, body, source_quote, confidence, corroboration, extractor, extractor_version, model, staleness_hash, status, created_at, last_verified, cluster_key) VALUES (10134, 10026, 'quirk', 'body-4', 'quote', 0.9, 1, 'test', '1', NULL, 'sh-26-4', 'active', '2026-01-01T00:00:00Z', '2026-01-01T00:00:00Z', '');
INSERT INTO tribal_evidence (id, fact_id, source_type, source_ref, author, authored_at, content_hash) VALUES (10134, 10134, 'inline_marker', 'pkg/saturated26/file.go', NULL, NULL, 'ev-26-4');
INSERT INTO symbols (id, repo, import_path, symbol_name, language, kind, visibility, display_name, scip_symbol) VALUES (10027, 'bench-repo', 'pkg/saturated27/file.go', 'sat_sym_27', 'go', 'func', 'public', NULL, NULL);
INSERT INTO tribal_facts (id, subject_id, kind, body, source_quote, confidence, corroboration, extractor, extractor_version, model, staleness_hash, status, created_at, last_verified, cluster_key) VALUES (10135, 10027, 'quirk', 'body-0', 'quote', 0.9, 1, 'test', '1', NULL, 'sh-27-0', 'active', '2026-01-01T00:00:00Z', '2026-01-01T00:00:00Z', '');
INSERT INTO tribal_evidence (id, fact_id, source_type, source_ref, author, authored_at, content_hash) VALUES (10135, 10135, 'inline_marker', 'pkg/saturated27/file.go', NULL, NULL, 'ev-27-0');
INSERT INTO tribal_facts (id, subject_id, kind, body, source_quote, confidence, corroboration, extractor, extractor_version, model, staleness_hash, status, created_at, last_verified, cluster_key) VALUES (10136, 10027, 'quirk', 'body-1', 'quote', 0.9, 1, 'test', '1', NULL, 'sh-27-1', 'active', '2026-01-01T00:00:00Z', '2026-01-01T00:00:00Z', '');
INSERT INTO tribal_evidence (id, fact_id, source_type, source_ref, author, authored_at, content_hash) VALUES (10136, 10136, 'inline_marker', 'pkg/saturated27/file.go', NULL, NULL, 'ev-27-1');
INSERT INTO tribal_facts (id, subject_id, kind, body, source_quote, confidence, corroboration, extractor, extractor_version, model, staleness_hash, status, created_at, last_verified, cluster_key) VALUES (10137, 10027, 'quirk', 'body-2', 'quote', 0.9, 1, 'test', '1', NULL, 'sh-27-2', 'active', '2026-01-01T00:00:00Z', '2026-01-01T00:00:00Z', '');
INSERT INTO tribal_evidence (id, fact_id, source_type, source_ref, author, authored_at, content_hash) VALUES (10137, 10137, 'inline_marker', 'pkg/saturated27/file.go', NULL, NULL, 'ev-27-2');
INSERT INTO tribal_facts (id, subject_id, kind, body, source_quote, confidence, corroboration, extractor, extractor_version, model, staleness_hash, status, created_at, last_verified, cluster_key) VALUES (10138, 10027, 'quirk', 'body-3', 'quote', 0.9, 1, 'test', '1', NULL, 'sh-27-3', 'active', '2026-01-01T00:00:00Z', '2026-01-01T00:00:00Z', '');
INSERT INTO tribal_evidence (id, fact_id, source_type, source_ref, author, authored_at, content_hash) VALUES (10138, 10138, 'inline_marker', 'pkg/saturated27/file.go', NULL, NULL, 'ev-27-3');
INSERT INTO tribal_facts (id, subject_id, kind, body, source_quote, confidence, corroboration, extractor, extractor_version, model, staleness_hash, status, created_at, last_verified, cluster_key) VALUES (10139, 10027, 'quirk', 'body-4', 'quote', 0.9, 1, 'test', '1', NULL, 'sh-27-4', 'active', '2026-01-01T00:00:00Z', '2026-01-01T00:00:00Z', '');
INSERT INTO tribal_evidence (id, fact_id, source_type, source_ref, author, authored_at, content_hash) VALUES (10139, 10139, 'inline_marker', 'pkg/saturated27/file.go', NULL, NULL, 'ev-27-4');
INSERT INTO symbols (id, repo, import_path, symbol_name, language, kind, visibility, display_name, scip_symbol) VALUES (10028, 'bench-repo', 'pkg/saturated28/file.go', 'sat_sym_28', 'go', 'func', 'public', NULL, NULL);
INSERT INTO tribal_facts (id, subject_id, kind, body, source_quote, confidence, corroboration, extractor, extractor_version, model, staleness_hash, status, created_at, last_verified, cluster_key) VALUES (10140, 10028, 'quirk', 'body-0', 'quote', 0.9, 1, 'test', '1', NULL, 'sh-28-0', 'active', '2026-01-01T00:00:00Z', '2026-01-01T00:00:00Z', '');
INSERT INTO tribal_evidence (id, fact_id, source_type, source_ref, author, authored_at, content_hash) VALUES (10140, 10140, 'inline_marker', 'pkg/saturated28/file.go', NULL, NULL, 'ev-28-0');
INSERT INTO tribal_facts (id, subject_id, kind, body, source_quote, confidence, corroboration, extractor, extractor_version, model, staleness_hash, status, created_at, last_verified, cluster_key) VALUES (10141, 10028, 'quirk', 'body-1', 'quote', 0.9, 1, 'test', '1', NULL, 'sh-28-1', 'active', '2026-01-01T00:00:00Z', '2026-01-01T00:00:00Z', '');
INSERT INTO tribal_evidence (id, fact_id, source_type, source_ref, author, authored_at, content_hash) VALUES (10141, 10141, 'inline_marker', 'pkg/saturated28/file.go', NULL, NULL, 'ev-28-1');
INSERT INTO tribal_facts (id, subject_id, kind, body, source_quote, confidence, corroboration, extractor, extractor_version, model, staleness_hash, status, created_at, last_verified, cluster_key) VALUES (10142, 10028, 'quirk', 'body-2', 'quote', 0.9, 1, 'test', '1', NULL, 'sh-28-2', 'active', '2026-01-01T00:00:00Z', '2026-01-01T00:00:00Z', '');
INSERT INTO tribal_evidence (id, fact_id, source_type, source_ref, author, authored_at, content_hash) VALUES (10142, 10142, 'inline_marker', 'pkg/saturated28/file.go', NULL, NULL, 'ev-28-2');
INSERT INTO tribal_facts (id, subject_id, kind, body, source_quote, confidence, corroboration, extractor, extractor_version, model, staleness_hash, status, created_at, last_verified, cluster_key) VALUES (10143, 10028, 'quirk', 'body-3', 'quote', 0.9, 1, 'test', '1', NULL, 'sh-28-3', 'active', '2026-01-01T00:00:00Z', '2026-01-01T00:00:00Z', '');
INSERT INTO tribal_evidence (id, fact_id, source_type, source_ref, author, authored_at, content_hash) VALUES (10143, 10143, 'inline_marker', 'pkg/saturated28/file.go', NULL, NULL, 'ev-28-3');
INSERT INTO tribal_facts (id, subject_id, kind, body, source_quote, confidence, corroboration, extractor, extractor_version, model, staleness_hash, status, created_at, last_verified, cluster_key) VALUES (10144, 10028, 'quirk', 'body-4', 'quote', 0.9, 1, 'test', '1', NULL, 'sh-28-4', 'active', '2026-01-01T00:00:00Z', '2026-01-01T00:00:00Z', '');
INSERT INTO tribal_evidence (id, fact_id, source_type, source_ref, author, authored_at, content_hash) VALUES (10144, 10144, 'inline_marker', 'pkg/saturated28/file.go', NULL, NULL, 'ev-28-4');
INSERT INTO symbols (id, repo, import_path, symbol_name, language, kind, visibility, display_name, scip_symbol) VALUES (10029, 'bench-repo', 'pkg/saturated29/file.go', 'sat_sym_29', 'go', 'func', 'public', NULL, NULL);
INSERT INTO tribal_facts (id, subject_id, kind, body, source_quote, confidence, corroboration, extractor, extractor_version, model, staleness_hash, status, created_at, last_verified, cluster_key) VALUES (10145, 10029, 'quirk', 'body-0', 'quote', 0.9, 1, 'test', '1', NULL, 'sh-29-0', 'active', '2026-01-01T00:00:00Z', '2026-01-01T00:00:00Z', '');
INSERT INTO tribal_evidence (id, fact_id, source_type, source_ref, author, authored_at, content_hash) VALUES (10145, 10145, 'inline_marker', 'pkg/saturated29/file.go', NULL, NULL, 'ev-29-0');
INSERT INTO tribal_facts (id, subject_id, kind, body, source_quote, confidence, corroboration, extractor, extractor_version, model, staleness_hash, status, created_at, last_verified, cluster_key) VALUES (10146, 10029, 'quirk', 'body-1', 'quote', 0.9, 1, 'test', '1', NULL, 'sh-29-1', 'active', '2026-01-01T00:00:00Z', '2026-01-01T00:00:00Z', '');
INSERT INTO tribal_evidence (id, fact_id, source_type, source_ref, author, authored_at, content_hash) VALUES (10146, 10146, 'inline_marker', 'pkg/saturated29/file.go', NULL, NULL, 'ev-29-1');
INSERT INTO tribal_facts (id, subject_id, kind, body, source_quote, confidence, corroboration, extractor, extractor_version, model, staleness_hash, status, created_at, last_verified, cluster_key) VALUES (10147, 10029, 'quirk', 'body-2', 'quote', 0.9, 1, 'test', '1', NULL, 'sh-29-2', 'active', '2026-01-01T00:00:00Z', '2026-01-01T00:00:00Z', '');
INSERT INTO tribal_evidence (id, fact_id, source_type, source_ref, author, authored_at, content_hash) VALUES (10147, 10147, 'inline_marker', 'pkg/saturated29/file.go', NULL, NULL, 'ev-29-2');
INSERT INTO tribal_facts (id, subject_id, kind, body, source_quote, confidence, corroboration, extractor, extractor_version, model, staleness_hash, status, created_at, last_verified, cluster_key) VALUES (10148, 10029, 'quirk', 'body-3', 'quote', 0.9, 1, 'test', '1', NULL, 'sh-29-3', 'active', '2026-01-01T00:00:00Z', '2026-01-01T00:00:00Z', '');
INSERT INTO tribal_evidence (id, fact_id, source_type, source_ref, author, authored_at, content_hash) VALUES (10148, 10148, 'inline_marker', 'pkg/saturated29/file.go', NULL, NULL, 'ev-29-3');
INSERT INTO tribal_facts (id, subject_id, kind, body, source_quote, confidence, corroboration, extractor, extractor_version, model, staleness_hash, status, created_at, last_verified, cluster_key) VALUES (10149, 10029, 'quirk', 'body-4', 'quote', 0.9, 1, 'test', '1', NULL, 'sh-29-4', 'active', '2026-01-01T00:00:00Z', '2026-01-01T00:00:00Z', '');
INSERT INTO tribal_evidence (id, fact_id, source_type, source_ref, author, authored_at, content_hash) VALUES (10149, 10149, 'inline_marker', 'pkg/saturated29/file.go', NULL, NULL, 'ev-29-4');
INSERT INTO symbols (id, repo, import_path, symbol_name, language, kind, visibility, display_name, scip_symbol) VALUES (10030, 'bench-repo', 'pkg/saturated30/file.go', 'sat_sym_30', 'go', 'func', 'public', NULL, NULL);
INSERT INTO tribal_facts (id, subject_id, kind, body, source_quote, confidence, corroboration, extractor, extractor_version, model, staleness_hash, status, created_at, last_verified, cluster_key) VALUES (10150, 10030, 'quirk', 'body-0', 'quote', 0.9, 1, 'test', '1', NULL, 'sh-30-0', 'active', '2026-01-01T00:00:00Z', '2026-01-01T00:00:00Z', '');
INSERT INTO tribal_evidence (id, fact_id, source_type, source_ref, author, authored_at, content_hash) VALUES (10150, 10150, 'inline_marker', 'pkg/saturated30/file.go', NULL, NULL, 'ev-30-0');
INSERT INTO tribal_facts (id, subject_id, kind, body, source_quote, confidence, corroboration, extractor, extractor_version, model, staleness_hash, status, created_at, last_verified, cluster_key) VALUES (10151, 10030, 'quirk', 'body-1', 'quote', 0.9, 1, 'test', '1', NULL, 'sh-30-1', 'active', '2026-01-01T00:00:00Z', '2026-01-01T00:00:00Z', '');
INSERT INTO tribal_evidence (id, fact_id, source_type, source_ref, author, authored_at, content_hash) VALUES (10151, 10151, 'inline_marker', 'pkg/saturated30/file.go', NULL, NULL, 'ev-30-1');
INSERT INTO tribal_facts (id, subject_id, kind, body, source_quote, confidence, corroboration, extractor, extractor_version, model, staleness_hash, status, created_at, last_verified, cluster_key) VALUES (10152, 10030, 'quirk', 'body-2', 'quote', 0.9, 1, 'test', '1', NULL, 'sh-30-2', 'active', '2026-01-01T00:00:00Z', '2026-01-01T00:00:00Z', '');
INSERT INTO tribal_evidence (id, fact_id, source_type, source_ref, author, authored_at, content_hash) VALUES (10152, 10152, 'inline_marker', 'pkg/saturated30/file.go', NULL, NULL, 'ev-30-2');
INSERT INTO tribal_facts (id, subject_id, kind, body, source_quote, confidence, corroboration, extractor, extractor_version, model, staleness_hash, status, created_at, last_verified, cluster_key) VALUES (10153, 10030, 'quirk', 'body-3', 'quote', 0.9, 1, 'test', '1', NULL, 'sh-30-3', 'active', '2026-01-01T00:00:00Z', '2026-01-01T00:00:00Z', '');
INSERT INTO tribal_evidence (id, fact_id, source_type, source_ref, author, authored_at, content_hash) VALUES (10153, 10153, 'inline_marker', 'pkg/saturated30/file.go', NULL, NULL, 'ev-30-3');
INSERT INTO tribal_facts (id, subject_id, kind, body, source_quote, confidence, corroboration, extractor, extractor_version, model, staleness_hash, status, created_at, last_verified, cluster_key) VALUES (10154, 10030, 'quirk', 'body-4', 'quote', 0.9, 1, 'test', '1', NULL, 'sh-30-4', 'active', '2026-01-01T00:00:00Z', '2026-01-01T00:00:00Z', '');
INSERT INTO tribal_evidence (id, fact_id, source_type, source_ref, author, authored_at, content_hash) VALUES (10154, 10154, 'inline_marker', 'pkg/saturated30/file.go', NULL, NULL, 'ev-30-4');
INSERT INTO symbols (id, repo, import_path, symbol_name, language, kind, visibility, display_name, scip_symbol) VALUES (10031, 'bench-repo', 'pkg/saturated31/file.go', 'sat_sym_31', 'go', 'func', 'public', NULL, NULL);
INSERT INTO tribal_facts (id, subject_id, kind, body, source_quote, confidence, corroboration, extractor, extractor_version, model, staleness_hash, status, created_at, last_verified, cluster_key) VALUES (10155, 10031, 'quirk', 'body-0', 'quote', 0.9, 1, 'test', '1', NULL, 'sh-31-0', 'active', '2026-01-01T00:00:00Z', '2026-01-01T00:00:00Z', '');
INSERT INTO tribal_evidence (id, fact_id, source_type, source_ref, author, authored_at, content_hash) VALUES (10155, 10155, 'inline_marker', 'pkg/saturated31/file.go', NULL, NULL, 'ev-31-0');
INSERT INTO tribal_facts (id, subject_id, kind, body, source_quote, confidence, corroboration, extractor, extractor_version, model, staleness_hash, status, created_at, last_verified, cluster_key) VALUES (10156, 10031, 'quirk', 'body-1', 'quote', 0.9, 1, 'test', '1', NULL, 'sh-31-1', 'active', '2026-01-01T00:00:00Z', '2026-01-01T00:00:00Z', '');
INSERT INTO tribal_evidence (id, fact_id, source_type, source_ref, author, authored_at, content_hash) VALUES (10156, 10156, 'inline_marker', 'pkg/saturated31/file.go', NULL, NULL, 'ev-31-1');
INSERT INTO tribal_facts (id, subject_id, kind, body, source_quote, confidence, corroboration, extractor, extractor_version, model, staleness_hash, status, created_at, last_verified, cluster_key) VALUES (10157, 10031, 'quirk', 'body-2', 'quote', 0.9, 1, 'test', '1', NULL, 'sh-31-2', 'active', '2026-01-01T00:00:00Z', '2026-01-01T00:00:00Z', '');
INSERT INTO tribal_evidence (id, fact_id, source_type, source_ref, author, authored_at, content_hash) VALUES (10157, 10157, 'inline_marker', 'pkg/saturated31/file.go', NULL, NULL, 'ev-31-2');
INSERT INTO tribal_facts (id, subject_id, kind, body, source_quote, confidence, corroboration, extractor, extractor_version, model, staleness_hash, status, created_at, last_verified, cluster_key) VALUES (10158, 10031, 'quirk', 'body-3', 'quote', 0.9, 1, 'test', '1', NULL, 'sh-31-3', 'active', '2026-01-01T00:00:00Z', '2026-01-01T00:00:00Z', '');
INSERT INTO tribal_evidence (id, fact_id, source_type, source_ref, author, authored_at, content_hash) VALUES (10158, 10158, 'inline_marker', 'pkg/saturated31/file.go', NULL, NULL, 'ev-31-3');
INSERT INTO tribal_facts (id, subject_id, kind, body, source_quote, confidence, corroboration, extractor, extractor_version, model, staleness_hash, status, created_at, last_verified, cluster_key) VALUES (10159, 10031, 'quirk', 'body-4', 'quote', 0.9, 1, 'test', '1', NULL, 'sh-31-4', 'active', '2026-01-01T00:00:00Z', '2026-01-01T00:00:00Z', '');
INSERT INTO tribal_evidence (id, fact_id, source_type, source_ref, author, authored_at, content_hash) VALUES (10159, 10159, 'inline_marker', 'pkg/saturated31/file.go', NULL, NULL, 'ev-31-4');
INSERT INTO symbols (id, repo, import_path, symbol_name, language, kind, visibility, display_name, scip_symbol) VALUES (10032, 'bench-repo', 'pkg/saturated32/file.go', 'sat_sym_32', 'go', 'func', 'public', NULL, NULL);
INSERT INTO tribal_facts (id, subject_id, kind, body, source_quote, confidence, corroboration, extractor, extractor_version, model, staleness_hash, status, created_at, last_verified, cluster_key) VALUES (10160, 10032, 'quirk', 'body-0', 'quote', 0.9, 1, 'test', '1', NULL, 'sh-32-0', 'active', '2026-01-01T00:00:00Z', '2026-01-01T00:00:00Z', '');
INSERT INTO tribal_evidence (id, fact_id, source_type, source_ref, author, authored_at, content_hash) VALUES (10160, 10160, 'inline_marker', 'pkg/saturated32/file.go', NULL, NULL, 'ev-32-0');
INSERT INTO tribal_facts (id, subject_id, kind, body, source_quote, confidence, corroboration, extractor, extractor_version, model, staleness_hash, status, created_at, last_verified, cluster_key) VALUES (10161, 10032, 'quirk', 'body-1', 'quote', 0.9, 1, 'test', '1', NULL, 'sh-32-1', 'active', '2026-01-01T00:00:00Z', '2026-01-01T00:00:00Z', '');
INSERT INTO tribal_evidence (id, fact_id, source_type, source_ref, author, authored_at, content_hash) VALUES (10161, 10161, 'inline_marker', 'pkg/saturated32/file.go', NULL, NULL, 'ev-32-1');
INSERT INTO tribal_facts (id, subject_id, kind, body, source_quote, confidence, corroboration, extractor, extractor_version, model, staleness_hash, status, created_at, last_verified, cluster_key) VALUES (10162, 10032, 'quirk', 'body-2', 'quote', 0.9, 1, 'test', '1', NULL, 'sh-32-2', 'active', '2026-01-01T00:00:00Z', '2026-01-01T00:00:00Z', '');
INSERT INTO tribal_evidence (id, fact_id, source_type, source_ref, author, authored_at, content_hash) VALUES (10162, 10162, 'inline_marker', 'pkg/saturated32/file.go', NULL, NULL, 'ev-32-2');
INSERT INTO tribal_facts (id, subject_id, kind, body, source_quote, confidence, corroboration, extractor, extractor_version, model, staleness_hash, status, created_at, last_verified, cluster_key) VALUES (10163, 10032, 'quirk', 'body-3', 'quote', 0.9, 1, 'test', '1', NULL, 'sh-32-3', 'active', '2026-01-01T00:00:00Z', '2026-01-01T00:00:00Z', '');
INSERT INTO tribal_evidence (id, fact_id, source_type, source_ref, author, authored_at, content_hash) VALUES (10163, 10163, 'inline_marker', 'pkg/saturated32/file.go', NULL, NULL, 'ev-32-3');
INSERT INTO tribal_facts (id, subject_id, kind, body, source_quote, confidence, corroboration, extractor, extractor_version, model, staleness_hash, status, created_at, last_verified, cluster_key) VALUES (10164, 10032, 'quirk', 'body-4', 'quote', 0.9, 1, 'test', '1', NULL, 'sh-32-4', 'active', '2026-01-01T00:00:00Z', '2026-01-01T00:00:00Z', '');
INSERT INTO tribal_evidence (id, fact_id, source_type, source_ref, author, authored_at, content_hash) VALUES (10164, 10164, 'inline_marker', 'pkg/saturated32/file.go', NULL, NULL, 'ev-32-4');
INSERT INTO symbols (id, repo, import_path, symbol_name, language, kind, visibility, display_name, scip_symbol) VALUES (10033, 'bench-repo', 'pkg/saturated33/file.go', 'sat_sym_33', 'go', 'func', 'public', NULL, NULL);
INSERT INTO tribal_facts (id, subject_id, kind, body, source_quote, confidence, corroboration, extractor, extractor_version, model, staleness_hash, status, created_at, last_verified, cluster_key) VALUES (10165, 10033, 'quirk', 'body-0', 'quote', 0.9, 1, 'test', '1', NULL, 'sh-33-0', 'active', '2026-01-01T00:00:00Z', '2026-01-01T00:00:00Z', '');
INSERT INTO tribal_evidence (id, fact_id, source_type, source_ref, author, authored_at, content_hash) VALUES (10165, 10165, 'inline_marker', 'pkg/saturated33/file.go', NULL, NULL, 'ev-33-0');
INSERT INTO tribal_facts (id, subject_id, kind, body, source_quote, confidence, corroboration, extractor, extractor_version, model, staleness_hash, status, created_at, last_verified, cluster_key) VALUES (10166, 10033, 'quirk', 'body-1', 'quote', 0.9, 1, 'test', '1', NULL, 'sh-33-1', 'active', '2026-01-01T00:00:00Z', '2026-01-01T00:00:00Z', '');
INSERT INTO tribal_evidence (id, fact_id, source_type, source_ref, author, authored_at, content_hash) VALUES (10166, 10166, 'inline_marker', 'pkg/saturated33/file.go', NULL, NULL, 'ev-33-1');
INSERT INTO tribal_facts (id, subject_id, kind, body, source_quote, confidence, corroboration, extractor, extractor_version, model, staleness_hash, status, created_at, last_verified, cluster_key) VALUES (10167, 10033, 'quirk', 'body-2', 'quote', 0.9, 1, 'test', '1', NULL, 'sh-33-2', 'active', '2026-01-01T00:00:00Z', '2026-01-01T00:00:00Z', '');
INSERT INTO tribal_evidence (id, fact_id, source_type, source_ref, author, authored_at, content_hash) VALUES (10167, 10167, 'inline_marker', 'pkg/saturated33/file.go', NULL, NULL, 'ev-33-2');
INSERT INTO tribal_facts (id, subject_id, kind, body, source_quote, confidence, corroboration, extractor, extractor_version, model, staleness_hash, status, created_at, last_verified, cluster_key) VALUES (10168, 10033, 'quirk', 'body-3', 'quote', 0.9, 1, 'test', '1', NULL, 'sh-33-3', 'active', '2026-01-01T00:00:00Z', '2026-01-01T00:00:00Z', '');
INSERT INTO tribal_evidence (id, fact_id, source_type, source_ref, author, authored_at, content_hash) VALUES (10168, 10168, 'inline_marker', 'pkg/saturated33/file.go', NULL, NULL, 'ev-33-3');
INSERT INTO tribal_facts (id, subject_id, kind, body, source_quote, confidence, corroboration, extractor, extractor_version, model, staleness_hash, status, created_at, last_verified, cluster_key) VALUES (10169, 10033, 'quirk', 'body-4', 'quote', 0.9, 1, 'test', '1', NULL, 'sh-33-4', 'active', '2026-01-01T00:00:00Z', '2026-01-01T00:00:00Z', '');
INSERT INTO tribal_evidence (id, fact_id, source_type, source_ref, author, authored_at, content_hash) VALUES (10169, 10169, 'inline_marker', 'pkg/saturated33/file.go', NULL, NULL, 'ev-33-4');
INSERT INTO symbols (id, repo, import_path, symbol_name, language, kind, visibility, display_name, scip_symbol) VALUES (10034, 'bench-repo', 'pkg/saturated34/file.go', 'sat_sym_34', 'go', 'func', 'public', NULL, NULL);
INSERT INTO tribal_facts (id, subject_id, kind, body, source_quote, confidence, corroboration, extractor, extractor_version, model, staleness_hash, status, created_at, last_verified, cluster_key) VALUES (10170, 10034, 'quirk', 'body-0', 'quote', 0.9, 1, 'test', '1', NULL, 'sh-34-0', 'active', '2026-01-01T00:00:00Z', '2026-01-01T00:00:00Z', '');
INSERT INTO tribal_evidence (id, fact_id, source_type, source_ref, author, authored_at, content_hash) VALUES (10170, 10170, 'inline_marker', 'pkg/saturated34/file.go', NULL, NULL, 'ev-34-0');
INSERT INTO tribal_facts (id, subject_id, kind, body, source_quote, confidence, corroboration, extractor, extractor_version, model, staleness_hash, status, created_at, last_verified, cluster_key) VALUES (10171, 10034, 'quirk', 'body-1', 'quote', 0.9, 1, 'test', '1', NULL, 'sh-34-1', 'active', '2026-01-01T00:00:00Z', '2026-01-01T00:00:00Z', '');
INSERT INTO tribal_evidence (id, fact_id, source_type, source_ref, author, authored_at, content_hash) VALUES (10171, 10171, 'inline_marker', 'pkg/saturated34/file.go', NULL, NULL, 'ev-34-1');
INSERT INTO tribal_facts (id, subject_id, kind, body, source_quote, confidence, corroboration, extractor, extractor_version, model, staleness_hash, status, created_at, last_verified, cluster_key) VALUES (10172, 10034, 'quirk', 'body-2', 'quote', 0.9, 1, 'test', '1', NULL, 'sh-34-2', 'active', '2026-01-01T00:00:00Z', '2026-01-01T00:00:00Z', '');
INSERT INTO tribal_evidence (id, fact_id, source_type, source_ref, author, authored_at, content_hash) VALUES (10172, 10172, 'inline_marker', 'pkg/saturated34/file.go', NULL, NULL, 'ev-34-2');
INSERT INTO tribal_facts (id, subject_id, kind, body, source_quote, confidence, corroboration, extractor, extractor_version, model, staleness_hash, status, created_at, last_verified, cluster_key) VALUES (10173, 10034, 'quirk', 'body-3', 'quote', 0.9, 1, 'test', '1', NULL, 'sh-34-3', 'active', '2026-01-01T00:00:00Z', '2026-01-01T00:00:00Z', '');
INSERT INTO tribal_evidence (id, fact_id, source_type, source_ref, author, authored_at, content_hash) VALUES (10173, 10173, 'inline_marker', 'pkg/saturated34/file.go', NULL, NULL, 'ev-34-3');
INSERT INTO tribal_facts (id, subject_id, kind, body, source_quote, confidence, corroboration, extractor, extractor_version, model, staleness_hash, status, created_at, last_verified, cluster_key) VALUES (10174, 10034, 'quirk', 'body-4', 'quote', 0.9, 1, 'test', '1', NULL, 'sh-34-4', 'active', '2026-01-01T00:00:00Z', '2026-01-01T00:00:00Z', '');
INSERT INTO tribal_evidence (id, fact_id, source_type, source_ref, author, authored_at, content_hash) VALUES (10174, 10174, 'inline_marker', 'pkg/saturated34/file.go', NULL, NULL, 'ev-34-4');
INSERT INTO symbols (id, repo, import_path, symbol_name, language, kind, visibility, display_name, scip_symbol) VALUES (10035, 'bench-repo', 'pkg/saturated35/file.go', 'sat_sym_35', 'go', 'func', 'public', NULL, NULL);
INSERT INTO tribal_facts (id, subject_id, kind, body, source_quote, confidence, corroboration, extractor, extractor_version, model, staleness_hash, status, created_at, last_verified, cluster_key) VALUES (10175, 10035, 'quirk', 'body-0', 'quote', 0.9, 1, 'test', '1', NULL, 'sh-35-0', 'active', '2026-01-01T00:00:00Z', '2026-01-01T00:00:00Z', '');
INSERT INTO tribal_evidence (id, fact_id, source_type, source_ref, author, authored_at, content_hash) VALUES (10175, 10175, 'inline_marker', 'pkg/saturated35/file.go', NULL, NULL, 'ev-35-0');
INSERT INTO tribal_facts (id, subject_id, kind, body, source_quote, confidence, corroboration, extractor, extractor_version, model, staleness_hash, status, created_at, last_verified, cluster_key) VALUES (10176, 10035, 'quirk', 'body-1', 'quote', 0.9, 1, 'test', '1', NULL, 'sh-35-1', 'active', '2026-01-01T00:00:00Z', '2026-01-01T00:00:00Z', '');
INSERT INTO tribal_evidence (id, fact_id, source_type, source_ref, author, authored_at, content_hash) VALUES (10176, 10176, 'inline_marker', 'pkg/saturated35/file.go', NULL, NULL, 'ev-35-1');
INSERT INTO tribal_facts (id, subject_id, kind, body, source_quote, confidence, corroboration, extractor, extractor_version, model, staleness_hash, status, created_at, last_verified, cluster_key) VALUES (10177, 10035, 'quirk', 'body-2', 'quote', 0.9, 1, 'test', '1', NULL, 'sh-35-2', 'active', '2026-01-01T00:00:00Z', '2026-01-01T00:00:00Z', '');
INSERT INTO tribal_evidence (id, fact_id, source_type, source_ref, author, authored_at, content_hash) VALUES (10177, 10177, 'inline_marker', 'pkg/saturated35/file.go', NULL, NULL, 'ev-35-2');
INSERT INTO tribal_facts (id, subject_id, kind, body, source_quote, confidence, corroboration, extractor, extractor_version, model, staleness_hash, status, created_at, last_verified, cluster_key) VALUES (10178, 10035, 'quirk', 'body-3', 'quote', 0.9, 1, 'test', '1', NULL, 'sh-35-3', 'active', '2026-01-01T00:00:00Z', '2026-01-01T00:00:00Z', '');
INSERT INTO tribal_evidence (id, fact_id, source_type, source_ref, author, authored_at, content_hash) VALUES (10178, 10178, 'inline_marker', 'pkg/saturated35/file.go', NULL, NULL, 'ev-35-3');
INSERT INTO tribal_facts (id, subject_id, kind, body, source_quote, confidence, corroboration, extractor, extractor_version, model, staleness_hash, status, created_at, last_verified, cluster_key) VALUES (10179, 10035, 'quirk', 'body-4', 'quote', 0.9, 1, 'test', '1', NULL, 'sh-35-4', 'active', '2026-01-01T00:00:00Z', '2026-01-01T00:00:00Z', '');
INSERT INTO tribal_evidence (id, fact_id, source_type, source_ref, author, authored_at, content_hash) VALUES (10179, 10179, 'inline_marker', 'pkg/saturated35/file.go', NULL, NULL, 'ev-35-4');
INSERT INTO symbols (id, repo, import_path, symbol_name, language, kind, visibility, display_name, scip_symbol) VALUES (10036, 'bench-repo', 'pkg/saturated36/file.go', 'sat_sym_36', 'go', 'func', 'public', NULL, NULL);
INSERT INTO tribal_facts (id, subject_id, kind, body, source_quote, confidence, corroboration, extractor, extractor_version, model, staleness_hash, status, created_at, last_verified, cluster_key) VALUES (10180, 10036, 'quirk', 'body-0', 'quote', 0.9, 1, 'test', '1', NULL, 'sh-36-0', 'active', '2026-01-01T00:00:00Z', '2026-01-01T00:00:00Z', '');
INSERT INTO tribal_evidence (id, fact_id, source_type, source_ref, author, authored_at, content_hash) VALUES (10180, 10180, 'inline_marker', 'pkg/saturated36/file.go', NULL, NULL, 'ev-36-0');
INSERT INTO tribal_facts (id, subject_id, kind, body, source_quote, confidence, corroboration, extractor, extractor_version, model, staleness_hash, status, created_at, last_verified, cluster_key) VALUES (10181, 10036, 'quirk', 'body-1', 'quote', 0.9, 1, 'test', '1', NULL, 'sh-36-1', 'active', '2026-01-01T00:00:00Z', '2026-01-01T00:00:00Z', '');
INSERT INTO tribal_evidence (id, fact_id, source_type, source_ref, author, authored_at, content_hash) VALUES (10181, 10181, 'inline_marker', 'pkg/saturated36/file.go', NULL, NULL, 'ev-36-1');
INSERT INTO tribal_facts (id, subject_id, kind, body, source_quote, confidence, corroboration, extractor, extractor_version, model, staleness_hash, status, created_at, last_verified, cluster_key) VALUES (10182, 10036, 'quirk', 'body-2', 'quote', 0.9, 1, 'test', '1', NULL, 'sh-36-2', 'active', '2026-01-01T00:00:00Z', '2026-01-01T00:00:00Z', '');
INSERT INTO tribal_evidence (id, fact_id, source_type, source_ref, author, authored_at, content_hash) VALUES (10182, 10182, 'inline_marker', 'pkg/saturated36/file.go', NULL, NULL, 'ev-36-2');
INSERT INTO tribal_facts (id, subject_id, kind, body, source_quote, confidence, corroboration, extractor, extractor_version, model, staleness_hash, status, created_at, last_verified, cluster_key) VALUES (10183, 10036, 'quirk', 'body-3', 'quote', 0.9, 1, 'test', '1', NULL, 'sh-36-3', 'active', '2026-01-01T00:00:00Z', '2026-01-01T00:00:00Z', '');
INSERT INTO tribal_evidence (id, fact_id, source_type, source_ref, author, authored_at, content_hash) VALUES (10183, 10183, 'inline_marker', 'pkg/saturated36/file.go', NULL, NULL, 'ev-36-3');
INSERT INTO tribal_facts (id, subject_id, kind, body, source_quote, confidence, corroboration, extractor, extractor_version, model, staleness_hash, status, created_at, last_verified, cluster_key) VALUES (10184, 10036, 'quirk', 'body-4', 'quote', 0.9, 1, 'test', '1', NULL, 'sh-36-4', 'active', '2026-01-01T00:00:00Z', '2026-01-01T00:00:00Z', '');
INSERT INTO tribal_evidence (id, fact_id, source_type, source_ref, author, authored_at, content_hash) VALUES (10184, 10184, 'inline_marker', 'pkg/saturated36/file.go', NULL, NULL, 'ev-36-4');
INSERT INTO symbols (id, repo, import_path, symbol_name, language, kind, visibility, display_name, scip_symbol) VALUES (10037, 'bench-repo', 'pkg/saturated37/file.go', 'sat_sym_37', 'go', 'func', 'public', NULL, NULL);
INSERT INTO tribal_facts (id, subject_id, kind, body, source_quote, confidence, corroboration, extractor, extractor_version, model, staleness_hash, status, created_at, last_verified, cluster_key) VALUES (10185, 10037, 'quirk', 'body-0', 'quote', 0.9, 1, 'test', '1', NULL, 'sh-37-0', 'active', '2026-01-01T00:00:00Z', '2026-01-01T00:00:00Z', '');
INSERT INTO tribal_evidence (id, fact_id, source_type, source_ref, author, authored_at, content_hash) VALUES (10185, 10185, 'inline_marker', 'pkg/saturated37/file.go', NULL, NULL, 'ev-37-0');
INSERT INTO tribal_facts (id, subject_id, kind, body, source_quote, confidence, corroboration, extractor, extractor_version, model, staleness_hash, status, created_at, last_verified, cluster_key) VALUES (10186, 10037, 'quirk', 'body-1', 'quote', 0.9, 1, 'test', '1', NULL, 'sh-37-1', 'active', '2026-01-01T00:00:00Z', '2026-01-01T00:00:00Z', '');
INSERT INTO tribal_evidence (id, fact_id, source_type, source_ref, author, authored_at, content_hash) VALUES (10186, 10186, 'inline_marker', 'pkg/saturated37/file.go', NULL, NULL, 'ev-37-1');
INSERT INTO tribal_facts (id, subject_id, kind, body, source_quote, confidence, corroboration, extractor, extractor_version, model, staleness_hash, status, created_at, last_verified, cluster_key) VALUES (10187, 10037, 'quirk', 'body-2', 'quote', 0.9, 1, 'test', '1', NULL, 'sh-37-2', 'active', '2026-01-01T00:00:00Z', '2026-01-01T00:00:00Z', '');
INSERT INTO tribal_evidence (id, fact_id, source_type, source_ref, author, authored_at, content_hash) VALUES (10187, 10187, 'inline_marker', 'pkg/saturated37/file.go', NULL, NULL, 'ev-37-2');
INSERT INTO tribal_facts (id, subject_id, kind, body, source_quote, confidence, corroboration, extractor, extractor_version, model, staleness_hash, status, created_at, last_verified, cluster_key) VALUES (10188, 10037, 'quirk', 'body-3', 'quote', 0.9, 1, 'test', '1', NULL, 'sh-37-3', 'active', '2026-01-01T00:00:00Z', '2026-01-01T00:00:00Z', '');
INSERT INTO tribal_evidence (id, fact_id, source_type, source_ref, author, authored_at, content_hash) VALUES (10188, 10188, 'inline_marker', 'pkg/saturated37/file.go', NULL, NULL, 'ev-37-3');
INSERT INTO tribal_facts (id, subject_id, kind, body, source_quote, confidence, corroboration, extractor, extractor_version, model, staleness_hash, status, created_at, last_verified, cluster_key) VALUES (10189, 10037, 'quirk', 'body-4', 'quote', 0.9, 1, 'test', '1', NULL, 'sh-37-4', 'active', '2026-01-01T00:00:00Z', '2026-01-01T00:00:00Z', '');
INSERT INTO tribal_evidence (id, fact_id, source_type, source_ref, author, authored_at, content_hash) VALUES (10189, 10189, 'inline_marker', 'pkg/saturated37/file.go', NULL, NULL, 'ev-37-4');
INSERT INTO symbols (id, repo, import_path, symbol_name, language, kind, visibility, display_name, scip_symbol) VALUES (10038, 'bench-repo', 'pkg/saturated38/file.go', 'sat_sym_38', 'go', 'func', 'public', NULL, NULL);
INSERT INTO tribal_facts (id, subject_id, kind, body, source_quote, confidence, corroboration, extractor, extractor_version, model, staleness_hash, status, created_at, last_verified, cluster_key) VALUES (10190, 10038, 'quirk', 'body-0', 'quote', 0.9, 1, 'test', '1', NULL, 'sh-38-0', 'active', '2026-01-01T00:00:00Z', '2026-01-01T00:00:00Z', '');
INSERT INTO tribal_evidence (id, fact_id, source_type, source_ref, author, authored_at, content_hash) VALUES (10190, 10190, 'inline_marker', 'pkg/saturated38/file.go', NULL, NULL, 'ev-38-0');
INSERT INTO tribal_facts (id, subject_id, kind, body, source_quote, confidence, corroboration, extractor, extractor_version, model, staleness_hash, status, created_at, last_verified, cluster_key) VALUES (10191, 10038, 'quirk', 'body-1', 'quote', 0.9, 1, 'test', '1', NULL, 'sh-38-1', 'active', '2026-01-01T00:00:00Z', '2026-01-01T00:00:00Z', '');
INSERT INTO tribal_evidence (id, fact_id, source_type, source_ref, author, authored_at, content_hash) VALUES (10191, 10191, 'inline_marker', 'pkg/saturated38/file.go', NULL, NULL, 'ev-38-1');
INSERT INTO tribal_facts (id, subject_id, kind, body, source_quote, confidence, corroboration, extractor, extractor_version, model, staleness_hash, status, created_at, last_verified, cluster_key) VALUES (10192, 10038, 'quirk', 'body-2', 'quote', 0.9, 1, 'test', '1', NULL, 'sh-38-2', 'active', '2026-01-01T00:00:00Z', '2026-01-01T00:00:00Z', '');
INSERT INTO tribal_evidence (id, fact_id, source_type, source_ref, author, authored_at, content_hash) VALUES (10192, 10192, 'inline_marker', 'pkg/saturated38/file.go', NULL, NULL, 'ev-38-2');
INSERT INTO tribal_facts (id, subject_id, kind, body, source_quote, confidence, corroboration, extractor, extractor_version, model, staleness_hash, status, created_at, last_verified, cluster_key) VALUES (10193, 10038, 'quirk', 'body-3', 'quote', 0.9, 1, 'test', '1', NULL, 'sh-38-3', 'active', '2026-01-01T00:00:00Z', '2026-01-01T00:00:00Z', '');
INSERT INTO tribal_evidence (id, fact_id, source_type, source_ref, author, authored_at, content_hash) VALUES (10193, 10193, 'inline_marker', 'pkg/saturated38/file.go', NULL, NULL, 'ev-38-3');
INSERT INTO tribal_facts (id, subject_id, kind, body, source_quote, confidence, corroboration, extractor, extractor_version, model, staleness_hash, status, created_at, last_verified, cluster_key) VALUES (10194, 10038, 'quirk', 'body-4', 'quote', 0.9, 1, 'test', '1', NULL, 'sh-38-4', 'active', '2026-01-01T00:00:00Z', '2026-01-01T00:00:00Z', '');
INSERT INTO tribal_evidence (id, fact_id, source_type, source_ref, author, authored_at, content_hash) VALUES (10194, 10194, 'inline_marker', 'pkg/saturated38/file.go', NULL, NULL, 'ev-38-4');
INSERT INTO symbols (id, repo, import_path, symbol_name, language, kind, visibility, display_name, scip_symbol) VALUES (10039, 'bench-repo', 'pkg/saturated39/file.go', 'sat_sym_39', 'go', 'func', 'public', NULL, NULL);
INSERT INTO tribal_facts (id, subject_id, kind, body, source_quote, confidence, corroboration, extractor, extractor_version, model, staleness_hash, status, created_at, last_verified, cluster_key) VALUES (10195, 10039, 'quirk', 'body-0', 'quote', 0.9, 1, 'test', '1', NULL, 'sh-39-0', 'active', '2026-01-01T00:00:00Z', '2026-01-01T00:00:00Z', '');
INSERT INTO tribal_evidence (id, fact_id, source_type, source_ref, author, authored_at, content_hash) VALUES (10195, 10195, 'inline_marker', 'pkg/saturated39/file.go', NULL, NULL, 'ev-39-0');
INSERT INTO tribal_facts (id, subject_id, kind, body, source_quote, confidence, corroboration, extractor, extractor_version, model, staleness_hash, status, created_at, last_verified, cluster_key) VALUES (10196, 10039, 'quirk', 'body-1', 'quote', 0.9, 1, 'test', '1', NULL, 'sh-39-1', 'active', '2026-01-01T00:00:00Z', '2026-01-01T00:00:00Z', '');
INSERT INTO tribal_evidence (id, fact_id, source_type, source_ref, author, authored_at, content_hash) VALUES (10196, 10196, 'inline_marker', 'pkg/saturated39/file.go', NULL, NULL, 'ev-39-1');
INSERT INTO tribal_facts (id, subject_id, kind, body, source_quote, confidence, corroboration, extractor, extractor_version, model, staleness_hash, status, created_at, last_verified, cluster_key) VALUES (10197, 10039, 'quirk', 'body-2', 'quote', 0.9, 1, 'test', '1', NULL, 'sh-39-2', 'active', '2026-01-01T00:00:00Z', '2026-01-01T00:00:00Z', '');
INSERT INTO tribal_evidence (id, fact_id, source_type, source_ref, author, authored_at, content_hash) VALUES (10197, 10197, 'inline_marker', 'pkg/saturated39/file.go', NULL, NULL, 'ev-39-2');
INSERT INTO tribal_facts (id, subject_id, kind, body, source_quote, confidence, corroboration, extractor, extractor_version, model, staleness_hash, status, created_at, last_verified, cluster_key) VALUES (10198, 10039, 'quirk', 'body-3', 'quote', 0.9, 1, 'test', '1', NULL, 'sh-39-3', 'active', '2026-01-01T00:00:00Z', '2026-01-01T00:00:00Z', '');
INSERT INTO tribal_evidence (id, fact_id, source_type, source_ref, author, authored_at, content_hash) VALUES (10198, 10198, 'inline_marker', 'pkg/saturated39/file.go', NULL, NULL, 'ev-39-3');
INSERT INTO tribal_facts (id, subject_id, kind, body, source_quote, confidence, corroboration, extractor, extractor_version, model, staleness_hash, status, created_at, last_verified, cluster_key) VALUES (10199, 10039, 'quirk', 'body-4', 'quote', 0.9, 1, 'test', '1', NULL, 'sh-39-4', 'active', '2026-01-01T00:00:00Z', '2026-01-01T00:00:00Z', '');
INSERT INTO tribal_evidence (id, fact_id, source_type, source_ref, author, authored_at, content_hash) VALUES (10199, 10199, 'inline_marker', 'pkg/saturated39/file.go', NULL, NULL, 'ev-39-4');
INSERT INTO symbols (id, repo, import_path, symbol_name, language, kind, visibility, display_name, scip_symbol) VALUES (10040, 'bench-repo', 'pkg/saturated40/file.go', 'sat_sym_40', 'go', 'func', 'public', NULL, NULL);
INSERT INTO tribal_facts (id, subject_id, kind, body, source_quote, confidence, corroboration, extractor, extractor_version, model, staleness_hash, status, created_at, last_verified, cluster_key) VALUES (10200, 10040, 'quirk', 'body-0', 'quote', 0.9, 1, 'test', '1', NULL, 'sh-40-0', 'active', '2026-01-01T00:00:00Z', '2026-01-01T00:00:00Z', '');
INSERT INTO tribal_evidence (id, fact_id, source_type, source_ref, author, authored_at, content_hash) VALUES (10200, 10200, 'inline_marker', 'pkg/saturated40/file.go', NULL, NULL, 'ev-40-0');
INSERT INTO tribal_facts (id, subject_id, kind, body, source_quote, confidence, corroboration, extractor, extractor_version, model, staleness_hash, status, created_at, last_verified, cluster_key) VALUES (10201, 10040, 'quirk', 'body-1', 'quote', 0.9, 1, 'test', '1', NULL, 'sh-40-1', 'active', '2026-01-01T00:00:00Z', '2026-01-01T00:00:00Z', '');
INSERT INTO tribal_evidence (id, fact_id, source_type, source_ref, author, authored_at, content_hash) VALUES (10201, 10201, 'inline_marker', 'pkg/saturated40/file.go', NULL, NULL, 'ev-40-1');
INSERT INTO tribal_facts (id, subject_id, kind, body, source_quote, confidence, corroboration, extractor, extractor_version, model, staleness_hash, status, created_at, last_verified, cluster_key) VALUES (10202, 10040, 'quirk', 'body-2', 'quote', 0.9, 1, 'test', '1', NULL, 'sh-40-2', 'active', '2026-01-01T00:00:00Z', '2026-01-01T00:00:00Z', '');
INSERT INTO tribal_evidence (id, fact_id, source_type, source_ref, author, authored_at, content_hash) VALUES (10202, 10202, 'inline_marker', 'pkg/saturated40/file.go', NULL, NULL, 'ev-40-2');
INSERT INTO tribal_facts (id, subject_id, kind, body, source_quote, confidence, corroboration, extractor, extractor_version, model, staleness_hash, status, created_at, last_verified, cluster_key) VALUES (10203, 10040, 'quirk', 'body-3', 'quote', 0.9, 1, 'test', '1', NULL, 'sh-40-3', 'active', '2026-01-01T00:00:00Z', '2026-01-01T00:00:00Z', '');
INSERT INTO tribal_evidence (id, fact_id, source_type, source_ref, author, authored_at, content_hash) VALUES (10203, 10203, 'inline_marker', 'pkg/saturated40/file.go', NULL, NULL, 'ev-40-3');
INSERT INTO tribal_facts (id, subject_id, kind, body, source_quote, confidence, corroboration, extractor, extractor_version, model, staleness_hash, status, created_at, last_verified, cluster_key) VALUES (10204, 10040, 'quirk', 'body-4', 'quote', 0.9, 1, 'test', '1', NULL, 'sh-40-4', 'active', '2026-01-01T00:00:00Z', '2026-01-01T00:00:00Z', '');
INSERT INTO tribal_evidence (id, fact_id, source_type, source_ref, author, authored_at, content_hash) VALUES (10204, 10204, 'inline_marker', 'pkg/saturated40/file.go', NULL, NULL, 'ev-40-4');
INSERT INTO symbols (id, repo, import_path, symbol_name, language, kind, visibility, display_name, scip_symbol) VALUES (10041, 'bench-repo', 'pkg/saturated41/file.go', 'sat_sym_41', 'go', 'func', 'public', NULL, NULL);
INSERT INTO tribal_facts (id, subject_id, kind, body, source_quote, confidence, corroboration, extractor, extractor_version, model, staleness_hash, status, created_at, last_verified, cluster_key) VALUES (10205, 10041, 'quirk', 'body-0', 'quote', 0.9, 1, 'test', '1', NULL, 'sh-41-0', 'active', '2026-01-01T00:00:00Z', '2026-01-01T00:00:00Z', '');
INSERT INTO tribal_evidence (id, fact_id, source_type, source_ref, author, authored_at, content_hash) VALUES (10205, 10205, 'inline_marker', 'pkg/saturated41/file.go', NULL, NULL, 'ev-41-0');
INSERT INTO tribal_facts (id, subject_id, kind, body, source_quote, confidence, corroboration, extractor, extractor_version, model, staleness_hash, status, created_at, last_verified, cluster_key) VALUES (10206, 10041, 'quirk', 'body-1', 'quote', 0.9, 1, 'test', '1', NULL, 'sh-41-1', 'active', '2026-01-01T00:00:00Z', '2026-01-01T00:00:00Z', '');
INSERT INTO tribal_evidence (id, fact_id, source_type, source_ref, author, authored_at, content_hash) VALUES (10206, 10206, 'inline_marker', 'pkg/saturated41/file.go', NULL, NULL, 'ev-41-1');
INSERT INTO tribal_facts (id, subject_id, kind, body, source_quote, confidence, corroboration, extractor, extractor_version, model, staleness_hash, status, created_at, last_verified, cluster_key) VALUES (10207, 10041, 'quirk', 'body-2', 'quote', 0.9, 1, 'test', '1', NULL, 'sh-41-2', 'active', '2026-01-01T00:00:00Z', '2026-01-01T00:00:00Z', '');
INSERT INTO tribal_evidence (id, fact_id, source_type, source_ref, author, authored_at, content_hash) VALUES (10207, 10207, 'inline_marker', 'pkg/saturated41/file.go', NULL, NULL, 'ev-41-2');
INSERT INTO tribal_facts (id, subject_id, kind, body, source_quote, confidence, corroboration, extractor, extractor_version, model, staleness_hash, status, created_at, last_verified, cluster_key) VALUES (10208, 10041, 'quirk', 'body-3', 'quote', 0.9, 1, 'test', '1', NULL, 'sh-41-3', 'active', '2026-01-01T00:00:00Z', '2026-01-01T00:00:00Z', '');
INSERT INTO tribal_evidence (id, fact_id, source_type, source_ref, author, authored_at, content_hash) VALUES (10208, 10208, 'inline_marker', 'pkg/saturated41/file.go', NULL, NULL, 'ev-41-3');
INSERT INTO tribal_facts (id, subject_id, kind, body, source_quote, confidence, corroboration, extractor, extractor_version, model, staleness_hash, status, created_at, last_verified, cluster_key) VALUES (10209, 10041, 'quirk', 'body-4', 'quote', 0.9, 1, 'test', '1', NULL, 'sh-41-4', 'active', '2026-01-01T00:00:00Z', '2026-01-01T00:00:00Z', '');
INSERT INTO tribal_evidence (id, fact_id, source_type, source_ref, author, authored_at, content_hash) VALUES (10209, 10209, 'inline_marker', 'pkg/saturated41/file.go', NULL, NULL, 'ev-41-4');
INSERT INTO symbols (id, repo, import_path, symbol_name, language, kind, visibility, display_name, scip_symbol) VALUES (10042, 'bench-repo', 'pkg/saturated42/file.go', 'sat_sym_42', 'go', 'func', 'public', NULL, NULL);
INSERT INTO tribal_facts (id, subject_id, kind, body, source_quote, confidence, corroboration, extractor, extractor_version, model, staleness_hash, status, created_at, last_verified, cluster_key) VALUES (10210, 10042, 'quirk', 'body-0', 'quote', 0.9, 1, 'test', '1', NULL, 'sh-42-0', 'active', '2026-01-01T00:00:00Z', '2026-01-01T00:00:00Z', '');
INSERT INTO tribal_evidence (id, fact_id, source_type, source_ref, author, authored_at, content_hash) VALUES (10210, 10210, 'inline_marker', 'pkg/saturated42/file.go', NULL, NULL, 'ev-42-0');
INSERT INTO tribal_facts (id, subject_id, kind, body, source_quote, confidence, corroboration, extractor, extractor_version, model, staleness_hash, status, created_at, last_verified, cluster_key) VALUES (10211, 10042, 'quirk', 'body-1', 'quote', 0.9, 1, 'test', '1', NULL, 'sh-42-1', 'active', '2026-01-01T00:00:00Z', '2026-01-01T00:00:00Z', '');
INSERT INTO tribal_evidence (id, fact_id, source_type, source_ref, author, authored_at, content_hash) VALUES (10211, 10211, 'inline_marker', 'pkg/saturated42/file.go', NULL, NULL, 'ev-42-1');
INSERT INTO tribal_facts (id, subject_id, kind, body, source_quote, confidence, corroboration, extractor, extractor_version, model, staleness_hash, status, created_at, last_verified, cluster_key) VALUES (10212, 10042, 'quirk', 'body-2', 'quote', 0.9, 1, 'test', '1', NULL, 'sh-42-2', 'active', '2026-01-01T00:00:00Z', '2026-01-01T00:00:00Z', '');
INSERT INTO tribal_evidence (id, fact_id, source_type, source_ref, author, authored_at, content_hash) VALUES (10212, 10212, 'inline_marker', 'pkg/saturated42/file.go', NULL, NULL, 'ev-42-2');
INSERT INTO tribal_facts (id, subject_id, kind, body, source_quote, confidence, corroboration, extractor, extractor_version, model, staleness_hash, status, created_at, last_verified, cluster_key) VALUES (10213, 10042, 'quirk', 'body-3', 'quote', 0.9, 1, 'test', '1', NULL, 'sh-42-3', 'active', '2026-01-01T00:00:00Z', '2026-01-01T00:00:00Z', '');
INSERT INTO tribal_evidence (id, fact_id, source_type, source_ref, author, authored_at, content_hash) VALUES (10213, 10213, 'inline_marker', 'pkg/saturated42/file.go', NULL, NULL, 'ev-42-3');
INSERT INTO tribal_facts (id, subject_id, kind, body, source_quote, confidence, corroboration, extractor, extractor_version, model, staleness_hash, status, created_at, last_verified, cluster_key) VALUES (10214, 10042, 'quirk', 'body-4', 'quote', 0.9, 1, 'test', '1', NULL, 'sh-42-4', 'active', '2026-01-01T00:00:00Z', '2026-01-01T00:00:00Z', '');
INSERT INTO tribal_evidence (id, fact_id, source_type, source_ref, author, authored_at, content_hash) VALUES (10214, 10214, 'inline_marker', 'pkg/saturated42/file.go', NULL, NULL, 'ev-42-4');
INSERT INTO symbols (id, repo, import_path, symbol_name, language, kind, visibility, display_name, scip_symbol) VALUES (10043, 'bench-repo', 'pkg/saturated43/file.go', 'sat_sym_43', 'go', 'func', 'public', NULL, NULL);
INSERT INTO tribal_facts (id, subject_id, kind, body, source_quote, confidence, corroboration, extractor, extractor_version, model, staleness_hash, status, created_at, last_verified, cluster_key) VALUES (10215, 10043, 'quirk', 'body-0', 'quote', 0.9, 1, 'test', '1', NULL, 'sh-43-0', 'active', '2026-01-01T00:00:00Z', '2026-01-01T00:00:00Z', '');
INSERT INTO tribal_evidence (id, fact_id, source_type, source_ref, author, authored_at, content_hash) VALUES (10215, 10215, 'inline_marker', 'pkg/saturated43/file.go', NULL, NULL, 'ev-43-0');
INSERT INTO tribal_facts (id, subject_id, kind, body, source_quote, confidence, corroboration, extractor, extractor_version, model, staleness_hash, status, created_at, last_verified, cluster_key) VALUES (10216, 10043, 'quirk', 'body-1', 'quote', 0.9, 1, 'test', '1', NULL, 'sh-43-1', 'active', '2026-01-01T00:00:00Z', '2026-01-01T00:00:00Z', '');
INSERT INTO tribal_evidence (id, fact_id, source_type, source_ref, author, authored_at, content_hash) VALUES (10216, 10216, 'inline_marker', 'pkg/saturated43/file.go', NULL, NULL, 'ev-43-1');
INSERT INTO tribal_facts (id, subject_id, kind, body, source_quote, confidence, corroboration, extractor, extractor_version, model, staleness_hash, status, created_at, last_verified, cluster_key) VALUES (10217, 10043, 'quirk', 'body-2', 'quote', 0.9, 1, 'test', '1', NULL, 'sh-43-2', 'active', '2026-01-01T00:00:00Z', '2026-01-01T00:00:00Z', '');
INSERT INTO tribal_evidence (id, fact_id, source_type, source_ref, author, authored_at, content_hash) VALUES (10217, 10217, 'inline_marker', 'pkg/saturated43/file.go', NULL, NULL, 'ev-43-2');
INSERT INTO tribal_facts (id, subject_id, kind, body, source_quote, confidence, corroboration, extractor, extractor_version, model, staleness_hash, status, created_at, last_verified, cluster_key) VALUES (10218, 10043, 'quirk', 'body-3', 'quote', 0.9, 1, 'test', '1', NULL, 'sh-43-3', 'active', '2026-01-01T00:00:00Z', '2026-01-01T00:00:00Z', '');
INSERT INTO tribal_evidence (id, fact_id, source_type, source_ref, author, authored_at, content_hash) VALUES (10218, 10218, 'inline_marker', 'pkg/saturated43/file.go', NULL, NULL, 'ev-43-3');
INSERT INTO tribal_facts (id, subject_id, kind, body, source_quote, confidence, corroboration, extractor, extractor_version, model, staleness_hash, status, created_at, last_verified, cluster_key) VALUES (10219, 10043, 'quirk', 'body-4', 'quote', 0.9, 1, 'test', '1', NULL, 'sh-43-4', 'active', '2026-01-01T00:00:00Z', '2026-01-01T00:00:00Z', '');
INSERT INTO tribal_evidence (id, fact_id, source_type, source_ref, author, authored_at, content_hash) VALUES (10219, 10219, 'inline_marker', 'pkg/saturated43/file.go', NULL, NULL, 'ev-43-4');
INSERT INTO symbols (id, repo, import_path, symbol_name, language, kind, visibility, display_name, scip_symbol) VALUES (10044, 'bench-repo', 'pkg/saturated44/file.go', 'sat_sym_44', 'go', 'func', 'public', NULL, NULL);
INSERT INTO tribal_facts (id, subject_id, kind, body, source_quote, confidence, corroboration, extractor, extractor_version, model, staleness_hash, status, created_at, last_verified, cluster_key) VALUES (10220, 10044, 'quirk', 'body-0', 'quote', 0.9, 1, 'test', '1', NULL, 'sh-44-0', 'active', '2026-01-01T00:00:00Z', '2026-01-01T00:00:00Z', '');
INSERT INTO tribal_evidence (id, fact_id, source_type, source_ref, author, authored_at, content_hash) VALUES (10220, 10220, 'inline_marker', 'pkg/saturated44/file.go', NULL, NULL, 'ev-44-0');
INSERT INTO tribal_facts (id, subject_id, kind, body, source_quote, confidence, corroboration, extractor, extractor_version, model, staleness_hash, status, created_at, last_verified, cluster_key) VALUES (10221, 10044, 'quirk', 'body-1', 'quote', 0.9, 1, 'test', '1', NULL, 'sh-44-1', 'active', '2026-01-01T00:00:00Z', '2026-01-01T00:00:00Z', '');
INSERT INTO tribal_evidence (id, fact_id, source_type, source_ref, author, authored_at, content_hash) VALUES (10221, 10221, 'inline_marker', 'pkg/saturated44/file.go', NULL, NULL, 'ev-44-1');
INSERT INTO tribal_facts (id, subject_id, kind, body, source_quote, confidence, corroboration, extractor, extractor_version, model, staleness_hash, status, created_at, last_verified, cluster_key) VALUES (10222, 10044, 'quirk', 'body-2', 'quote', 0.9, 1, 'test', '1', NULL, 'sh-44-2', 'active', '2026-01-01T00:00:00Z', '2026-01-01T00:00:00Z', '');
INSERT INTO tribal_evidence (id, fact_id, source_type, source_ref, author, authored_at, content_hash) VALUES (10222, 10222, 'inline_marker', 'pkg/saturated44/file.go', NULL, NULL, 'ev-44-2');
INSERT INTO tribal_facts (id, subject_id, kind, body, source_quote, confidence, corroboration, extractor, extractor_version, model, staleness_hash, status, created_at, last_verified, cluster_key) VALUES (10223, 10044, 'quirk', 'body-3', 'quote', 0.9, 1, 'test', '1', NULL, 'sh-44-3', 'active', '2026-01-01T00:00:00Z', '2026-01-01T00:00:00Z', '');
INSERT INTO tribal_evidence (id, fact_id, source_type, source_ref, author, authored_at, content_hash) VALUES (10223, 10223, 'inline_marker', 'pkg/saturated44/file.go', NULL, NULL, 'ev-44-3');
INSERT INTO tribal_facts (id, subject_id, kind, body, source_quote, confidence, corroboration, extractor, extractor_version, model, staleness_hash, status, created_at, last_verified, cluster_key) VALUES (10224, 10044, 'quirk', 'body-4', 'quote', 0.9, 1, 'test', '1', NULL, 'sh-44-4', 'active', '2026-01-01T00:00:00Z', '2026-01-01T00:00:00Z', '');
INSERT INTO tribal_evidence (id, fact_id, source_type, source_ref, author, authored_at, content_hash) VALUES (10224, 10224, 'inline_marker', 'pkg/saturated44/file.go', NULL, NULL, 'ev-44-4');
INSERT INTO symbols (id, repo, import_path, symbol_name, language, kind, visibility, display_name, scip_symbol) VALUES (10045, 'bench-repo', 'pkg/saturated45/file.go', 'sat_sym_45', 'go', 'func', 'public', NULL, NULL);
INSERT INTO tribal_facts (id, subject_id, kind, body, source_quote, confidence, corroboration, extractor, extractor_version, model, staleness_hash, status, created_at, last_verified, cluster_key) VALUES (10225, 10045, 'quirk', 'body-0', 'quote', 0.9, 1, 'test', '1', NULL, 'sh-45-0', 'active', '2026-01-01T00:00:00Z', '2026-01-01T00:00:00Z', '');
INSERT INTO tribal_evidence (id, fact_id, source_type, source_ref, author, authored_at, content_hash) VALUES (10225, 10225, 'inline_marker', 'pkg/saturated45/file.go', NULL, NULL, 'ev-45-0');
INSERT INTO tribal_facts (id, subject_id, kind, body, source_quote, confidence, corroboration, extractor, extractor_version, model, staleness_hash, status, created_at, last_verified, cluster_key) VALUES (10226, 10045, 'quirk', 'body-1', 'quote', 0.9, 1, 'test', '1', NULL, 'sh-45-1', 'active', '2026-01-01T00:00:00Z', '2026-01-01T00:00:00Z', '');
INSERT INTO tribal_evidence (id, fact_id, source_type, source_ref, author, authored_at, content_hash) VALUES (10226, 10226, 'inline_marker', 'pkg/saturated45/file.go', NULL, NULL, 'ev-45-1');
INSERT INTO tribal_facts (id, subject_id, kind, body, source_quote, confidence, corroboration, extractor, extractor_version, model, staleness_hash, status, created_at, last_verified, cluster_key) VALUES (10227, 10045, 'quirk', 'body-2', 'quote', 0.9, 1, 'test', '1', NULL, 'sh-45-2', 'active', '2026-01-01T00:00:00Z', '2026-01-01T00:00:00Z', '');
INSERT INTO tribal_evidence (id, fact_id, source_type, source_ref, author, authored_at, content_hash) VALUES (10227, 10227, 'inline_marker', 'pkg/saturated45/file.go', NULL, NULL, 'ev-45-2');
INSERT INTO tribal_facts (id, subject_id, kind, body, source_quote, confidence, corroboration, extractor, extractor_version, model, staleness_hash, status, created_at, last_verified, cluster_key) VALUES (10228, 10045, 'quirk', 'body-3', 'quote', 0.9, 1, 'test', '1', NULL, 'sh-45-3', 'active', '2026-01-01T00:00:00Z', '2026-01-01T00:00:00Z', '');
INSERT INTO tribal_evidence (id, fact_id, source_type, source_ref, author, authored_at, content_hash) VALUES (10228, 10228, 'inline_marker', 'pkg/saturated45/file.go', NULL, NULL, 'ev-45-3');
INSERT INTO tribal_facts (id, subject_id, kind, body, source_quote, confidence, corroboration, extractor, extractor_version, model, staleness_hash, status, created_at, last_verified, cluster_key) VALUES (10229, 10045, 'quirk', 'body-4', 'quote', 0.9, 1, 'test', '1', NULL, 'sh-45-4', 'active', '2026-01-01T00:00:00Z', '2026-01-01T00:00:00Z', '');
INSERT INTO tribal_evidence (id, fact_id, source_type, source_ref, author, authored_at, content_hash) VALUES (10229, 10229, 'inline_marker', 'pkg/saturated45/file.go', NULL, NULL, 'ev-45-4');
INSERT INTO symbols (id, repo, import_path, symbol_name, language, kind, visibility, display_name, scip_symbol) VALUES (10046, 'bench-repo', 'pkg/saturated46/file.go', 'sat_sym_46', 'go', 'func', 'public', NULL, NULL);
INSERT INTO tribal_facts (id, subject_id, kind, body, source_quote, confidence, corroboration, extractor, extractor_version, model, staleness_hash, status, created_at, last_verified, cluster_key) VALUES (10230, 10046, 'quirk', 'body-0', 'quote', 0.9, 1, 'test', '1', NULL, 'sh-46-0', 'active', '2026-01-01T00:00:00Z', '2026-01-01T00:00:00Z', '');
INSERT INTO tribal_evidence (id, fact_id, source_type, source_ref, author, authored_at, content_hash) VALUES (10230, 10230, 'inline_marker', 'pkg/saturated46/file.go', NULL, NULL, 'ev-46-0');
INSERT INTO tribal_facts (id, subject_id, kind, body, source_quote, confidence, corroboration, extractor, extractor_version, model, staleness_hash, status, created_at, last_verified, cluster_key) VALUES (10231, 10046, 'quirk', 'body-1', 'quote', 0.9, 1, 'test', '1', NULL, 'sh-46-1', 'active', '2026-01-01T00:00:00Z', '2026-01-01T00:00:00Z', '');
INSERT INTO tribal_evidence (id, fact_id, source_type, source_ref, author, authored_at, content_hash) VALUES (10231, 10231, 'inline_marker', 'pkg/saturated46/file.go', NULL, NULL, 'ev-46-1');
INSERT INTO tribal_facts (id, subject_id, kind, body, source_quote, confidence, corroboration, extractor, extractor_version, model, staleness_hash, status, created_at, last_verified, cluster_key) VALUES (10232, 10046, 'quirk', 'body-2', 'quote', 0.9, 1, 'test', '1', NULL, 'sh-46-2', 'active', '2026-01-01T00:00:00Z', '2026-01-01T00:00:00Z', '');
INSERT INTO tribal_evidence (id, fact_id, source_type, source_ref, author, authored_at, content_hash) VALUES (10232, 10232, 'inline_marker', 'pkg/saturated46/file.go', NULL, NULL, 'ev-46-2');
INSERT INTO tribal_facts (id, subject_id, kind, body, source_quote, confidence, corroboration, extractor, extractor_version, model, staleness_hash, status, created_at, last_verified, cluster_key) VALUES (10233, 10046, 'quirk', 'body-3', 'quote', 0.9, 1, 'test', '1', NULL, 'sh-46-3', 'active', '2026-01-01T00:00:00Z', '2026-01-01T00:00:00Z', '');
INSERT INTO tribal_evidence (id, fact_id, source_type, source_ref, author, authored_at, content_hash) VALUES (10233, 10233, 'inline_marker', 'pkg/saturated46/file.go', NULL, NULL, 'ev-46-3');
INSERT INTO tribal_facts (id, subject_id, kind, body, source_quote, confidence, corroboration, extractor, extractor_version, model, staleness_hash, status, created_at, last_verified, cluster_key) VALUES (10234, 10046, 'quirk', 'body-4', 'quote', 0.9, 1, 'test', '1', NULL, 'sh-46-4', 'active', '2026-01-01T00:00:00Z', '2026-01-01T00:00:00Z', '');
INSERT INTO tribal_evidence (id, fact_id, source_type, source_ref, author, authored_at, content_hash) VALUES (10234, 10234, 'inline_marker', 'pkg/saturated46/file.go', NULL, NULL, 'ev-46-4');
INSERT INTO symbols (id, repo, import_path, symbol_name, language, kind, visibility, display_name, scip_symbol) VALUES (10047, 'bench-repo', 'pkg/saturated47/file.go', 'sat_sym_47', 'go', 'func', 'public', NULL, NULL);
INSERT INTO tribal_facts (id, subject_id, kind, body, source_quote, confidence, corroboration, extractor, extractor_version, model, staleness_hash, status, created_at, last_verified, cluster_key) VALUES (10235, 10047, 'quirk', 'body-0', 'quote', 0.9, 1, 'test', '1', NULL, 'sh-47-0', 'active', '2026-01-01T00:00:00Z', '2026-01-01T00:00:00Z', '');
INSERT INTO tribal_evidence (id, fact_id, source_type, source_ref, author, authored_at, content_hash) VALUES (10235, 10235, 'inline_marker', 'pkg/saturated47/file.go', NULL, NULL, 'ev-47-0');
INSERT INTO tribal_facts (id, subject_id, kind, body, source_quote, confidence, corroboration, extractor, extractor_version, model, staleness_hash, status, created_at, last_verified, cluster_key) VALUES (10236, 10047, 'quirk', 'body-1', 'quote', 0.9, 1, 'test', '1', NULL, 'sh-47-1', 'active', '2026-01-01T00:00:00Z', '2026-01-01T00:00:00Z', '');
INSERT INTO tribal_evidence (id, fact_id, source_type, source_ref, author, authored_at, content_hash) VALUES (10236, 10236, 'inline_marker', 'pkg/saturated47/file.go', NULL, NULL, 'ev-47-1');
INSERT INTO tribal_facts (id, subject_id, kind, body, source_quote, confidence, corroboration, extractor, extractor_version, model, staleness_hash, status, created_at, last_verified, cluster_key) VALUES (10237, 10047, 'quirk', 'body-2', 'quote', 0.9, 1, 'test', '1', NULL, 'sh-47-2', 'active', '2026-01-01T00:00:00Z', '2026-01-01T00:00:00Z', '');
INSERT INTO tribal_evidence (id, fact_id, source_type, source_ref, author, authored_at, content_hash) VALUES (10237, 10237, 'inline_marker', 'pkg/saturated47/file.go', NULL, NULL, 'ev-47-2');
INSERT INTO tribal_facts (id, subject_id, kind, body, source_quote, confidence, corroboration, extractor, extractor_version, model, staleness_hash, status, created_at, last_verified, cluster_key) VALUES (10238, 10047, 'quirk', 'body-3', 'quote', 0.9, 1, 'test', '1', NULL, 'sh-47-3', 'active', '2026-01-01T00:00:00Z', '2026-01-01T00:00:00Z', '');
INSERT INTO tribal_evidence (id, fact_id, source_type, source_ref, author, authored_at, content_hash) VALUES (10238, 10238, 'inline_marker', 'pkg/saturated47/file.go', NULL, NULL, 'ev-47-3');
INSERT INTO tribal_facts (id, subject_id, kind, body, source_quote, confidence, corroboration, extractor, extractor_version, model, staleness_hash, status, created_at, last_verified, cluster_key) VALUES (10239, 10047, 'quirk', 'body-4', 'quote', 0.9, 1, 'test', '1', NULL, 'sh-47-4', 'active', '2026-01-01T00:00:00Z', '2026-01-01T00:00:00Z', '');
INSERT INTO tribal_evidence (id, fact_id, source_type, source_ref, author, authored_at, content_hash) VALUES (10239, 10239, 'inline_marker', 'pkg/saturated47/file.go', NULL, NULL, 'ev-47-4');
INSERT INTO symbols (id, repo, import_path, symbol_name, language, kind, visibility, display_name, scip_symbol) VALUES (10048, 'bench-repo', 'pkg/saturated48/file.go', 'sat_sym_48', 'go', 'func', 'public', NULL, NULL);
INSERT INTO tribal_facts (id, subject_id, kind, body, source_quote, confidence, corroboration, extractor, extractor_version, model, staleness_hash, status, created_at, last_verified, cluster_key) VALUES (10240, 10048, 'quirk', 'body-0', 'quote', 0.9, 1, 'test', '1', NULL, 'sh-48-0', 'active', '2026-01-01T00:00:00Z', '2026-01-01T00:00:00Z', '');
INSERT INTO tribal_evidence (id, fact_id, source_type, source_ref, author, authored_at, content_hash) VALUES (10240, 10240, 'inline_marker', 'pkg/saturated48/file.go', NULL, NULL, 'ev-48-0');
INSERT INTO tribal_facts (id, subject_id, kind, body, source_quote, confidence, corroboration, extractor, extractor_version, model, staleness_hash, status, created_at, last_verified, cluster_key) VALUES (10241, 10048, 'quirk', 'body-1', 'quote', 0.9, 1, 'test', '1', NULL, 'sh-48-1', 'active', '2026-01-01T00:00:00Z', '2026-01-01T00:00:00Z', '');
INSERT INTO tribal_evidence (id, fact_id, source_type, source_ref, author, authored_at, content_hash) VALUES (10241, 10241, 'inline_marker', 'pkg/saturated48/file.go', NULL, NULL, 'ev-48-1');
INSERT INTO tribal_facts (id, subject_id, kind, body, source_quote, confidence, corroboration, extractor, extractor_version, model, staleness_hash, status, created_at, last_verified, cluster_key) VALUES (10242, 10048, 'quirk', 'body-2', 'quote', 0.9, 1, 'test', '1', NULL, 'sh-48-2', 'active', '2026-01-01T00:00:00Z', '2026-01-01T00:00:00Z', '');
INSERT INTO tribal_evidence (id, fact_id, source_type, source_ref, author, authored_at, content_hash) VALUES (10242, 10242, 'inline_marker', 'pkg/saturated48/file.go', NULL, NULL, 'ev-48-2');
INSERT INTO tribal_facts (id, subject_id, kind, body, source_quote, confidence, corroboration, extractor, extractor_version, model, staleness_hash, status, created_at, last_verified, cluster_key) VALUES (10243, 10048, 'quirk', 'body-3', 'quote', 0.9, 1, 'test', '1', NULL, 'sh-48-3', 'active', '2026-01-01T00:00:00Z', '2026-01-01T00:00:00Z', '');
INSERT INTO tribal_evidence (id, fact_id, source_type, source_ref, author, authored_at, content_hash) VALUES (10243, 10243, 'inline_marker', 'pkg/saturated48/file.go', NULL, NULL, 'ev-48-3');
INSERT INTO tribal_facts (id, subject_id, kind, body, source_quote, confidence, corroboration, extractor, extractor_version, model, staleness_hash, status, created_at, last_verified, cluster_key) VALUES (10244, 10048, 'quirk', 'body-4', 'quote', 0.9, 1, 'test', '1', NULL, 'sh-48-4', 'active', '2026-01-01T00:00:00Z', '2026-01-01T00:00:00Z', '');
INSERT INTO tribal_evidence (id, fact_id, source_type, source_ref, author, authored_at, content_hash) VALUES (10244, 10244, 'inline_marker', 'pkg/saturated48/file.go', NULL, NULL, 'ev-48-4');
INSERT INTO symbols (id, repo, import_path, symbol_name, language, kind, visibility, display_name, scip_symbol) VALUES (10049, 'bench-repo', 'pkg/saturated49/file.go', 'sat_sym_49', 'go', 'func', 'public', NULL, NULL);
INSERT INTO tribal_facts (id, subject_id, kind, body, source_quote, confidence, corroboration, extractor, extractor_version, model, staleness_hash, status, created_at, last_verified, cluster_key) VALUES (10245, 10049, 'quirk', 'body-0', 'quote', 0.9, 1, 'test', '1', NULL, 'sh-49-0', 'active', '2026-01-01T00:00:00Z', '2026-01-01T00:00:00Z', '');
INSERT INTO tribal_evidence (id, fact_id, source_type, source_ref, author, authored_at, content_hash) VALUES (10245, 10245, 'inline_marker', 'pkg/saturated49/file.go', NULL, NULL, 'ev-49-0');
INSERT INTO tribal_facts (id, subject_id, kind, body, source_quote, confidence, corroboration, extractor, extractor_version, model, staleness_hash, status, created_at, last_verified, cluster_key) VALUES (10246, 10049, 'quirk', 'body-1', 'quote', 0.9, 1, 'test', '1', NULL, 'sh-49-1', 'active', '2026-01-01T00:00:00Z', '2026-01-01T00:00:00Z', '');
INSERT INTO tribal_evidence (id, fact_id, source_type, source_ref, author, authored_at, content_hash) VALUES (10246, 10246, 'inline_marker', 'pkg/saturated49/file.go', NULL, NULL, 'ev-49-1');
INSERT INTO tribal_facts (id, subject_id, kind, body, source_quote, confidence, corroboration, extractor, extractor_version, model, staleness_hash, status, created_at, last_verified, cluster_key) VALUES (10247, 10049, 'quirk', 'body-2', 'quote', 0.9, 1, 'test', '1', NULL, 'sh-49-2', 'active', '2026-01-01T00:00:00Z', '2026-01-01T00:00:00Z', '');
INSERT INTO tribal_evidence (id, fact_id, source_type, source_ref, author, authored_at, content_hash) VALUES (10247, 10247, 'inline_marker', 'pkg/saturated49/file.go', NULL, NULL, 'ev-49-2');
INSERT INTO tribal_facts (id, subject_id, kind, body, source_quote, confidence, corroboration, extractor, extractor_version, model, staleness_hash, status, created_at, last_verified, cluster_key) VALUES (10248, 10049, 'quirk', 'body-3', 'quote', 0.9, 1, 'test', '1', NULL, 'sh-49-3', 'active', '2026-01-01T00:00:00Z', '2026-01-01T00:00:00Z', '');
INSERT INTO tribal_evidence (id, fact_id, source_type, source_ref, author, authored_at, content_hash) VALUES (10248, 10248, 'inline_marker', 'pkg/saturated49/file.go', NULL, NULL, 'ev-49-3');
INSERT INTO tribal_facts (id, subject_id, kind, body, source_quote, confidence, corroboration, extractor, extractor_version, model, staleness_hash, status, created_at, last_verified, cluster_key) VALUES (10249, 10049, 'quirk', 'body-4', 'quote', 0.9, 1, 'test', '1', NULL, 'sh-49-4', 'active', '2026-01-01T00:00:00Z', '2026-01-01T00:00:00Z', '');
INSERT INTO tribal_evidence (id, fact_id, source_type, source_ref, author, authored_at, content_hash) VALUES (10249, 10249, 'inline_marker', 'pkg/saturated49/file.go', NULL, NULL, 'ev-49-4');
INSERT INTO symbols (id, repo, import_path, symbol_name, language, kind, visibility, display_name, scip_symbol) VALUES (10050, 'bench-repo', 'pkg/saturated50/file.go', 'sat_sym_50', 'go', 'func', 'public', NULL, NULL);
INSERT INTO tribal_facts (id, subject_id, kind, body, source_quote, confidence, corroboration, extractor, extractor_version, model, staleness_hash, status, created_at, last_verified, cluster_key) VALUES (10250, 10050, 'quirk', 'body-0', 'quote', 0.9, 1, 'test', '1', NULL, 'sh-50-0', 'active', '2026-01-01T00:00:00Z', '2026-01-01T00:00:00Z', '');
INSERT INTO tribal_evidence (id, fact_id, source_type, source_ref, author, authored_at, content_hash) VALUES (10250, 10250, 'inline_marker', 'pkg/saturated50/file.go', NULL, NULL, 'ev-50-0');
INSERT INTO tribal_facts (id, subject_id, kind, body, source_quote, confidence, corroboration, extractor, extractor_version, model, staleness_hash, status, created_at, last_verified, cluster_key) VALUES (10251, 10050, 'quirk', 'body-1', 'quote', 0.9, 1, 'test', '1', NULL, 'sh-50-1', 'active', '2026-01-01T00:00:00Z', '2026-01-01T00:00:00Z', '');
INSERT INTO tribal_evidence (id, fact_id, source_type, source_ref, author, authored_at, content_hash) VALUES (10251, 10251, 'inline_marker', 'pkg/saturated50/file.go', NULL, NULL, 'ev-50-1');
INSERT INTO tribal_facts (id, subject_id, kind, body, source_quote, confidence, corroboration, extractor, extractor_version, model, staleness_hash, status, created_at, last_verified, cluster_key) VALUES (10252, 10050, 'quirk', 'body-2', 'quote', 0.9, 1, 'test', '1', NULL, 'sh-50-2', 'active', '2026-01-01T00:00:00Z', '2026-01-01T00:00:00Z', '');
INSERT INTO tribal_evidence (id, fact_id, source_type, source_ref, author, authored_at, content_hash) VALUES (10252, 10252, 'inline_marker', 'pkg/saturated50/file.go', NULL, NULL, 'ev-50-2');
INSERT INTO tribal_facts (id, subject_id, kind, body, source_quote, confidence, corroboration, extractor, extractor_version, model, staleness_hash, status, created_at, last_verified, cluster_key) VALUES (10253, 10050, 'quirk', 'body-3', 'quote', 0.9, 1, 'test', '1', NULL, 'sh-50-3', 'active', '2026-01-01T00:00:00Z', '2026-01-01T00:00:00Z', '');
INSERT INTO tribal_evidence (id, fact_id, source_type, source_ref, author, authored_at, content_hash) VALUES (10253, 10253, 'inline_marker', 'pkg/saturated50/file.go', NULL, NULL, 'ev-50-3');
INSERT INTO tribal_facts (id, subject_id, kind, body, source_quote, confidence, corroboration, extractor, extractor_version, model, staleness_hash, status, created_at, last_verified, cluster_key) VALUES (10254, 10050, 'quirk', 'body-4', 'quote', 0.9, 1, 'test', '1', NULL, 'sh-50-4', 'active', '2026-01-01T00:00:00Z', '2026-01-01T00:00:00Z', '');
INSERT INTO tribal_evidence (id, fact_id, source_type, source_ref, author, authored_at, content_hash) VALUES (10254, 10254, 'inline_marker', 'pkg/saturated50/file.go', NULL, NULL, 'ev-50-4');
INSERT INTO symbols (id, repo, import_path, symbol_name, language, kind, visibility, display_name, scip_symbol) VALUES (10051, 'bench-repo', 'pkg/saturated51/file.go', 'sat_sym_51', 'go', 'func', 'public', NULL, NULL);
INSERT INTO tribal_facts (id, subject_id, kind, body, source_quote, confidence, corroboration, extractor, extractor_version, model, staleness_hash, status, created_at, last_verified, cluster_key) VALUES (10255, 10051, 'quirk', 'body-0', 'quote', 0.9, 1, 'test', '1', NULL, 'sh-51-0', 'active', '2026-01-01T00:00:00Z', '2026-01-01T00:00:00Z', '');
INSERT INTO tribal_evidence (id, fact_id, source_type, source_ref, author, authored_at, content_hash) VALUES (10255, 10255, 'inline_marker', 'pkg/saturated51/file.go', NULL, NULL, 'ev-51-0');
INSERT INTO tribal_facts (id, subject_id, kind, body, source_quote, confidence, corroboration, extractor, extractor_version, model, staleness_hash, status, created_at, last_verified, cluster_key) VALUES (10256, 10051, 'quirk', 'body-1', 'quote', 0.9, 1, 'test', '1', NULL, 'sh-51-1', 'active', '2026-01-01T00:00:00Z', '2026-01-01T00:00:00Z', '');
INSERT INTO tribal_evidence (id, fact_id, source_type, source_ref, author, authored_at, content_hash) VALUES (10256, 10256, 'inline_marker', 'pkg/saturated51/file.go', NULL, NULL, 'ev-51-1');
INSERT INTO tribal_facts (id, subject_id, kind, body, source_quote, confidence, corroboration, extractor, extractor_version, model, staleness_hash, status, created_at, last_verified, cluster_key) VALUES (10257, 10051, 'quirk', 'body-2', 'quote', 0.9, 1, 'test', '1', NULL, 'sh-51-2', 'active', '2026-01-01T00:00:00Z', '2026-01-01T00:00:00Z', '');
INSERT INTO tribal_evidence (id, fact_id, source_type, source_ref, author, authored_at, content_hash) VALUES (10257, 10257, 'inline_marker', 'pkg/saturated51/file.go', NULL, NULL, 'ev-51-2');
INSERT INTO tribal_facts (id, subject_id, kind, body, source_quote, confidence, corroboration, extractor, extractor_version, model, staleness_hash, status, created_at, last_verified, cluster_key) VALUES (10258, 10051, 'quirk', 'body-3', 'quote', 0.9, 1, 'test', '1', NULL, 'sh-51-3', 'active', '2026-01-01T00:00:00Z', '2026-01-01T00:00:00Z', '');
INSERT INTO tribal_evidence (id, fact_id, source_type, source_ref, author, authored_at, content_hash) VALUES (10258, 10258, 'inline_marker', 'pkg/saturated51/file.go', NULL, NULL, 'ev-51-3');
INSERT INTO tribal_facts (id, subject_id, kind, body, source_quote, confidence, corroboration, extractor, extractor_version, model, staleness_hash, status, created_at, last_verified, cluster_key) VALUES (10259, 10051, 'quirk', 'body-4', 'quote', 0.9, 1, 'test', '1', NULL, 'sh-51-4', 'active', '2026-01-01T00:00:00Z', '2026-01-01T00:00:00Z', '');
INSERT INTO tribal_evidence (id, fact_id, source_type, source_ref, author, authored_at, content_hash) VALUES (10259, 10259, 'inline_marker', 'pkg/saturated51/file.go', NULL, NULL, 'ev-51-4');
INSERT INTO symbols (id, repo, import_path, symbol_name, language, kind, visibility, display_name, scip_symbol) VALUES (10052, 'bench-repo', 'pkg/saturated52/file.go', 'sat_sym_52', 'go', 'func', 'public', NULL, NULL);
INSERT INTO tribal_facts (id, subject_id, kind, body, source_quote, confidence, corroboration, extractor, extractor_version, model, staleness_hash, status, created_at, last_verified, cluster_key) VALUES (10260, 10052, 'quirk', 'body-0', 'quote', 0.9, 1, 'test', '1', NULL, 'sh-52-0', 'active', '2026-01-01T00:00:00Z', '2026-01-01T00:00:00Z', '');
INSERT INTO tribal_evidence (id, fact_id, source_type, source_ref, author, authored_at, content_hash) VALUES (10260, 10260, 'inline_marker', 'pkg/saturated52/file.go', NULL, NULL, 'ev-52-0');
INSERT INTO tribal_facts (id, subject_id, kind, body, source_quote, confidence, corroboration, extractor, extractor_version, model, staleness_hash, status, created_at, last_verified, cluster_key) VALUES (10261, 10052, 'quirk', 'body-1', 'quote', 0.9, 1, 'test', '1', NULL, 'sh-52-1', 'active', '2026-01-01T00:00:00Z', '2026-01-01T00:00:00Z', '');
INSERT INTO tribal_evidence (id, fact_id, source_type, source_ref, author, authored_at, content_hash) VALUES (10261, 10261, 'inline_marker', 'pkg/saturated52/file.go', NULL, NULL, 'ev-52-1');
INSERT INTO tribal_facts (id, subject_id, kind, body, source_quote, confidence, corroboration, extractor, extractor_version, model, staleness_hash, status, created_at, last_verified, cluster_key) VALUES (10262, 10052, 'quirk', 'body-2', 'quote', 0.9, 1, 'test', '1', NULL, 'sh-52-2', 'active', '2026-01-01T00:00:00Z', '2026-01-01T00:00:00Z', '');
INSERT INTO tribal_evidence (id, fact_id, source_type, source_ref, author, authored_at, content_hash) VALUES (10262, 10262, 'inline_marker', 'pkg/saturated52/file.go', NULL, NULL, 'ev-52-2');
INSERT INTO tribal_facts (id, subject_id, kind, body, source_quote, confidence, corroboration, extractor, extractor_version, model, staleness_hash, status, created_at, last_verified, cluster_key) VALUES (10263, 10052, 'quirk', 'body-3', 'quote', 0.9, 1, 'test', '1', NULL, 'sh-52-3', 'active', '2026-01-01T00:00:00Z', '2026-01-01T00:00:00Z', '');
INSERT INTO tribal_evidence (id, fact_id, source_type, source_ref, author, authored_at, content_hash) VALUES (10263, 10263, 'inline_marker', 'pkg/saturated52/file.go', NULL, NULL, 'ev-52-3');
INSERT INTO tribal_facts (id, subject_id, kind, body, source_quote, confidence, corroboration, extractor, extractor_version, model, staleness_hash, status, created_at, last_verified, cluster_key) VALUES (10264, 10052, 'quirk', 'body-4', 'quote', 0.9, 1, 'test', '1', NULL, 'sh-52-4', 'active', '2026-01-01T00:00:00Z', '2026-01-01T00:00:00Z', '');
INSERT INTO tribal_evidence (id, fact_id, source_type, source_ref, author, authored_at, content_hash) VALUES (10264, 10264, 'inline_marker', 'pkg/saturated52/file.go', NULL, NULL, 'ev-52-4');
INSERT INTO symbols (id, repo, import_path, symbol_name, language, kind, visibility, display_name, scip_symbol) VALUES (10053, 'bench-repo', 'pkg/saturated53/file.go', 'sat_sym_53', 'go', 'func', 'public', NULL, NULL);
INSERT INTO tribal_facts (id, subject_id, kind, body, source_quote, confidence, corroboration, extractor, extractor_version, model, staleness_hash, status, created_at, last_verified, cluster_key) VALUES (10265, 10053, 'quirk', 'body-0', 'quote', 0.9, 1, 'test', '1', NULL, 'sh-53-0', 'active', '2026-01-01T00:00:00Z', '2026-01-01T00:00:00Z', '');
INSERT INTO tribal_evidence (id, fact_id, source_type, source_ref, author, authored_at, content_hash) VALUES (10265, 10265, 'inline_marker', 'pkg/saturated53/file.go', NULL, NULL, 'ev-53-0');
INSERT INTO tribal_facts (id, subject_id, kind, body, source_quote, confidence, corroboration, extractor, extractor_version, model, staleness_hash, status, created_at, last_verified, cluster_key) VALUES (10266, 10053, 'quirk', 'body-1', 'quote', 0.9, 1, 'test', '1', NULL, 'sh-53-1', 'active', '2026-01-01T00:00:00Z', '2026-01-01T00:00:00Z', '');
INSERT INTO tribal_evidence (id, fact_id, source_type, source_ref, author, authored_at, content_hash) VALUES (10266, 10266, 'inline_marker', 'pkg/saturated53/file.go', NULL, NULL, 'ev-53-1');
INSERT INTO tribal_facts (id, subject_id, kind, body, source_quote, confidence, corroboration, extractor, extractor_version, model, staleness_hash, status, created_at, last_verified, cluster_key) VALUES (10267, 10053, 'quirk', 'body-2', 'quote', 0.9, 1, 'test', '1', NULL, 'sh-53-2', 'active', '2026-01-01T00:00:00Z', '2026-01-01T00:00:00Z', '');
INSERT INTO tribal_evidence (id, fact_id, source_type, source_ref, author, authored_at, content_hash) VALUES (10267, 10267, 'inline_marker', 'pkg/saturated53/file.go', NULL, NULL, 'ev-53-2');
INSERT INTO tribal_facts (id, subject_id, kind, body, source_quote, confidence, corroboration, extractor, extractor_version, model, staleness_hash, status, created_at, last_verified, cluster_key) VALUES (10268, 10053, 'quirk', 'body-3', 'quote', 0.9, 1, 'test', '1', NULL, 'sh-53-3', 'active', '2026-01-01T00:00:00Z', '2026-01-01T00:00:00Z', '');
INSERT INTO tribal_evidence (id, fact_id, source_type, source_ref, author, authored_at, content_hash) VALUES (10268, 10268, 'inline_marker', 'pkg/saturated53/file.go', NULL, NULL, 'ev-53-3');
INSERT INTO tribal_facts (id, subject_id, kind, body, source_quote, confidence, corroboration, extractor, extractor_version, model, staleness_hash, status, created_at, last_verified, cluster_key) VALUES (10269, 10053, 'quirk', 'body-4', 'quote', 0.9, 1, 'test', '1', NULL, 'sh-53-4', 'active', '2026-01-01T00:00:00Z', '2026-01-01T00:00:00Z', '');
INSERT INTO tribal_evidence (id, fact_id, source_type, source_ref, author, authored_at, content_hash) VALUES (10269, 10269, 'inline_marker', 'pkg/saturated53/file.go', NULL, NULL, 'ev-53-4');
INSERT INTO symbols (id, repo, import_path, symbol_name, language, kind, visibility, display_name, scip_symbol) VALUES (10054, 'bench-repo', 'pkg/saturated54/file.go', 'sat_sym_54', 'go', 'func', 'public', NULL, NULL);
INSERT INTO tribal_facts (id, subject_id, kind, body, source_quote, confidence, corroboration, extractor, extractor_version, model, staleness_hash, status, created_at, last_verified, cluster_key) VALUES (10270, 10054, 'quirk', 'body-0', 'quote', 0.9, 1, 'test', '1', NULL, 'sh-54-0', 'active', '2026-01-01T00:00:00Z', '2026-01-01T00:00:00Z', '');
INSERT INTO tribal_evidence (id, fact_id, source_type, source_ref, author, authored_at, content_hash) VALUES (10270, 10270, 'inline_marker', 'pkg/saturated54/file.go', NULL, NULL, 'ev-54-0');
INSERT INTO tribal_facts (id, subject_id, kind, body, source_quote, confidence, corroboration, extractor, extractor_version, model, staleness_hash, status, created_at, last_verified, cluster_key) VALUES (10271, 10054, 'quirk', 'body-1', 'quote', 0.9, 1, 'test', '1', NULL, 'sh-54-1', 'active', '2026-01-01T00:00:00Z', '2026-01-01T00:00:00Z', '');
INSERT INTO tribal_evidence (id, fact_id, source_type, source_ref, author, authored_at, content_hash) VALUES (10271, 10271, 'inline_marker', 'pkg/saturated54/file.go', NULL, NULL, 'ev-54-1');
INSERT INTO tribal_facts (id, subject_id, kind, body, source_quote, confidence, corroboration, extractor, extractor_version, model, staleness_hash, status, created_at, last_verified, cluster_key) VALUES (10272, 10054, 'quirk', 'body-2', 'quote', 0.9, 1, 'test', '1', NULL, 'sh-54-2', 'active', '2026-01-01T00:00:00Z', '2026-01-01T00:00:00Z', '');
INSERT INTO tribal_evidence (id, fact_id, source_type, source_ref, author, authored_at, content_hash) VALUES (10272, 10272, 'inline_marker', 'pkg/saturated54/file.go', NULL, NULL, 'ev-54-2');
INSERT INTO tribal_facts (id, subject_id, kind, body, source_quote, confidence, corroboration, extractor, extractor_version, model, staleness_hash, status, created_at, last_verified, cluster_key) VALUES (10273, 10054, 'quirk', 'body-3', 'quote', 0.9, 1, 'test', '1', NULL, 'sh-54-3', 'active', '2026-01-01T00:00:00Z', '2026-01-01T00:00:00Z', '');
INSERT INTO tribal_evidence (id, fact_id, source_type, source_ref, author, authored_at, content_hash) VALUES (10273, 10273, 'inline_marker', 'pkg/saturated54/file.go', NULL, NULL, 'ev-54-3');
INSERT INTO tribal_facts (id, subject_id, kind, body, source_quote, confidence, corroboration, extractor, extractor_version, model, staleness_hash, status, created_at, last_verified, cluster_key) VALUES (10274, 10054, 'quirk', 'body-4', 'quote', 0.9, 1, 'test', '1', NULL, 'sh-54-4', 'active', '2026-01-01T00:00:00Z', '2026-01-01T00:00:00Z', '');
INSERT INTO tribal_evidence (id, fact_id, source_type, source_ref, author, authored_at, content_hash) VALUES (10274, 10274, 'inline_marker', 'pkg/saturated54/file.go', NULL, NULL, 'ev-54-4');
INSERT INTO symbols (id, repo, import_path, symbol_name, language, kind, visibility, display_name, scip_symbol) VALUES (10055, 'bench-repo', 'pkg/saturated55/file.go', 'sat_sym_55', 'go', 'func', 'public', NULL, NULL);
INSERT INTO tribal_facts (id, subject_id, kind, body, source_quote, confidence, corroboration, extractor, extractor_version, model, staleness_hash, status, created_at, last_verified, cluster_key) VALUES (10275, 10055, 'quirk', 'body-0', 'quote', 0.9, 1, 'test', '1', NULL, 'sh-55-0', 'active', '2026-01-01T00:00:00Z', '2026-01-01T00:00:00Z', '');
INSERT INTO tribal_evidence (id, fact_id, source_type, source_ref, author, authored_at, content_hash) VALUES (10275, 10275, 'inline_marker', 'pkg/saturated55/file.go', NULL, NULL, 'ev-55-0');
INSERT INTO tribal_facts (id, subject_id, kind, body, source_quote, confidence, corroboration, extractor, extractor_version, model, staleness_hash, status, created_at, last_verified, cluster_key) VALUES (10276, 10055, 'quirk', 'body-1', 'quote', 0.9, 1, 'test', '1', NULL, 'sh-55-1', 'active', '2026-01-01T00:00:00Z', '2026-01-01T00:00:00Z', '');
INSERT INTO tribal_evidence (id, fact_id, source_type, source_ref, author, authored_at, content_hash) VALUES (10276, 10276, 'inline_marker', 'pkg/saturated55/file.go', NULL, NULL, 'ev-55-1');
INSERT INTO tribal_facts (id, subject_id, kind, body, source_quote, confidence, corroboration, extractor, extractor_version, model, staleness_hash, status, created_at, last_verified, cluster_key) VALUES (10277, 10055, 'quirk', 'body-2', 'quote', 0.9, 1, 'test', '1', NULL, 'sh-55-2', 'active', '2026-01-01T00:00:00Z', '2026-01-01T00:00:00Z', '');
INSERT INTO tribal_evidence (id, fact_id, source_type, source_ref, author, authored_at, content_hash) VALUES (10277, 10277, 'inline_marker', 'pkg/saturated55/file.go', NULL, NULL, 'ev-55-2');
INSERT INTO tribal_facts (id, subject_id, kind, body, source_quote, confidence, corroboration, extractor, extractor_version, model, staleness_hash, status, created_at, last_verified, cluster_key) VALUES (10278, 10055, 'quirk', 'body-3', 'quote', 0.9, 1, 'test', '1', NULL, 'sh-55-3', 'active', '2026-01-01T00:00:00Z', '2026-01-01T00:00:00Z', '');
INSERT INTO tribal_evidence (id, fact_id, source_type, source_ref, author, authored_at, content_hash) VALUES (10278, 10278, 'inline_marker', 'pkg/saturated55/file.go', NULL, NULL, 'ev-55-3');
INSERT INTO tribal_facts (id, subject_id, kind, body, source_quote, confidence, corroboration, extractor, extractor_version, model, staleness_hash, status, created_at, last_verified, cluster_key) VALUES (10279, 10055, 'quirk', 'body-4', 'quote', 0.9, 1, 'test', '1', NULL, 'sh-55-4', 'active', '2026-01-01T00:00:00Z', '2026-01-01T00:00:00Z', '');
INSERT INTO tribal_evidence (id, fact_id, source_type, source_ref, author, authored_at, content_hash) VALUES (10279, 10279, 'inline_marker', 'pkg/saturated55/file.go', NULL, NULL, 'ev-55-4');
INSERT INTO symbols (id, repo, import_path, symbol_name, language, kind, visibility, display_name, scip_symbol) VALUES (10056, 'bench-repo', 'pkg/saturated56/file.go', 'sat_sym_56', 'go', 'func', 'public', NULL, NULL);
INSERT INTO tribal_facts (id, subject_id, kind, body, source_quote, confidence, corroboration, extractor, extractor_version, model, staleness_hash, status, created_at, last_verified, cluster_key) VALUES (10280, 10056, 'quirk', 'body-0', 'quote', 0.9, 1, 'test', '1', NULL, 'sh-56-0', 'active', '2026-01-01T00:00:00Z', '2026-01-01T00:00:00Z', '');
INSERT INTO tribal_evidence (id, fact_id, source_type, source_ref, author, authored_at, content_hash) VALUES (10280, 10280, 'inline_marker', 'pkg/saturated56/file.go', NULL, NULL, 'ev-56-0');
INSERT INTO tribal_facts (id, subject_id, kind, body, source_quote, confidence, corroboration, extractor, extractor_version, model, staleness_hash, status, created_at, last_verified, cluster_key) VALUES (10281, 10056, 'quirk', 'body-1', 'quote', 0.9, 1, 'test', '1', NULL, 'sh-56-1', 'active', '2026-01-01T00:00:00Z', '2026-01-01T00:00:00Z', '');
INSERT INTO tribal_evidence (id, fact_id, source_type, source_ref, author, authored_at, content_hash) VALUES (10281, 10281, 'inline_marker', 'pkg/saturated56/file.go', NULL, NULL, 'ev-56-1');
INSERT INTO tribal_facts (id, subject_id, kind, body, source_quote, confidence, corroboration, extractor, extractor_version, model, staleness_hash, status, created_at, last_verified, cluster_key) VALUES (10282, 10056, 'quirk', 'body-2', 'quote', 0.9, 1, 'test', '1', NULL, 'sh-56-2', 'active', '2026-01-01T00:00:00Z', '2026-01-01T00:00:00Z', '');
INSERT INTO tribal_evidence (id, fact_id, source_type, source_ref, author, authored_at, content_hash) VALUES (10282, 10282, 'inline_marker', 'pkg/saturated56/file.go', NULL, NULL, 'ev-56-2');
INSERT INTO tribal_facts (id, subject_id, kind, body, source_quote, confidence, corroboration, extractor, extractor_version, model, staleness_hash, status, created_at, last_verified, cluster_key) VALUES (10283, 10056, 'quirk', 'body-3', 'quote', 0.9, 1, 'test', '1', NULL, 'sh-56-3', 'active', '2026-01-01T00:00:00Z', '2026-01-01T00:00:00Z', '');
INSERT INTO tribal_evidence (id, fact_id, source_type, source_ref, author, authored_at, content_hash) VALUES (10283, 10283, 'inline_marker', 'pkg/saturated56/file.go', NULL, NULL, 'ev-56-3');
INSERT INTO tribal_facts (id, subject_id, kind, body, source_quote, confidence, corroboration, extractor, extractor_version, model, staleness_hash, status, created_at, last_verified, cluster_key) VALUES (10284, 10056, 'quirk', 'body-4', 'quote', 0.9, 1, 'test', '1', NULL, 'sh-56-4', 'active', '2026-01-01T00:00:00Z', '2026-01-01T00:00:00Z', '');
INSERT INTO tribal_evidence (id, fact_id, source_type, source_ref, author, authored_at, content_hash) VALUES (10284, 10284, 'inline_marker', 'pkg/saturated56/file.go', NULL, NULL, 'ev-56-4');
INSERT INTO symbols (id, repo, import_path, symbol_name, language, kind, visibility, display_name, scip_symbol) VALUES (10057, 'bench-repo', 'pkg/saturated57/file.go', 'sat_sym_57', 'go', 'func', 'public', NULL, NULL);
INSERT INTO tribal_facts (id, subject_id, kind, body, source_quote, confidence, corroboration, extractor, extractor_version, model, staleness_hash, status, created_at, last_verified, cluster_key) VALUES (10285, 10057, 'quirk', 'body-0', 'quote', 0.9, 1, 'test', '1', NULL, 'sh-57-0', 'active', '2026-01-01T00:00:00Z', '2026-01-01T00:00:00Z', '');
INSERT INTO tribal_evidence (id, fact_id, source_type, source_ref, author, authored_at, content_hash) VALUES (10285, 10285, 'inline_marker', 'pkg/saturated57/file.go', NULL, NULL, 'ev-57-0');
INSERT INTO tribal_facts (id, subject_id, kind, body, source_quote, confidence, corroboration, extractor, extractor_version, model, staleness_hash, status, created_at, last_verified, cluster_key) VALUES (10286, 10057, 'quirk', 'body-1', 'quote', 0.9, 1, 'test', '1', NULL, 'sh-57-1', 'active', '2026-01-01T00:00:00Z', '2026-01-01T00:00:00Z', '');
INSERT INTO tribal_evidence (id, fact_id, source_type, source_ref, author, authored_at, content_hash) VALUES (10286, 10286, 'inline_marker', 'pkg/saturated57/file.go', NULL, NULL, 'ev-57-1');
INSERT INTO tribal_facts (id, subject_id, kind, body, source_quote, confidence, corroboration, extractor, extractor_version, model, staleness_hash, status, created_at, last_verified, cluster_key) VALUES (10287, 10057, 'quirk', 'body-2', 'quote', 0.9, 1, 'test', '1', NULL, 'sh-57-2', 'active', '2026-01-01T00:00:00Z', '2026-01-01T00:00:00Z', '');
INSERT INTO tribal_evidence (id, fact_id, source_type, source_ref, author, authored_at, content_hash) VALUES (10287, 10287, 'inline_marker', 'pkg/saturated57/file.go', NULL, NULL, 'ev-57-2');
INSERT INTO tribal_facts (id, subject_id, kind, body, source_quote, confidence, corroboration, extractor, extractor_version, model, staleness_hash, status, created_at, last_verified, cluster_key) VALUES (10288, 10057, 'quirk', 'body-3', 'quote', 0.9, 1, 'test', '1', NULL, 'sh-57-3', 'active', '2026-01-01T00:00:00Z', '2026-01-01T00:00:00Z', '');
INSERT INTO tribal_evidence (id, fact_id, source_type, source_ref, author, authored_at, content_hash) VALUES (10288, 10288, 'inline_marker', 'pkg/saturated57/file.go', NULL, NULL, 'ev-57-3');
INSERT INTO tribal_facts (id, subject_id, kind, body, source_quote, confidence, corroboration, extractor, extractor_version, model, staleness_hash, status, created_at, last_verified, cluster_key) VALUES (10289, 10057, 'quirk', 'body-4', 'quote', 0.9, 1, 'test', '1', NULL, 'sh-57-4', 'active', '2026-01-01T00:00:00Z', '2026-01-01T00:00:00Z', '');
INSERT INTO tribal_evidence (id, fact_id, source_type, source_ref, author, authored_at, content_hash) VALUES (10289, 10289, 'inline_marker', 'pkg/saturated57/file.go', NULL, NULL, 'ev-57-4');
INSERT INTO symbols (id, repo, import_path, symbol_name, language, kind, visibility, display_name, scip_symbol) VALUES (10058, 'bench-repo', 'pkg/saturated58/file.go', 'sat_sym_58', 'go', 'func', 'public', NULL, NULL);
INSERT INTO tribal_facts (id, subject_id, kind, body, source_quote, confidence, corroboration, extractor, extractor_version, model, staleness_hash, status, created_at, last_verified, cluster_key) VALUES (10290, 10058, 'quirk', 'body-0', 'quote', 0.9, 1, 'test', '1', NULL, 'sh-58-0', 'active', '2026-01-01T00:00:00Z', '2026-01-01T00:00:00Z', '');
INSERT INTO tribal_evidence (id, fact_id, source_type, source_ref, author, authored_at, content_hash) VALUES (10290, 10290, 'inline_marker', 'pkg/saturated58/file.go', NULL, NULL, 'ev-58-0');
INSERT INTO tribal_facts (id, subject_id, kind, body, source_quote, confidence, corroboration, extractor, extractor_version, model, staleness_hash, status, created_at, last_verified, cluster_key) VALUES (10291, 10058, 'quirk', 'body-1', 'quote', 0.9, 1, 'test', '1', NULL, 'sh-58-1', 'active', '2026-01-01T00:00:00Z', '2026-01-01T00:00:00Z', '');
INSERT INTO tribal_evidence (id, fact_id, source_type, source_ref, author, authored_at, content_hash) VALUES (10291, 10291, 'inline_marker', 'pkg/saturated58/file.go', NULL, NULL, 'ev-58-1');
INSERT INTO tribal_facts (id, subject_id, kind, body, source_quote, confidence, corroboration, extractor, extractor_version, model, staleness_hash, status, created_at, last_verified, cluster_key) VALUES (10292, 10058, 'quirk', 'body-2', 'quote', 0.9, 1, 'test', '1', NULL, 'sh-58-2', 'active', '2026-01-01T00:00:00Z', '2026-01-01T00:00:00Z', '');
INSERT INTO tribal_evidence (id, fact_id, source_type, source_ref, author, authored_at, content_hash) VALUES (10292, 10292, 'inline_marker', 'pkg/saturated58/file.go', NULL, NULL, 'ev-58-2');
INSERT INTO tribal_facts (id, subject_id, kind, body, source_quote, confidence, corroboration, extractor, extractor_version, model, staleness_hash, status, created_at, last_verified, cluster_key) VALUES (10293, 10058, 'quirk', 'body-3', 'quote', 0.9, 1, 'test', '1', NULL, 'sh-58-3', 'active', '2026-01-01T00:00:00Z', '2026-01-01T00:00:00Z', '');
INSERT INTO tribal_evidence (id, fact_id, source_type, source_ref, author, authored_at, content_hash) VALUES (10293, 10293, 'inline_marker', 'pkg/saturated58/file.go', NULL, NULL, 'ev-58-3');
INSERT INTO tribal_facts (id, subject_id, kind, body, source_quote, confidence, corroboration, extractor, extractor_version, model, staleness_hash, status, created_at, last_verified, cluster_key) VALUES (10294, 10058, 'quirk', 'body-4', 'quote', 0.9, 1, 'test', '1', NULL, 'sh-58-4', 'active', '2026-01-01T00:00:00Z', '2026-01-01T00:00:00Z', '');
INSERT INTO tribal_evidence (id, fact_id, source_type, source_ref, author, authored_at, content_hash) VALUES (10294, 10294, 'inline_marker', 'pkg/saturated58/file.go', NULL, NULL, 'ev-58-4');
INSERT INTO symbols (id, repo, import_path, symbol_name, language, kind, visibility, display_name, scip_symbol) VALUES (10059, 'bench-repo', 'pkg/saturated59/file.go', 'sat_sym_59', 'go', 'func', 'public', NULL, NULL);
INSERT INTO tribal_facts (id, subject_id, kind, body, source_quote, confidence, corroboration, extractor, extractor_version, model, staleness_hash, status, created_at, last_verified, cluster_key) VALUES (10295, 10059, 'quirk', 'body-0', 'quote', 0.9, 1, 'test', '1', NULL, 'sh-59-0', 'active', '2026-01-01T00:00:00Z', '2026-01-01T00:00:00Z', '');
INSERT INTO tribal_evidence (id, fact_id, source_type, source_ref, author, authored_at, content_hash) VALUES (10295, 10295, 'inline_marker', 'pkg/saturated59/file.go', NULL, NULL, 'ev-59-0');
INSERT INTO tribal_facts (id, subject_id, kind, body, source_quote, confidence, corroboration, extractor, extractor_version, model, staleness_hash, status, created_at, last_verified, cluster_key) VALUES (10296, 10059, 'quirk', 'body-1', 'quote', 0.9, 1, 'test', '1', NULL, 'sh-59-1', 'active', '2026-01-01T00:00:00Z', '2026-01-01T00:00:00Z', '');
INSERT INTO tribal_evidence (id, fact_id, source_type, source_ref, author, authored_at, content_hash) VALUES (10296, 10296, 'inline_marker', 'pkg/saturated59/file.go', NULL, NULL, 'ev-59-1');
INSERT INTO tribal_facts (id, subject_id, kind, body, source_quote, confidence, corroboration, extractor, extractor_version, model, staleness_hash, status, created_at, last_verified, cluster_key) VALUES (10297, 10059, 'quirk', 'body-2', 'quote', 0.9, 1, 'test', '1', NULL, 'sh-59-2', 'active', '2026-01-01T00:00:00Z', '2026-01-01T00:00:00Z', '');
INSERT INTO tribal_evidence (id, fact_id, source_type, source_ref, author, authored_at, content_hash) VALUES (10297, 10297, 'inline_marker', 'pkg/saturated59/file.go', NULL, NULL, 'ev-59-2');
INSERT INTO tribal_facts (id, subject_id, kind, body, source_quote, confidence, corroboration, extractor, extractor_version, model, staleness_hash, status, created_at, last_verified, cluster_key) VALUES (10298, 10059, 'quirk', 'body-3', 'quote', 0.9, 1, 'test', '1', NULL, 'sh-59-3', 'active', '2026-01-01T00:00:00Z', '2026-01-01T00:00:00Z', '');
INSERT INTO tribal_evidence (id, fact_id, source_type, source_ref, author, authored_at, content_hash) VALUES (10298, 10298, 'inline_marker', 'pkg/saturated59/file.go', NULL, NULL, 'ev-59-3');
INSERT INTO tribal_facts (id, subject_id, kind, body, source_quote, confidence, corroboration, extractor, extractor_version, model, staleness_hash, status, created_at, last_verified, cluster_key) VALUES (10299, 10059, 'quirk', 'body-4', 'quote', 0.9, 1, 'test', '1', NULL, 'sh-59-4', 'active', '2026-01-01T00:00:00Z', '2026-01-01T00:00:00Z', '');
INSERT INTO tribal_evidence (id, fact_id, source_type, source_ref, author, authored_at, content_hash) VALUES (10299, 10299, 'inline_marker', 'pkg/saturated59/file.go', NULL, NULL, 'ev-59-4');
INSERT INTO symbols (id, repo, import_path, symbol_name, language, kind, visibility, display_name, scip_symbol) VALUES (10060, 'bench-repo', 'pkg/saturated60/file.go', 'sat_sym_60', 'go', 'func', 'public', NULL, NULL);
INSERT INTO tribal_facts (id, subject_id, kind, body, source_quote, confidence, corroboration, extractor, extractor_version, model, staleness_hash, status, created_at, last_verified, cluster_key) VALUES (10300, 10060, 'quirk', 'body-0', 'quote', 0.9, 1, 'test', '1', NULL, 'sh-60-0', 'active', '2026-01-01T00:00:00Z', '2026-01-01T00:00:00Z', '');
INSERT INTO tribal_evidence (id, fact_id, source_type, source_ref, author, authored_at, content_hash) VALUES (10300, 10300, 'inline_marker', 'pkg/saturated60/file.go', NULL, NULL, 'ev-60-0');
INSERT INTO tribal_facts (id, subject_id, kind, body, source_quote, confidence, corroboration, extractor, extractor_version, model, staleness_hash, status, created_at, last_verified, cluster_key) VALUES (10301, 10060, 'quirk', 'body-1', 'quote', 0.9, 1, 'test', '1', NULL, 'sh-60-1', 'active', '2026-01-01T00:00:00Z', '2026-01-01T00:00:00Z', '');
INSERT INTO tribal_evidence (id, fact_id, source_type, source_ref, author, authored_at, content_hash) VALUES (10301, 10301, 'inline_marker', 'pkg/saturated60/file.go', NULL, NULL, 'ev-60-1');
INSERT INTO tribal_facts (id, subject_id, kind, body, source_quote, confidence, corroboration, extractor, extractor_version, model, staleness_hash, status, created_at, last_verified, cluster_key) VALUES (10302, 10060, 'quirk', 'body-2', 'quote', 0.9, 1, 'test', '1', NULL, 'sh-60-2', 'active', '2026-01-01T00:00:00Z', '2026-01-01T00:00:00Z', '');
INSERT INTO tribal_evidence (id, fact_id, source_type, source_ref, author, authored_at, content_hash) VALUES (10302, 10302, 'inline_marker', 'pkg/saturated60/file.go', NULL, NULL, 'ev-60-2');
INSERT INTO tribal_facts (id, subject_id, kind, body, source_quote, confidence, corroboration, extractor, extractor_version, model, staleness_hash, status, created_at, last_verified, cluster_key) VALUES (10303, 10060, 'quirk', 'body-3', 'quote', 0.9, 1, 'test', '1', NULL, 'sh-60-3', 'active', '2026-01-01T00:00:00Z', '2026-01-01T00:00:00Z', '');
INSERT INTO tribal_evidence (id, fact_id, source_type, source_ref, author, authored_at, content_hash) VALUES (10303, 10303, 'inline_marker', 'pkg/saturated60/file.go', NULL, NULL, 'ev-60-3');
INSERT INTO tribal_facts (id, subject_id, kind, body, source_quote, confidence, corroboration, extractor, extractor_version, model, staleness_hash, status, created_at, last_verified, cluster_key) VALUES (10304, 10060, 'quirk', 'body-4', 'quote', 0.9, 1, 'test', '1', NULL, 'sh-60-4', 'active', '2026-01-01T00:00:00Z', '2026-01-01T00:00:00Z', '');
INSERT INTO tribal_evidence (id, fact_id, source_type, source_ref, author, authored_at, content_hash) VALUES (10304, 10304, 'inline_marker', 'pkg/saturated60/file.go', NULL, NULL, 'ev-60-4');
INSERT INTO symbols (id, repo, import_path, symbol_name, language, kind, visibility, display_name, scip_symbol) VALUES (10061, 'bench-repo', 'pkg/saturated61/file.go', 'sat_sym_61', 'go', 'func', 'public', NULL, NULL);
INSERT INTO tribal_facts (id, subject_id, kind, body, source_quote, confidence, corroboration, extractor, extractor_version, model, staleness_hash, status, created_at, last_verified, cluster_key) VALUES (10305, 10061, 'quirk', 'body-0', 'quote', 0.9, 1, 'test', '1', NULL, 'sh-61-0', 'active', '2026-01-01T00:00:00Z', '2026-01-01T00:00:00Z', '');
INSERT INTO tribal_evidence (id, fact_id, source_type, source_ref, author, authored_at, content_hash) VALUES (10305, 10305, 'inline_marker', 'pkg/saturated61/file.go', NULL, NULL, 'ev-61-0');
INSERT INTO tribal_facts (id, subject_id, kind, body, source_quote, confidence, corroboration, extractor, extractor_version, model, staleness_hash, status, created_at, last_verified, cluster_key) VALUES (10306, 10061, 'quirk', 'body-1', 'quote', 0.9, 1, 'test', '1', NULL, 'sh-61-1', 'active', '2026-01-01T00:00:00Z', '2026-01-01T00:00:00Z', '');
INSERT INTO tribal_evidence (id, fact_id, source_type, source_ref, author, authored_at, content_hash) VALUES (10306, 10306, 'inline_marker', 'pkg/saturated61/file.go', NULL, NULL, 'ev-61-1');
INSERT INTO tribal_facts (id, subject_id, kind, body, source_quote, confidence, corroboration, extractor, extractor_version, model, staleness_hash, status, created_at, last_verified, cluster_key) VALUES (10307, 10061, 'quirk', 'body-2', 'quote', 0.9, 1, 'test', '1', NULL, 'sh-61-2', 'active', '2026-01-01T00:00:00Z', '2026-01-01T00:00:00Z', '');
INSERT INTO tribal_evidence (id, fact_id, source_type, source_ref, author, authored_at, content_hash) VALUES (10307, 10307, 'inline_marker', 'pkg/saturated61/file.go', NULL, NULL, 'ev-61-2');
INSERT INTO tribal_facts (id, subject_id, kind, body, source_quote, confidence, corroboration, extractor, extractor_version, model, staleness_hash, status, created_at, last_verified, cluster_key) VALUES (10308, 10061, 'quirk', 'body-3', 'quote', 0.9, 1, 'test', '1', NULL, 'sh-61-3', 'active', '2026-01-01T00:00:00Z', '2026-01-01T00:00:00Z', '');
INSERT INTO tribal_evidence (id, fact_id, source_type, source_ref, author, authored_at, content_hash) VALUES (10308, 10308, 'inline_marker', 'pkg/saturated61/file.go', NULL, NULL, 'ev-61-3');
INSERT INTO tribal_facts (id, subject_id, kind, body, source_quote, confidence, corroboration, extractor, extractor_version, model, staleness_hash, status, created_at, last_verified, cluster_key) VALUES (10309, 10061, 'quirk', 'body-4', 'quote', 0.9, 1, 'test', '1', NULL, 'sh-61-4', 'active', '2026-01-01T00:00:00Z', '2026-01-01T00:00:00Z', '');
INSERT INTO tribal_evidence (id, fact_id, source_type, source_ref, author, authored_at, content_hash) VALUES (10309, 10309, 'inline_marker', 'pkg/saturated61/file.go', NULL, NULL, 'ev-61-4');
INSERT INTO symbols (id, repo, import_path, symbol_name, language, kind, visibility, display_name, scip_symbol) VALUES (10062, 'bench-repo', 'pkg/saturated62/file.go', 'sat_sym_62', 'go', 'func', 'public', NULL, NULL);
INSERT INTO tribal_facts (id, subject_id, kind, body, source_quote, confidence, corroboration, extractor, extractor_version, model, staleness_hash, status, created_at, last_verified, cluster_key) VALUES (10310, 10062, 'quirk', 'body-0', 'quote', 0.9, 1, 'test', '1', NULL, 'sh-62-0', 'active', '2026-01-01T00:00:00Z', '2026-01-01T00:00:00Z', '');
INSERT INTO tribal_evidence (id, fact_id, source_type, source_ref, author, authored_at, content_hash) VALUES (10310, 10310, 'inline_marker', 'pkg/saturated62/file.go', NULL, NULL, 'ev-62-0');
INSERT INTO tribal_facts (id, subject_id, kind, body, source_quote, confidence, corroboration, extractor, extractor_version, model, staleness_hash, status, created_at, last_verified, cluster_key) VALUES (10311, 10062, 'quirk', 'body-1', 'quote', 0.9, 1, 'test', '1', NULL, 'sh-62-1', 'active', '2026-01-01T00:00:00Z', '2026-01-01T00:00:00Z', '');
INSERT INTO tribal_evidence (id, fact_id, source_type, source_ref, author, authored_at, content_hash) VALUES (10311, 10311, 'inline_marker', 'pkg/saturated62/file.go', NULL, NULL, 'ev-62-1');
INSERT INTO tribal_facts (id, subject_id, kind, body, source_quote, confidence, corroboration, extractor, extractor_version, model, staleness_hash, status, created_at, last_verified, cluster_key) VALUES (10312, 10062, 'quirk', 'body-2', 'quote', 0.9, 1, 'test', '1', NULL, 'sh-62-2', 'active', '2026-01-01T00:00:00Z', '2026-01-01T00:00:00Z', '');
INSERT INTO tribal_evidence (id, fact_id, source_type, source_ref, author, authored_at, content_hash) VALUES (10312, 10312, 'inline_marker', 'pkg/saturated62/file.go', NULL, NULL, 'ev-62-2');
INSERT INTO tribal_facts (id, subject_id, kind, body, source_quote, confidence, corroboration, extractor, extractor_version, model, staleness_hash, status, created_at, last_verified, cluster_key) VALUES (10313, 10062, 'quirk', 'body-3', 'quote', 0.9, 1, 'test', '1', NULL, 'sh-62-3', 'active', '2026-01-01T00:00:00Z', '2026-01-01T00:00:00Z', '');
INSERT INTO tribal_evidence (id, fact_id, source_type, source_ref, author, authored_at, content_hash) VALUES (10313, 10313, 'inline_marker', 'pkg/saturated62/file.go', NULL, NULL, 'ev-62-3');
INSERT INTO tribal_facts (id, subject_id, kind, body, source_quote, confidence, corroboration, extractor, extractor_version, model, staleness_hash, status, created_at, last_verified, cluster_key) VALUES (10314, 10062, 'quirk', 'body-4', 'quote', 0.9, 1, 'test', '1', NULL, 'sh-62-4', 'active', '2026-01-01T00:00:00Z', '2026-01-01T00:00:00Z', '');
INSERT INTO tribal_evidence (id, fact_id, source_type, source_ref, author, authored_at, content_hash) VALUES (10314, 10314, 'inline_marker', 'pkg/saturated62/file.go', NULL, NULL, 'ev-62-4');
INSERT INTO symbols (id, repo, import_path, symbol_name, language, kind, visibility, display_name, scip_symbol) VALUES (10063, 'bench-repo', 'pkg/saturated63/file.go', 'sat_sym_63', 'go', 'func', 'public', NULL, NULL);
INSERT INTO tribal_facts (id, subject_id, kind, body, source_quote, confidence, corroboration, extractor, extractor_version, model, staleness_hash, status, created_at, last_verified, cluster_key) VALUES (10315, 10063, 'quirk', 'body-0', 'quote', 0.9, 1, 'test', '1', NULL, 'sh-63-0', 'active', '2026-01-01T00:00:00Z', '2026-01-01T00:00:00Z', '');
INSERT INTO tribal_evidence (id, fact_id, source_type, source_ref, author, authored_at, content_hash) VALUES (10315, 10315, 'inline_marker', 'pkg/saturated63/file.go', NULL, NULL, 'ev-63-0');
INSERT INTO tribal_facts (id, subject_id, kind, body, source_quote, confidence, corroboration, extractor, extractor_version, model, staleness_hash, status, created_at, last_verified, cluster_key) VALUES (10316, 10063, 'quirk', 'body-1', 'quote', 0.9, 1, 'test', '1', NULL, 'sh-63-1', 'active', '2026-01-01T00:00:00Z', '2026-01-01T00:00:00Z', '');
INSERT INTO tribal_evidence (id, fact_id, source_type, source_ref, author, authored_at, content_hash) VALUES (10316, 10316, 'inline_marker', 'pkg/saturated63/file.go', NULL, NULL, 'ev-63-1');
INSERT INTO tribal_facts (id, subject_id, kind, body, source_quote, confidence, corroboration, extractor, extractor_version, model, staleness_hash, status, created_at, last_verified, cluster_key) VALUES (10317, 10063, 'quirk', 'body-2', 'quote', 0.9, 1, 'test', '1', NULL, 'sh-63-2', 'active', '2026-01-01T00:00:00Z', '2026-01-01T00:00:00Z', '');
INSERT INTO tribal_evidence (id, fact_id, source_type, source_ref, author, authored_at, content_hash) VALUES (10317, 10317, 'inline_marker', 'pkg/saturated63/file.go', NULL, NULL, 'ev-63-2');
INSERT INTO tribal_facts (id, subject_id, kind, body, source_quote, confidence, corroboration, extractor, extractor_version, model, staleness_hash, status, created_at, last_verified, cluster_key) VALUES (10318, 10063, 'quirk', 'body-3', 'quote', 0.9, 1, 'test', '1', NULL, 'sh-63-3', 'active', '2026-01-01T00:00:00Z', '2026-01-01T00:00:00Z', '');
INSERT INTO tribal_evidence (id, fact_id, source_type, source_ref, author, authored_at, content_hash) VALUES (10318, 10318, 'inline_marker', 'pkg/saturated63/file.go', NULL, NULL, 'ev-63-3');
INSERT INTO tribal_facts (id, subject_id, kind, body, source_quote, confidence, corroboration, extractor, extractor_version, model, staleness_hash, status, created_at, last_verified, cluster_key) VALUES (10319, 10063, 'quirk', 'body-4', 'quote', 0.9, 1, 'test', '1', NULL, 'sh-63-4', 'active', '2026-01-01T00:00:00Z', '2026-01-01T00:00:00Z', '');
INSERT INTO tribal_evidence (id, fact_id, source_type, source_ref, author, authored_at, content_hash) VALUES (10319, 10319, 'inline_marker', 'pkg/saturated63/file.go', NULL, NULL, 'ev-63-4');
INSERT INTO symbols (id, repo, import_path, symbol_name, language, kind, visibility, display_name, scip_symbol) VALUES (10064, 'bench-repo', 'pkg/saturated64/file.go', 'sat_sym_64', 'go', 'func', 'public', NULL, NULL);
INSERT INTO tribal_facts (id, subject_id, kind, body, source_quote, confidence, corroboration, extractor, extractor_version, model, staleness_hash, status, created_at, last_verified, cluster_key) VALUES (10320, 10064, 'quirk', 'body-0', 'quote', 0.9, 1, 'test', '1', NULL, 'sh-64-0', 'active', '2026-01-01T00:00:00Z', '2026-01-01T00:00:00Z', '');
INSERT INTO tribal_evidence (id, fact_id, source_type, source_ref, author, authored_at, content_hash) VALUES (10320, 10320, 'inline_marker', 'pkg/saturated64/file.go', NULL, NULL, 'ev-64-0');
INSERT INTO tribal_facts (id, subject_id, kind, body, source_quote, confidence, corroboration, extractor, extractor_version, model, staleness_hash, status, created_at, last_verified, cluster_key) VALUES (10321, 10064, 'quirk', 'body-1', 'quote', 0.9, 1, 'test', '1', NULL, 'sh-64-1', 'active', '2026-01-01T00:00:00Z', '2026-01-01T00:00:00Z', '');
INSERT INTO tribal_evidence (id, fact_id, source_type, source_ref, author, authored_at, content_hash) VALUES (10321, 10321, 'inline_marker', 'pkg/saturated64/file.go', NULL, NULL, 'ev-64-1');
INSERT INTO tribal_facts (id, subject_id, kind, body, source_quote, confidence, corroboration, extractor, extractor_version, model, staleness_hash, status, created_at, last_verified, cluster_key) VALUES (10322, 10064, 'quirk', 'body-2', 'quote', 0.9, 1, 'test', '1', NULL, 'sh-64-2', 'active', '2026-01-01T00:00:00Z', '2026-01-01T00:00:00Z', '');
INSERT INTO tribal_evidence (id, fact_id, source_type, source_ref, author, authored_at, content_hash) VALUES (10322, 10322, 'inline_marker', 'pkg/saturated64/file.go', NULL, NULL, 'ev-64-2');
INSERT INTO tribal_facts (id, subject_id, kind, body, source_quote, confidence, corroboration, extractor, extractor_version, model, staleness_hash, status, created_at, last_verified, cluster_key) VALUES (10323, 10064, 'quirk', 'body-3', 'quote', 0.9, 1, 'test', '1', NULL, 'sh-64-3', 'active', '2026-01-01T00:00:00Z', '2026-01-01T00:00:00Z', '');
INSERT INTO tribal_evidence (id, fact_id, source_type, source_ref, author, authored_at, content_hash) VALUES (10323, 10323, 'inline_marker', 'pkg/saturated64/file.go', NULL, NULL, 'ev-64-3');
INSERT INTO tribal_facts (id, subject_id, kind, body, source_quote, confidence, corroboration, extractor, extractor_version, model, staleness_hash, status, created_at, last_verified, cluster_key) VALUES (10324, 10064, 'quirk', 'body-4', 'quote', 0.9, 1, 'test', '1', NULL, 'sh-64-4', 'active', '2026-01-01T00:00:00Z', '2026-01-01T00:00:00Z', '');
INSERT INTO tribal_evidence (id, fact_id, source_type, source_ref, author, authored_at, content_hash) VALUES (10324, 10324, 'inline_marker', 'pkg/saturated64/file.go', NULL, NULL, 'ev-64-4');
INSERT INTO symbols (id, repo, import_path, symbol_name, language, kind, visibility, display_name, scip_symbol) VALUES (10065, 'bench-repo', 'pkg/saturated65/file.go', 'sat_sym_65', 'go', 'func', 'public', NULL, NULL);
INSERT INTO tribal_facts (id, subject_id, kind, body, source_quote, confidence, corroboration, extractor, extractor_version, model, staleness_hash, status, created_at, last_verified, cluster_key) VALUES (10325, 10065, 'quirk', 'body-0', 'quote', 0.9, 1, 'test', '1', NULL, 'sh-65-0', 'active', '2026-01-01T00:00:00Z', '2026-01-01T00:00:00Z', '');
INSERT INTO tribal_evidence (id, fact_id, source_type, source_ref, author, authored_at, content_hash) VALUES (10325, 10325, 'inline_marker', 'pkg/saturated65/file.go', NULL, NULL, 'ev-65-0');
INSERT INTO tribal_facts (id, subject_id, kind, body, source_quote, confidence, corroboration, extractor, extractor_version, model, staleness_hash, status, created_at, last_verified, cluster_key) VALUES (10326, 10065, 'quirk', 'body-1', 'quote', 0.9, 1, 'test', '1', NULL, 'sh-65-1', 'active', '2026-01-01T00:00:00Z', '2026-01-01T00:00:00Z', '');
INSERT INTO tribal_evidence (id, fact_id, source_type, source_ref, author, authored_at, content_hash) VALUES (10326, 10326, 'inline_marker', 'pkg/saturated65/file.go', NULL, NULL, 'ev-65-1');
INSERT INTO tribal_facts (id, subject_id, kind, body, source_quote, confidence, corroboration, extractor, extractor_version, model, staleness_hash, status, created_at, last_verified, cluster_key) VALUES (10327, 10065, 'quirk', 'body-2', 'quote', 0.9, 1, 'test', '1', NULL, 'sh-65-2', 'active', '2026-01-01T00:00:00Z', '2026-01-01T00:00:00Z', '');
INSERT INTO tribal_evidence (id, fact_id, source_type, source_ref, author, authored_at, content_hash) VALUES (10327, 10327, 'inline_marker', 'pkg/saturated65/file.go', NULL, NULL, 'ev-65-2');
INSERT INTO tribal_facts (id, subject_id, kind, body, source_quote, confidence, corroboration, extractor, extractor_version, model, staleness_hash, status, created_at, last_verified, cluster_key) VALUES (10328, 10065, 'quirk', 'body-3', 'quote', 0.9, 1, 'test', '1', NULL, 'sh-65-3', 'active', '2026-01-01T00:00:00Z', '2026-01-01T00:00:00Z', '');
INSERT INTO tribal_evidence (id, fact_id, source_type, source_ref, author, authored_at, content_hash) VALUES (10328, 10328, 'inline_marker', 'pkg/saturated65/file.go', NULL, NULL, 'ev-65-3');
INSERT INTO tribal_facts (id, subject_id, kind, body, source_quote, confidence, corroboration, extractor, extractor_version, model, staleness_hash, status, created_at, last_verified, cluster_key) VALUES (10329, 10065, 'quirk', 'body-4', 'quote', 0.9, 1, 'test', '1', NULL, 'sh-65-4', 'active', '2026-01-01T00:00:00Z', '2026-01-01T00:00:00Z', '');
INSERT INTO tribal_evidence (id, fact_id, source_type, source_ref, author, authored_at, content_hash) VALUES (10329, 10329, 'inline_marker', 'pkg/saturated65/file.go', NULL, NULL, 'ev-65-4');
INSERT INTO symbols (id, repo, import_path, symbol_name, language, kind, visibility, display_name, scip_symbol) VALUES (10066, 'bench-repo', 'pkg/saturated66/file.go', 'sat_sym_66', 'go', 'func', 'public', NULL, NULL);
INSERT INTO tribal_facts (id, subject_id, kind, body, source_quote, confidence, corroboration, extractor, extractor_version, model, staleness_hash, status, created_at, last_verified, cluster_key) VALUES (10330, 10066, 'quirk', 'body-0', 'quote', 0.9, 1, 'test', '1', NULL, 'sh-66-0', 'active', '2026-01-01T00:00:00Z', '2026-01-01T00:00:00Z', '');
INSERT INTO tribal_evidence (id, fact_id, source_type, source_ref, author, authored_at, content_hash) VALUES (10330, 10330, 'inline_marker', 'pkg/saturated66/file.go', NULL, NULL, 'ev-66-0');
INSERT INTO tribal_facts (id, subject_id, kind, body, source_quote, confidence, corroboration, extractor, extractor_version, model, staleness_hash, status, created_at, last_verified, cluster_key) VALUES (10331, 10066, 'quirk', 'body-1', 'quote', 0.9, 1, 'test', '1', NULL, 'sh-66-1', 'active', '2026-01-01T00:00:00Z', '2026-01-01T00:00:00Z', '');
INSERT INTO tribal_evidence (id, fact_id, source_type, source_ref, author, authored_at, content_hash) VALUES (10331, 10331, 'inline_marker', 'pkg/saturated66/file.go', NULL, NULL, 'ev-66-1');
INSERT INTO tribal_facts (id, subject_id, kind, body, source_quote, confidence, corroboration, extractor, extractor_version, model, staleness_hash, status, created_at, last_verified, cluster_key) VALUES (10332, 10066, 'quirk', 'body-2', 'quote', 0.9, 1, 'test', '1', NULL, 'sh-66-2', 'active', '2026-01-01T00:00:00Z', '2026-01-01T00:00:00Z', '');
INSERT INTO tribal_evidence (id, fact_id, source_type, source_ref, author, authored_at, content_hash) VALUES (10332, 10332, 'inline_marker', 'pkg/saturated66/file.go', NULL, NULL, 'ev-66-2');
INSERT INTO tribal_facts (id, subject_id, kind, body, source_quote, confidence, corroboration, extractor, extractor_version, model, staleness_hash, status, created_at, last_verified, cluster_key) VALUES (10333, 10066, 'quirk', 'body-3', 'quote', 0.9, 1, 'test', '1', NULL, 'sh-66-3', 'active', '2026-01-01T00:00:00Z', '2026-01-01T00:00:00Z', '');
INSERT INTO tribal_evidence (id, fact_id, source_type, source_ref, author, authored_at, content_hash) VALUES (10333, 10333, 'inline_marker', 'pkg/saturated66/file.go', NULL, NULL, 'ev-66-3');
INSERT INTO tribal_facts (id, subject_id, kind, body, source_quote, confidence, corroboration, extractor, extractor_version, model, staleness_hash, status, created_at, last_verified, cluster_key) VALUES (10334, 10066, 'quirk', 'body-4', 'quote', 0.9, 1, 'test', '1', NULL, 'sh-66-4', 'active', '2026-01-01T00:00:00Z', '2026-01-01T00:00:00Z', '');
INSERT INTO tribal_evidence (id, fact_id, source_type, source_ref, author, authored_at, content_hash) VALUES (10334, 10334, 'inline_marker', 'pkg/saturated66/file.go', NULL, NULL, 'ev-66-4');
INSERT INTO symbols (id, repo, import_path, symbol_name, language, kind, visibility, display_name, scip_symbol) VALUES (10067, 'bench-repo', 'pkg/saturated67/file.go', 'sat_sym_67', 'go', 'func', 'public', NULL, NULL);
INSERT INTO tribal_facts (id, subject_id, kind, body, source_quote, confidence, corroboration, extractor, extractor_version, model, staleness_hash, status, created_at, last_verified, cluster_key) VALUES (10335, 10067, 'quirk', 'body-0', 'quote', 0.9, 1, 'test', '1', NULL, 'sh-67-0', 'active', '2026-01-01T00:00:00Z', '2026-01-01T00:00:00Z', '');
INSERT INTO tribal_evidence (id, fact_id, source_type, source_ref, author, authored_at, content_hash) VALUES (10335, 10335, 'inline_marker', 'pkg/saturated67/file.go', NULL, NULL, 'ev-67-0');
INSERT INTO tribal_facts (id, subject_id, kind, body, source_quote, confidence, corroboration, extractor, extractor_version, model, staleness_hash, status, created_at, last_verified, cluster_key) VALUES (10336, 10067, 'quirk', 'body-1', 'quote', 0.9, 1, 'test', '1', NULL, 'sh-67-1', 'active', '2026-01-01T00:00:00Z', '2026-01-01T00:00:00Z', '');
INSERT INTO tribal_evidence (id, fact_id, source_type, source_ref, author, authored_at, content_hash) VALUES (10336, 10336, 'inline_marker', 'pkg/saturated67/file.go', NULL, NULL, 'ev-67-1');
INSERT INTO tribal_facts (id, subject_id, kind, body, source_quote, confidence, corroboration, extractor, extractor_version, model, staleness_hash, status, created_at, last_verified, cluster_key) VALUES (10337, 10067, 'quirk', 'body-2', 'quote', 0.9, 1, 'test', '1', NULL, 'sh-67-2', 'active', '2026-01-01T00:00:00Z', '2026-01-01T00:00:00Z', '');
INSERT INTO tribal_evidence (id, fact_id, source_type, source_ref, author, authored_at, content_hash) VALUES (10337, 10337, 'inline_marker', 'pkg/saturated67/file.go', NULL, NULL, 'ev-67-2');
INSERT INTO tribal_facts (id, subject_id, kind, body, source_quote, confidence, corroboration, extractor, extractor_version, model, staleness_hash, status, created_at, last_verified, cluster_key) VALUES (10338, 10067, 'quirk', 'body-3', 'quote', 0.9, 1, 'test', '1', NULL, 'sh-67-3', 'active', '2026-01-01T00:00:00Z', '2026-01-01T00:00:00Z', '');
INSERT INTO tribal_evidence (id, fact_id, source_type, source_ref, author, authored_at, content_hash) VALUES (10338, 10338, 'inline_marker', 'pkg/saturated67/file.go', NULL, NULL, 'ev-67-3');
INSERT INTO tribal_facts (id, subject_id, kind, body, source_quote, confidence, corroboration, extractor, extractor_version, model, staleness_hash, status, created_at, last_verified, cluster_key) VALUES (10339, 10067, 'quirk', 'body-4', 'quote', 0.9, 1, 'test', '1', NULL, 'sh-67-4', 'active', '2026-01-01T00:00:00Z', '2026-01-01T00:00:00Z', '');
INSERT INTO tribal_evidence (id, fact_id, source_type, source_ref, author, authored_at, content_hash) VALUES (10339, 10339, 'inline_marker', 'pkg/saturated67/file.go', NULL, NULL, 'ev-67-4');
INSERT INTO symbols (id, repo, import_path, symbol_name, language, kind, visibility, display_name, scip_symbol) VALUES (10068, 'bench-repo', 'pkg/saturated68/file.go', 'sat_sym_68', 'go', 'func', 'public', NULL, NULL);
INSERT INTO tribal_facts (id, subject_id, kind, body, source_quote, confidence, corroboration, extractor, extractor_version, model, staleness_hash, status, created_at, last_verified, cluster_key) VALUES (10340, 10068, 'quirk', 'body-0', 'quote', 0.9, 1, 'test', '1', NULL, 'sh-68-0', 'active', '2026-01-01T00:00:00Z', '2026-01-01T00:00:00Z', '');
INSERT INTO tribal_evidence (id, fact_id, source_type, source_ref, author, authored_at, content_hash) VALUES (10340, 10340, 'inline_marker', 'pkg/saturated68/file.go', NULL, NULL, 'ev-68-0');
INSERT INTO tribal_facts (id, subject_id, kind, body, source_quote, confidence, corroboration, extractor, extractor_version, model, staleness_hash, status, created_at, last_verified, cluster_key) VALUES (10341, 10068, 'quirk', 'body-1', 'quote', 0.9, 1, 'test', '1', NULL, 'sh-68-1', 'active', '2026-01-01T00:00:00Z', '2026-01-01T00:00:00Z', '');
INSERT INTO tribal_evidence (id, fact_id, source_type, source_ref, author, authored_at, content_hash) VALUES (10341, 10341, 'inline_marker', 'pkg/saturated68/file.go', NULL, NULL, 'ev-68-1');
INSERT INTO tribal_facts (id, subject_id, kind, body, source_quote, confidence, corroboration, extractor, extractor_version, model, staleness_hash, status, created_at, last_verified, cluster_key) VALUES (10342, 10068, 'quirk', 'body-2', 'quote', 0.9, 1, 'test', '1', NULL, 'sh-68-2', 'active', '2026-01-01T00:00:00Z', '2026-01-01T00:00:00Z', '');
INSERT INTO tribal_evidence (id, fact_id, source_type, source_ref, author, authored_at, content_hash) VALUES (10342, 10342, 'inline_marker', 'pkg/saturated68/file.go', NULL, NULL, 'ev-68-2');
INSERT INTO tribal_facts (id, subject_id, kind, body, source_quote, confidence, corroboration, extractor, extractor_version, model, staleness_hash, status, created_at, last_verified, cluster_key) VALUES (10343, 10068, 'quirk', 'body-3', 'quote', 0.9, 1, 'test', '1', NULL, 'sh-68-3', 'active', '2026-01-01T00:00:00Z', '2026-01-01T00:00:00Z', '');
INSERT INTO tribal_evidence (id, fact_id, source_type, source_ref, author, authored_at, content_hash) VALUES (10343, 10343, 'inline_marker', 'pkg/saturated68/file.go', NULL, NULL, 'ev-68-3');
INSERT INTO tribal_facts (id, subject_id, kind, body, source_quote, confidence, corroboration, extractor, extractor_version, model, staleness_hash, status, created_at, last_verified, cluster_key) VALUES (10344, 10068, 'quirk', 'body-4', 'quote', 0.9, 1, 'test', '1', NULL, 'sh-68-4', 'active', '2026-01-01T00:00:00Z', '2026-01-01T00:00:00Z', '');
INSERT INTO tribal_evidence (id, fact_id, source_type, source_ref, author, authored_at, content_hash) VALUES (10344, 10344, 'inline_marker', 'pkg/saturated68/file.go', NULL, NULL, 'ev-68-4');
INSERT INTO symbols (id, repo, import_path, symbol_name, language, kind, visibility, display_name, scip_symbol) VALUES (10069, 'bench-repo', 'pkg/saturated69/file.go', 'sat_sym_69', 'go', 'func', 'public', NULL, NULL);
INSERT INTO tribal_facts (id, subject_id, kind, body, source_quote, confidence, corroboration, extractor, extractor_version, model, staleness_hash, status, created_at, last_verified, cluster_key) VALUES (10345, 10069, 'quirk', 'body-0', 'quote', 0.9, 1, 'test', '1', NULL, 'sh-69-0', 'active', '2026-01-01T00:00:00Z', '2026-01-01T00:00:00Z', '');
INSERT INTO tribal_evidence (id, fact_id, source_type, source_ref, author, authored_at, content_hash) VALUES (10345, 10345, 'inline_marker', 'pkg/saturated69/file.go', NULL, NULL, 'ev-69-0');
INSERT INTO tribal_facts (id, subject_id, kind, body, source_quote, confidence, corroboration, extractor, extractor_version, model, staleness_hash, status, created_at, last_verified, cluster_key) VALUES (10346, 10069, 'quirk', 'body-1', 'quote', 0.9, 1, 'test', '1', NULL, 'sh-69-1', 'active', '2026-01-01T00:00:00Z', '2026-01-01T00:00:00Z', '');
INSERT INTO tribal_evidence (id, fact_id, source_type, source_ref, author, authored_at, content_hash) VALUES (10346, 10346, 'inline_marker', 'pkg/saturated69/file.go', NULL, NULL, 'ev-69-1');
INSERT INTO tribal_facts (id, subject_id, kind, body, source_quote, confidence, corroboration, extractor, extractor_version, model, staleness_hash, status, created_at, last_verified, cluster_key) VALUES (10347, 10069, 'quirk', 'body-2', 'quote', 0.9, 1, 'test', '1', NULL, 'sh-69-2', 'active', '2026-01-01T00:00:00Z', '2026-01-01T00:00:00Z', '');
INSERT INTO tribal_evidence (id, fact_id, source_type, source_ref, author, authored_at, content_hash) VALUES (10347, 10347, 'inline_marker', 'pkg/saturated69/file.go', NULL, NULL, 'ev-69-2');
INSERT INTO tribal_facts (id, subject_id, kind, body, source_quote, confidence, corroboration, extractor, extractor_version, model, staleness_hash, status, created_at, last_verified, cluster_key) VALUES (10348, 10069, 'quirk', 'body-3', 'quote', 0.9, 1, 'test', '1', NULL, 'sh-69-3', 'active', '2026-01-01T00:00:00Z', '2026-01-01T00:00:00Z', '');
INSERT INTO tribal_evidence (id, fact_id, source_type, source_ref, author, authored_at, content_hash) VALUES (10348, 10348, 'inline_marker', 'pkg/saturated69/file.go', NULL, NULL, 'ev-69-3');
INSERT INTO tribal_facts (id, subject_id, kind, body, source_quote, confidence, corroboration, extractor, extractor_version, model, staleness_hash, status, created_at, last_verified, cluster_key) VALUES (10349, 10069, 'quirk', 'body-4', 'quote', 0.9, 1, 'test', '1', NULL, 'sh-69-4', 'active', '2026-01-01T00:00:00Z', '2026-01-01T00:00:00Z', '');
INSERT INTO tribal_evidence (id, fact_id, source_type, source_ref, author, authored_at, content_hash) VALUES (10349, 10349, 'inline_marker', 'pkg/saturated69/file.go', NULL, NULL, 'ev-69-4');
INSERT INTO symbols (id, repo, import_path, symbol_name, language, kind, visibility, display_name, scip_symbol) VALUES (10070, 'bench-repo', 'pkg/saturated70/file.go', 'sat_sym_70', 'go', 'func', 'public', NULL, NULL);
INSERT INTO tribal_facts (id, subject_id, kind, body, source_quote, confidence, corroboration, extractor, extractor_version, model, staleness_hash, status, created_at, last_verified, cluster_key) VALUES (10350, 10070, 'quirk', 'body-0', 'quote', 0.9, 1, 'test', '1', NULL, 'sh-70-0', 'active', '2026-01-01T00:00:00Z', '2026-01-01T00:00:00Z', '');
INSERT INTO tribal_evidence (id, fact_id, source_type, source_ref, author, authored_at, content_hash) VALUES (10350, 10350, 'inline_marker', 'pkg/saturated70/file.go', NULL, NULL, 'ev-70-0');
INSERT INTO tribal_facts (id, subject_id, kind, body, source_quote, confidence, corroboration, extractor, extractor_version, model, staleness_hash, status, created_at, last_verified, cluster_key) VALUES (10351, 10070, 'quirk', 'body-1', 'quote', 0.9, 1, 'test', '1', NULL, 'sh-70-1', 'active', '2026-01-01T00:00:00Z', '2026-01-01T00:00:00Z', '');
INSERT INTO tribal_evidence (id, fact_id, source_type, source_ref, author, authored_at, content_hash) VALUES (10351, 10351, 'inline_marker', 'pkg/saturated70/file.go', NULL, NULL, 'ev-70-1');
INSERT INTO tribal_facts (id, subject_id, kind, body, source_quote, confidence, corroboration, extractor, extractor_version, model, staleness_hash, status, created_at, last_verified, cluster_key) VALUES (10352, 10070, 'quirk', 'body-2', 'quote', 0.9, 1, 'test', '1', NULL, 'sh-70-2', 'active', '2026-01-01T00:00:00Z', '2026-01-01T00:00:00Z', '');
INSERT INTO tribal_evidence (id, fact_id, source_type, source_ref, author, authored_at, content_hash) VALUES (10352, 10352, 'inline_marker', 'pkg/saturated70/file.go', NULL, NULL, 'ev-70-2');
INSERT INTO tribal_facts (id, subject_id, kind, body, source_quote, confidence, corroboration, extractor, extractor_version, model, staleness_hash, status, created_at, last_verified, cluster_key) VALUES (10353, 10070, 'quirk', 'body-3', 'quote', 0.9, 1, 'test', '1', NULL, 'sh-70-3', 'active', '2026-01-01T00:00:00Z', '2026-01-01T00:00:00Z', '');
INSERT INTO tribal_evidence (id, fact_id, source_type, source_ref, author, authored_at, content_hash) VALUES (10353, 10353, 'inline_marker', 'pkg/saturated70/file.go', NULL, NULL, 'ev-70-3');
INSERT INTO tribal_facts (id, subject_id, kind, body, source_quote, confidence, corroboration, extractor, extractor_version, model, staleness_hash, status, created_at, last_verified, cluster_key) VALUES (10354, 10070, 'quirk', 'body-4', 'quote', 0.9, 1, 'test', '1', NULL, 'sh-70-4', 'active', '2026-01-01T00:00:00Z', '2026-01-01T00:00:00Z', '');
INSERT INTO tribal_evidence (id, fact_id, source_type, source_ref, author, authored_at, content_hash) VALUES (10354, 10354, 'inline_marker', 'pkg/saturated70/file.go', NULL, NULL, 'ev-70-4');
INSERT INTO symbols (id, repo, import_path, symbol_name, language, kind, visibility, display_name, scip_symbol) VALUES (10071, 'bench-repo', 'pkg/saturated71/file.go', 'sat_sym_71', 'go', 'func', 'public', NULL, NULL);
INSERT INTO tribal_facts (id, subject_id, kind, body, source_quote, confidence, corroboration, extractor, extractor_version, model, staleness_hash, status, created_at, last_verified, cluster_key) VALUES (10355, 10071, 'quirk', 'body-0', 'quote', 0.9, 1, 'test', '1', NULL, 'sh-71-0', 'active', '2026-01-01T00:00:00Z', '2026-01-01T00:00:00Z', '');
INSERT INTO tribal_evidence (id, fact_id, source_type, source_ref, author, authored_at, content_hash) VALUES (10355, 10355, 'inline_marker', 'pkg/saturated71/file.go', NULL, NULL, 'ev-71-0');
INSERT INTO tribal_facts (id, subject_id, kind, body, source_quote, confidence, corroboration, extractor, extractor_version, model, staleness_hash, status, created_at, last_verified, cluster_key) VALUES (10356, 10071, 'quirk', 'body-1', 'quote', 0.9, 1, 'test', '1', NULL, 'sh-71-1', 'active', '2026-01-01T00:00:00Z', '2026-01-01T00:00:00Z', '');
INSERT INTO tribal_evidence (id, fact_id, source_type, source_ref, author, authored_at, content_hash) VALUES (10356, 10356, 'inline_marker', 'pkg/saturated71/file.go', NULL, NULL, 'ev-71-1');
INSERT INTO tribal_facts (id, subject_id, kind, body, source_quote, confidence, corroboration, extractor, extractor_version, model, staleness_hash, status, created_at, last_verified, cluster_key) VALUES (10357, 10071, 'quirk', 'body-2', 'quote', 0.9, 1, 'test', '1', NULL, 'sh-71-2', 'active', '2026-01-01T00:00:00Z', '2026-01-01T00:00:00Z', '');
INSERT INTO tribal_evidence (id, fact_id, source_type, source_ref, author, authored_at, content_hash) VALUES (10357, 10357, 'inline_marker', 'pkg/saturated71/file.go', NULL, NULL, 'ev-71-2');
INSERT INTO tribal_facts (id, subject_id, kind, body, source_quote, confidence, corroboration, extractor, extractor_version, model, staleness_hash, status, created_at, last_verified, cluster_key) VALUES (10358, 10071, 'quirk', 'body-3', 'quote', 0.9, 1, 'test', '1', NULL, 'sh-71-3', 'active', '2026-01-01T00:00:00Z', '2026-01-01T00:00:00Z', '');
INSERT INTO tribal_evidence (id, fact_id, source_type, source_ref, author, authored_at, content_hash) VALUES (10358, 10358, 'inline_marker', 'pkg/saturated71/file.go', NULL, NULL, 'ev-71-3');
INSERT INTO tribal_facts (id, subject_id, kind, body, source_quote, confidence, corroboration, extractor, extractor_version, model, staleness_hash, status, created_at, last_verified, cluster_key) VALUES (10359, 10071, 'quirk', 'body-4', 'quote', 0.9, 1, 'test', '1', NULL, 'sh-71-4', 'active', '2026-01-01T00:00:00Z', '2026-01-01T00:00:00Z', '');
INSERT INTO tribal_evidence (id, fact_id, source_type, source_ref, author, authored_at, content_hash) VALUES (10359, 10359, 'inline_marker', 'pkg/saturated71/file.go', NULL, NULL, 'ev-71-4');
INSERT INTO symbols (id, repo, import_path, symbol_name, language, kind, visibility, display_name, scip_symbol) VALUES (10072, 'bench-repo', 'pkg/saturated72/file.go', 'sat_sym_72', 'go', 'func', 'public', NULL, NULL);
INSERT INTO tribal_facts (id, subject_id, kind, body, source_quote, confidence, corroboration, extractor, extractor_version, model, staleness_hash, status, created_at, last_verified, cluster_key) VALUES (10360, 10072, 'quirk', 'body-0', 'quote', 0.9, 1, 'test', '1', NULL, 'sh-72-0', 'active', '2026-01-01T00:00:00Z', '2026-01-01T00:00:00Z', '');
INSERT INTO tribal_evidence (id, fact_id, source_type, source_ref, author, authored_at, content_hash) VALUES (10360, 10360, 'inline_marker', 'pkg/saturated72/file.go', NULL, NULL, 'ev-72-0');
INSERT INTO tribal_facts (id, subject_id, kind, body, source_quote, confidence, corroboration, extractor, extractor_version, model, staleness_hash, status, created_at, last_verified, cluster_key) VALUES (10361, 10072, 'quirk', 'body-1', 'quote', 0.9, 1, 'test', '1', NULL, 'sh-72-1', 'active', '2026-01-01T00:00:00Z', '2026-01-01T00:00:00Z', '');
INSERT INTO tribal_evidence (id, fact_id, source_type, source_ref, author, authored_at, content_hash) VALUES (10361, 10361, 'inline_marker', 'pkg/saturated72/file.go', NULL, NULL, 'ev-72-1');
INSERT INTO tribal_facts (id, subject_id, kind, body, source_quote, confidence, corroboration, extractor, extractor_version, model, staleness_hash, status, created_at, last_verified, cluster_key) VALUES (10362, 10072, 'quirk', 'body-2', 'quote', 0.9, 1, 'test', '1', NULL, 'sh-72-2', 'active', '2026-01-01T00:00:00Z', '2026-01-01T00:00:00Z', '');
INSERT INTO tribal_evidence (id, fact_id, source_type, source_ref, author, authored_at, content_hash) VALUES (10362, 10362, 'inline_marker', 'pkg/saturated72/file.go', NULL, NULL, 'ev-72-2');
INSERT INTO tribal_facts (id, subject_id, kind, body, source_quote, confidence, corroboration, extractor, extractor_version, model, staleness_hash, status, created_at, last_verified, cluster_key) VALUES (10363, 10072, 'quirk', 'body-3', 'quote', 0.9, 1, 'test', '1', NULL, 'sh-72-3', 'active', '2026-01-01T00:00:00Z', '2026-01-01T00:00:00Z', '');
INSERT INTO tribal_evidence (id, fact_id, source_type, source_ref, author, authored_at, content_hash) VALUES (10363, 10363, 'inline_marker', 'pkg/saturated72/file.go', NULL, NULL, 'ev-72-3');
INSERT INTO tribal_facts (id, subject_id, kind, body, source_quote, confidence, corroboration, extractor, extractor_version, model, staleness_hash, status, created_at, last_verified, cluster_key) VALUES (10364, 10072, 'quirk', 'body-4', 'quote', 0.9, 1, 'test', '1', NULL, 'sh-72-4', 'active', '2026-01-01T00:00:00Z', '2026-01-01T00:00:00Z', '');
INSERT INTO tribal_evidence (id, fact_id, source_type, source_ref, author, authored_at, content_hash) VALUES (10364, 10364, 'inline_marker', 'pkg/saturated72/file.go', NULL, NULL, 'ev-72-4');
INSERT INTO symbols (id, repo, import_path, symbol_name, language, kind, visibility, display_name, scip_symbol) VALUES (10073, 'bench-repo', 'pkg/saturated73/file.go', 'sat_sym_73', 'go', 'func', 'public', NULL, NULL);
INSERT INTO tribal_facts (id, subject_id, kind, body, source_quote, confidence, corroboration, extractor, extractor_version, model, staleness_hash, status, created_at, last_verified, cluster_key) VALUES (10365, 10073, 'quirk', 'body-0', 'quote', 0.9, 1, 'test', '1', NULL, 'sh-73-0', 'active', '2026-01-01T00:00:00Z', '2026-01-01T00:00:00Z', '');
INSERT INTO tribal_evidence (id, fact_id, source_type, source_ref, author, authored_at, content_hash) VALUES (10365, 10365, 'inline_marker', 'pkg/saturated73/file.go', NULL, NULL, 'ev-73-0');
INSERT INTO tribal_facts (id, subject_id, kind, body, source_quote, confidence, corroboration, extractor, extractor_version, model, staleness_hash, status, created_at, last_verified, cluster_key) VALUES (10366, 10073, 'quirk', 'body-1', 'quote', 0.9, 1, 'test', '1', NULL, 'sh-73-1', 'active', '2026-01-01T00:00:00Z', '2026-01-01T00:00:00Z', '');
INSERT INTO tribal_evidence (id, fact_id, source_type, source_ref, author, authored_at, content_hash) VALUES (10366, 10366, 'inline_marker', 'pkg/saturated73/file.go', NULL, NULL, 'ev-73-1');
INSERT INTO tribal_facts (id, subject_id, kind, body, source_quote, confidence, corroboration, extractor, extractor_version, model, staleness_hash, status, created_at, last_verified, cluster_key) VALUES (10367, 10073, 'quirk', 'body-2', 'quote', 0.9, 1, 'test', '1', NULL, 'sh-73-2', 'active', '2026-01-01T00:00:00Z', '2026-01-01T00:00:00Z', '');
INSERT INTO tribal_evidence (id, fact_id, source_type, source_ref, author, authored_at, content_hash) VALUES (10367, 10367, 'inline_marker', 'pkg/saturated73/file.go', NULL, NULL, 'ev-73-2');
INSERT INTO tribal_facts (id, subject_id, kind, body, source_quote, confidence, corroboration, extractor, extractor_version, model, staleness_hash, status, created_at, last_verified, cluster_key) VALUES (10368, 10073, 'quirk', 'body-3', 'quote', 0.9, 1, 'test', '1', NULL, 'sh-73-3', 'active', '2026-01-01T00:00:00Z', '2026-01-01T00:00:00Z', '');
INSERT INTO tribal_evidence (id, fact_id, source_type, source_ref, author, authored_at, content_hash) VALUES (10368, 10368, 'inline_marker', 'pkg/saturated73/file.go', NULL, NULL, 'ev-73-3');
INSERT INTO tribal_facts (id, subject_id, kind, body, source_quote, confidence, corroboration, extractor, extractor_version, model, staleness_hash, status, created_at, last_verified, cluster_key) VALUES (10369, 10073, 'quirk', 'body-4', 'quote', 0.9, 1, 'test', '1', NULL, 'sh-73-4', 'active', '2026-01-01T00:00:00Z', '2026-01-01T00:00:00Z', '');
INSERT INTO tribal_evidence (id, fact_id, source_type, source_ref, author, authored_at, content_hash) VALUES (10369, 10369, 'inline_marker', 'pkg/saturated73/file.go', NULL, NULL, 'ev-73-4');
INSERT INTO symbols (id, repo, import_path, symbol_name, language, kind, visibility, display_name, scip_symbol) VALUES (10074, 'bench-repo', 'pkg/saturated74/file.go', 'sat_sym_74', 'go', 'func', 'public', NULL, NULL);
INSERT INTO tribal_facts (id, subject_id, kind, body, source_quote, confidence, corroboration, extractor, extractor_version, model, staleness_hash, status, created_at, last_verified, cluster_key) VALUES (10370, 10074, 'quirk', 'body-0', 'quote', 0.9, 1, 'test', '1', NULL, 'sh-74-0', 'active', '2026-01-01T00:00:00Z', '2026-01-01T00:00:00Z', '');
INSERT INTO tribal_evidence (id, fact_id, source_type, source_ref, author, authored_at, content_hash) VALUES (10370, 10370, 'inline_marker', 'pkg/saturated74/file.go', NULL, NULL, 'ev-74-0');
INSERT INTO tribal_facts (id, subject_id, kind, body, source_quote, confidence, corroboration, extractor, extractor_version, model, staleness_hash, status, created_at, last_verified, cluster_key) VALUES (10371, 10074, 'quirk', 'body-1', 'quote', 0.9, 1, 'test', '1', NULL, 'sh-74-1', 'active', '2026-01-01T00:00:00Z', '2026-01-01T00:00:00Z', '');
INSERT INTO tribal_evidence (id, fact_id, source_type, source_ref, author, authored_at, content_hash) VALUES (10371, 10371, 'inline_marker', 'pkg/saturated74/file.go', NULL, NULL, 'ev-74-1');
INSERT INTO tribal_facts (id, subject_id, kind, body, source_quote, confidence, corroboration, extractor, extractor_version, model, staleness_hash, status, created_at, last_verified, cluster_key) VALUES (10372, 10074, 'quirk', 'body-2', 'quote', 0.9, 1, 'test', '1', NULL, 'sh-74-2', 'active', '2026-01-01T00:00:00Z', '2026-01-01T00:00:00Z', '');
INSERT INTO tribal_evidence (id, fact_id, source_type, source_ref, author, authored_at, content_hash) VALUES (10372, 10372, 'inline_marker', 'pkg/saturated74/file.go', NULL, NULL, 'ev-74-2');
INSERT INTO tribal_facts (id, subject_id, kind, body, source_quote, confidence, corroboration, extractor, extractor_version, model, staleness_hash, status, created_at, last_verified, cluster_key) VALUES (10373, 10074, 'quirk', 'body-3', 'quote', 0.9, 1, 'test', '1', NULL, 'sh-74-3', 'active', '2026-01-01T00:00:00Z', '2026-01-01T00:00:00Z', '');
INSERT INTO tribal_evidence (id, fact_id, source_type, source_ref, author, authored_at, content_hash) VALUES (10373, 10373, 'inline_marker', 'pkg/saturated74/file.go', NULL, NULL, 'ev-74-3');
INSERT INTO tribal_facts (id, subject_id, kind, body, source_quote, confidence, corroboration, extractor, extractor_version, model, staleness_hash, status, created_at, last_verified, cluster_key) VALUES (10374, 10074, 'quirk', 'body-4', 'quote', 0.9, 1, 'test', '1', NULL, 'sh-74-4', 'active', '2026-01-01T00:00:00Z', '2026-01-01T00:00:00Z', '');
INSERT INTO tribal_evidence (id, fact_id, source_type, source_ref, author, authored_at, content_hash) VALUES (10374, 10374, 'inline_marker', 'pkg/saturated74/file.go', NULL, NULL, 'ev-74-4');
INSERT INTO symbols (id, repo, import_path, symbol_name, language, kind, visibility, display_name, scip_symbol) VALUES (10075, 'bench-repo', 'pkg/saturated75/file.go', 'sat_sym_75', 'go', 'func', 'public', NULL, NULL);
INSERT INTO tribal_facts (id, subject_id, kind, body, source_quote, confidence, corroboration, extractor, extractor_version, model, staleness_hash, status, created_at, last_verified, cluster_key) VALUES (10375, 10075, 'quirk', 'body-0', 'quote', 0.9, 1, 'test', '1', NULL, 'sh-75-0', 'active', '2026-01-01T00:00:00Z', '2026-01-01T00:00:00Z', '');
INSERT INTO tribal_evidence (id, fact_id, source_type, source_ref, author, authored_at, content_hash) VALUES (10375, 10375, 'inline_marker', 'pkg/saturated75/file.go', NULL, NULL, 'ev-75-0');
INSERT INTO tribal_facts (id, subject_id, kind, body, source_quote, confidence, corroboration, extractor, extractor_version, model, staleness_hash, status, created_at, last_verified, cluster_key) VALUES (10376, 10075, 'quirk', 'body-1', 'quote', 0.9, 1, 'test', '1', NULL, 'sh-75-1', 'active', '2026-01-01T00:00:00Z', '2026-01-01T00:00:00Z', '');
INSERT INTO tribal_evidence (id, fact_id, source_type, source_ref, author, authored_at, content_hash) VALUES (10376, 10376, 'inline_marker', 'pkg/saturated75/file.go', NULL, NULL, 'ev-75-1');
INSERT INTO tribal_facts (id, subject_id, kind, body, source_quote, confidence, corroboration, extractor, extractor_version, model, staleness_hash, status, created_at, last_verified, cluster_key) VALUES (10377, 10075, 'quirk', 'body-2', 'quote', 0.9, 1, 'test', '1', NULL, 'sh-75-2', 'active', '2026-01-01T00:00:00Z', '2026-01-01T00:00:00Z', '');
INSERT INTO tribal_evidence (id, fact_id, source_type, source_ref, author, authored_at, content_hash) VALUES (10377, 10377, 'inline_marker', 'pkg/saturated75/file.go', NULL, NULL, 'ev-75-2');
INSERT INTO tribal_facts (id, subject_id, kind, body, source_quote, confidence, corroboration, extractor, extractor_version, model, staleness_hash, status, created_at, last_verified, cluster_key) VALUES (10378, 10075, 'quirk', 'body-3', 'quote', 0.9, 1, 'test', '1', NULL, 'sh-75-3', 'active', '2026-01-01T00:00:00Z', '2026-01-01T00:00:00Z', '');
INSERT INTO tribal_evidence (id, fact_id, source_type, source_ref, author, authored_at, content_hash) VALUES (10378, 10378, 'inline_marker', 'pkg/saturated75/file.go', NULL, NULL, 'ev-75-3');
INSERT INTO tribal_facts (id, subject_id, kind, body, source_quote, confidence, corroboration, extractor, extractor_version, model, staleness_hash, status, created_at, last_verified, cluster_key) VALUES (10379, 10075, 'quirk', 'body-4', 'quote', 0.9, 1, 'test', '1', NULL, 'sh-75-4', 'active', '2026-01-01T00:00:00Z', '2026-01-01T00:00:00Z', '');
INSERT INTO tribal_evidence (id, fact_id, source_type, source_ref, author, authored_at, content_hash) VALUES (10379, 10379, 'inline_marker', 'pkg/saturated75/file.go', NULL, NULL, 'ev-75-4');
INSERT INTO symbols (id, repo, import_path, symbol_name, language, kind, visibility, display_name, scip_symbol) VALUES (10076, 'bench-repo', 'pkg/saturated76/file.go', 'sat_sym_76', 'go', 'func', 'public', NULL, NULL);
INSERT INTO tribal_facts (id, subject_id, kind, body, source_quote, confidence, corroboration, extractor, extractor_version, model, staleness_hash, status, created_at, last_verified, cluster_key) VALUES (10380, 10076, 'quirk', 'body-0', 'quote', 0.9, 1, 'test', '1', NULL, 'sh-76-0', 'active', '2026-01-01T00:00:00Z', '2026-01-01T00:00:00Z', '');
INSERT INTO tribal_evidence (id, fact_id, source_type, source_ref, author, authored_at, content_hash) VALUES (10380, 10380, 'inline_marker', 'pkg/saturated76/file.go', NULL, NULL, 'ev-76-0');
INSERT INTO tribal_facts (id, subject_id, kind, body, source_quote, confidence, corroboration, extractor, extractor_version, model, staleness_hash, status, created_at, last_verified, cluster_key) VALUES (10381, 10076, 'quirk', 'body-1', 'quote', 0.9, 1, 'test', '1', NULL, 'sh-76-1', 'active', '2026-01-01T00:00:00Z', '2026-01-01T00:00:00Z', '');
INSERT INTO tribal_evidence (id, fact_id, source_type, source_ref, author, authored_at, content_hash) VALUES (10381, 10381, 'inline_marker', 'pkg/saturated76/file.go', NULL, NULL, 'ev-76-1');
INSERT INTO tribal_facts (id, subject_id, kind, body, source_quote, confidence, corroboration, extractor, extractor_version, model, staleness_hash, status, created_at, last_verified, cluster_key) VALUES (10382, 10076, 'quirk', 'body-2', 'quote', 0.9, 1, 'test', '1', NULL, 'sh-76-2', 'active', '2026-01-01T00:00:00Z', '2026-01-01T00:00:00Z', '');
INSERT INTO tribal_evidence (id, fact_id, source_type, source_ref, author, authored_at, content_hash) VALUES (10382, 10382, 'inline_marker', 'pkg/saturated76/file.go', NULL, NULL, 'ev-76-2');
INSERT INTO tribal_facts (id, subject_id, kind, body, source_quote, confidence, corroboration, extractor, extractor_version, model, staleness_hash, status, created_at, last_verified, cluster_key) VALUES (10383, 10076, 'quirk', 'body-3', 'quote', 0.9, 1, 'test', '1', NULL, 'sh-76-3', 'active', '2026-01-01T00:00:00Z', '2026-01-01T00:00:00Z', '');
INSERT INTO tribal_evidence (id, fact_id, source_type, source_ref, author, authored_at, content_hash) VALUES (10383, 10383, 'inline_marker', 'pkg/saturated76/file.go', NULL, NULL, 'ev-76-3');
INSERT INTO tribal_facts (id, subject_id, kind, body, source_quote, confidence, corroboration, extractor, extractor_version, model, staleness_hash, status, created_at, last_verified, cluster_key) VALUES (10384, 10076, 'quirk', 'body-4', 'quote', 0.9, 1, 'test', '1', NULL, 'sh-76-4', 'active', '2026-01-01T00:00:00Z', '2026-01-01T00:00:00Z', '');
INSERT INTO tribal_evidence (id, fact_id, source_type, source_ref, author, authored_at, content_hash) VALUES (10384, 10384, 'inline_marker', 'pkg/saturated76/file.go', NULL, NULL, 'ev-76-4');
INSERT INTO symbols (id, repo, import_path, symbol_name, language, kind, visibility, display_name, scip_symbol) VALUES (10077, 'bench-repo', 'pkg/saturated77/file.go', 'sat_sym_77', 'go', 'func', 'public', NULL, NULL);
INSERT INTO tribal_facts (id, subject_id, kind, body, source_quote, confidence, corroboration, extractor, extractor_version, model, staleness_hash, status, created_at, last_verified, cluster_key) VALUES (10385, 10077, 'quirk', 'body-0', 'quote', 0.9, 1, 'test', '1', NULL, 'sh-77-0', 'active', '2026-01-01T00:00:00Z', '2026-01-01T00:00:00Z', '');
INSERT INTO tribal_evidence (id, fact_id, source_type, source_ref, author, authored_at, content_hash) VALUES (10385, 10385, 'inline_marker', 'pkg/saturated77/file.go', NULL, NULL, 'ev-77-0');
INSERT INTO tribal_facts (id, subject_id, kind, body, source_quote, confidence, corroboration, extractor, extractor_version, model, staleness_hash, status, created_at, last_verified, cluster_key) VALUES (10386, 10077, 'quirk', 'body-1', 'quote', 0.9, 1, 'test', '1', NULL, 'sh-77-1', 'active', '2026-01-01T00:00:00Z', '2026-01-01T00:00:00Z', '');
INSERT INTO tribal_evidence (id, fact_id, source_type, source_ref, author, authored_at, content_hash) VALUES (10386, 10386, 'inline_marker', 'pkg/saturated77/file.go', NULL, NULL, 'ev-77-1');
INSERT INTO tribal_facts (id, subject_id, kind, body, source_quote, confidence, corroboration, extractor, extractor_version, model, staleness_hash, status, created_at, last_verified, cluster_key) VALUES (10387, 10077, 'quirk', 'body-2', 'quote', 0.9, 1, 'test', '1', NULL, 'sh-77-2', 'active', '2026-01-01T00:00:00Z', '2026-01-01T00:00:00Z', '');
INSERT INTO tribal_evidence (id, fact_id, source_type, source_ref, author, authored_at, content_hash) VALUES (10387, 10387, 'inline_marker', 'pkg/saturated77/file.go', NULL, NULL, 'ev-77-2');
INSERT INTO tribal_facts (id, subject_id, kind, body, source_quote, confidence, corroboration, extractor, extractor_version, model, staleness_hash, status, created_at, last_verified, cluster_key) VALUES (10388, 10077, 'quirk', 'body-3', 'quote', 0.9, 1, 'test', '1', NULL, 'sh-77-3', 'active', '2026-01-01T00:00:00Z', '2026-01-01T00:00:00Z', '');
INSERT INTO tribal_evidence (id, fact_id, source_type, source_ref, author, authored_at, content_hash) VALUES (10388, 10388, 'inline_marker', 'pkg/saturated77/file.go', NULL, NULL, 'ev-77-3');
INSERT INTO tribal_facts (id, subject_id, kind, body, source_quote, confidence, corroboration, extractor, extractor_version, model, staleness_hash, status, created_at, last_verified, cluster_key) VALUES (10389, 10077, 'quirk', 'body-4', 'quote', 0.9, 1, 'test', '1', NULL, 'sh-77-4', 'active', '2026-01-01T00:00:00Z', '2026-01-01T00:00:00Z', '');
INSERT INTO tribal_evidence (id, fact_id, source_type, source_ref, author, authored_at, content_hash) VALUES (10389, 10389, 'inline_marker', 'pkg/saturated77/file.go', NULL, NULL, 'ev-77-4');
INSERT INTO symbols (id, repo, import_path, symbol_name, language, kind, visibility, display_name, scip_symbol) VALUES (10078, 'bench-repo', 'pkg/saturated78/file.go', 'sat_sym_78', 'go', 'func', 'public', NULL, NULL);
INSERT INTO tribal_facts (id, subject_id, kind, body, source_quote, confidence, corroboration, extractor, extractor_version, model, staleness_hash, status, created_at, last_verified, cluster_key) VALUES (10390, 10078, 'quirk', 'body-0', 'quote', 0.9, 1, 'test', '1', NULL, 'sh-78-0', 'active', '2026-01-01T00:00:00Z', '2026-01-01T00:00:00Z', '');
INSERT INTO tribal_evidence (id, fact_id, source_type, source_ref, author, authored_at, content_hash) VALUES (10390, 10390, 'inline_marker', 'pkg/saturated78/file.go', NULL, NULL, 'ev-78-0');
INSERT INTO tribal_facts (id, subject_id, kind, body, source_quote, confidence, corroboration, extractor, extractor_version, model, staleness_hash, status, created_at, last_verified, cluster_key) VALUES (10391, 10078, 'quirk', 'body-1', 'quote', 0.9, 1, 'test', '1', NULL, 'sh-78-1', 'active', '2026-01-01T00:00:00Z', '2026-01-01T00:00:00Z', '');
INSERT INTO tribal_evidence (id, fact_id, source_type, source_ref, author, authored_at, content_hash) VALUES (10391, 10391, 'inline_marker', 'pkg/saturated78/file.go', NULL, NULL, 'ev-78-1');
INSERT INTO tribal_facts (id, subject_id, kind, body, source_quote, confidence, corroboration, extractor, extractor_version, model, staleness_hash, status, created_at, last_verified, cluster_key) VALUES (10392, 10078, 'quirk', 'body-2', 'quote', 0.9, 1, 'test', '1', NULL, 'sh-78-2', 'active', '2026-01-01T00:00:00Z', '2026-01-01T00:00:00Z', '');
INSERT INTO tribal_evidence (id, fact_id, source_type, source_ref, author, authored_at, content_hash) VALUES (10392, 10392, 'inline_marker', 'pkg/saturated78/file.go', NULL, NULL, 'ev-78-2');
INSERT INTO tribal_facts (id, subject_id, kind, body, source_quote, confidence, corroboration, extractor, extractor_version, model, staleness_hash, status, created_at, last_verified, cluster_key) VALUES (10393, 10078, 'quirk', 'body-3', 'quote', 0.9, 1, 'test', '1', NULL, 'sh-78-3', 'active', '2026-01-01T00:00:00Z', '2026-01-01T00:00:00Z', '');
INSERT INTO tribal_evidence (id, fact_id, source_type, source_ref, author, authored_at, content_hash) VALUES (10393, 10393, 'inline_marker', 'pkg/saturated78/file.go', NULL, NULL, 'ev-78-3');
INSERT INTO tribal_facts (id, subject_id, kind, body, source_quote, confidence, corroboration, extractor, extractor_version, model, staleness_hash, status, created_at, last_verified, cluster_key) VALUES (10394, 10078, 'quirk', 'body-4', 'quote', 0.9, 1, 'test', '1', NULL, 'sh-78-4', 'active', '2026-01-01T00:00:00Z', '2026-01-01T00:00:00Z', '');
INSERT INTO tribal_evidence (id, fact_id, source_type, source_ref, author, authored_at, content_hash) VALUES (10394, 10394, 'inline_marker', 'pkg/saturated78/file.go', NULL, NULL, 'ev-78-4');
INSERT INTO symbols (id, repo, import_path, symbol_name, language, kind, visibility, display_name, scip_symbol) VALUES (10079, 'bench-repo', 'pkg/saturated79/file.go', 'sat_sym_79', 'go', 'func', 'public', NULL, NULL);
INSERT INTO tribal_facts (id, subject_id, kind, body, source_quote, confidence, corroboration, extractor, extractor_version, model, staleness_hash, status, created_at, last_verified, cluster_key) VALUES (10395, 10079, 'quirk', 'body-0', 'quote', 0.9, 1, 'test', '1', NULL, 'sh-79-0', 'active', '2026-01-01T00:00:00Z', '2026-01-01T00:00:00Z', '');
INSERT INTO tribal_evidence (id, fact_id, source_type, source_ref, author, authored_at, content_hash) VALUES (10395, 10395, 'inline_marker', 'pkg/saturated79/file.go', NULL, NULL, 'ev-79-0');
INSERT INTO tribal_facts (id, subject_id, kind, body, source_quote, confidence, corroboration, extractor, extractor_version, model, staleness_hash, status, created_at, last_verified, cluster_key) VALUES (10396, 10079, 'quirk', 'body-1', 'quote', 0.9, 1, 'test', '1', NULL, 'sh-79-1', 'active', '2026-01-01T00:00:00Z', '2026-01-01T00:00:00Z', '');
INSERT INTO tribal_evidence (id, fact_id, source_type, source_ref, author, authored_at, content_hash) VALUES (10396, 10396, 'inline_marker', 'pkg/saturated79/file.go', NULL, NULL, 'ev-79-1');
INSERT INTO tribal_facts (id, subject_id, kind, body, source_quote, confidence, corroboration, extractor, extractor_version, model, staleness_hash, status, created_at, last_verified, cluster_key) VALUES (10397, 10079, 'quirk', 'body-2', 'quote', 0.9, 1, 'test', '1', NULL, 'sh-79-2', 'active', '2026-01-01T00:00:00Z', '2026-01-01T00:00:00Z', '');
INSERT INTO tribal_evidence (id, fact_id, source_type, source_ref, author, authored_at, content_hash) VALUES (10397, 10397, 'inline_marker', 'pkg/saturated79/file.go', NULL, NULL, 'ev-79-2');
INSERT INTO tribal_facts (id, subject_id, kind, body, source_quote, confidence, corroboration, extractor, extractor_version, model, staleness_hash, status, created_at, last_verified, cluster_key) VALUES (10398, 10079, 'quirk', 'body-3', 'quote', 0.9, 1, 'test', '1', NULL, 'sh-79-3', 'active', '2026-01-01T00:00:00Z', '2026-01-01T00:00:00Z', '');
INSERT INTO tribal_evidence (id, fact_id, source_type, source_ref, author, authored_at, content_hash) VALUES (10398, 10398, 'inline_marker', 'pkg/saturated79/file.go', NULL, NULL, 'ev-79-3');
INSERT INTO tribal_facts (id, subject_id, kind, body, source_quote, confidence, corroboration, extractor, extractor_version, model, staleness_hash, status, created_at, last_verified, cluster_key) VALUES (10399, 10079, 'quirk', 'body-4', 'quote', 0.9, 1, 'test', '1', NULL, 'sh-79-4', 'active', '2026-01-01T00:00:00Z', '2026-01-01T00:00:00Z', '');
INSERT INTO tribal_evidence (id, fact_id, source_type, source_ref, author, authored_at, content_hash) VALUES (10399, 10399, 'inline_marker', 'pkg/saturated79/file.go', NULL, NULL, 'ev-79-4');
INSERT INTO symbols (id, repo, import_path, symbol_name, language, kind, visibility, display_name, scip_symbol) VALUES (10080, 'bench-repo', 'pkg/saturated80/file.go', 'sat_sym_80', 'go', 'func', 'public', NULL, NULL);
INSERT INTO tribal_facts (id, subject_id, kind, body, source_quote, confidence, corroboration, extractor, extractor_version, model, staleness_hash, status, created_at, last_verified, cluster_key) VALUES (10400, 10080, 'quirk', 'body-0', 'quote', 0.9, 1, 'test', '1', NULL, 'sh-80-0', 'active', '2026-01-01T00:00:00Z', '2026-01-01T00:00:00Z', '');
INSERT INTO tribal_evidence (id, fact_id, source_type, source_ref, author, authored_at, content_hash) VALUES (10400, 10400, 'inline_marker', 'pkg/saturated80/file.go', NULL, NULL, 'ev-80-0');
INSERT INTO tribal_facts (id, subject_id, kind, body, source_quote, confidence, corroboration, extractor, extractor_version, model, staleness_hash, status, created_at, last_verified, cluster_key) VALUES (10401, 10080, 'quirk', 'body-1', 'quote', 0.9, 1, 'test', '1', NULL, 'sh-80-1', 'active', '2026-01-01T00:00:00Z', '2026-01-01T00:00:00Z', '');
INSERT INTO tribal_evidence (id, fact_id, source_type, source_ref, author, authored_at, content_hash) VALUES (10401, 10401, 'inline_marker', 'pkg/saturated80/file.go', NULL, NULL, 'ev-80-1');
INSERT INTO tribal_facts (id, subject_id, kind, body, source_quote, confidence, corroboration, extractor, extractor_version, model, staleness_hash, status, created_at, last_verified, cluster_key) VALUES (10402, 10080, 'quirk', 'body-2', 'quote', 0.9, 1, 'test', '1', NULL, 'sh-80-2', 'active', '2026-01-01T00:00:00Z', '2026-01-01T00:00:00Z', '');
INSERT INTO tribal_evidence (id, fact_id, source_type, source_ref, author, authored_at, content_hash) VALUES (10402, 10402, 'inline_marker', 'pkg/saturated80/file.go', NULL, NULL, 'ev-80-2');
INSERT INTO tribal_facts (id, subject_id, kind, body, source_quote, confidence, corroboration, extractor, extractor_version, model, staleness_hash, status, created_at, last_verified, cluster_key) VALUES (10403, 10080, 'quirk', 'body-3', 'quote', 0.9, 1, 'test', '1', NULL, 'sh-80-3', 'active', '2026-01-01T00:00:00Z', '2026-01-01T00:00:00Z', '');
INSERT INTO tribal_evidence (id, fact_id, source_type, source_ref, author, authored_at, content_hash) VALUES (10403, 10403, 'inline_marker', 'pkg/saturated80/file.go', NULL, NULL, 'ev-80-3');
INSERT INTO tribal_facts (id, subject_id, kind, body, source_quote, confidence, corroboration, extractor, extractor_version, model, staleness_hash, status, created_at, last_verified, cluster_key) VALUES (10404, 10080, 'quirk', 'body-4', 'quote', 0.9, 1, 'test', '1', NULL, 'sh-80-4', 'active', '2026-01-01T00:00:00Z', '2026-01-01T00:00:00Z', '');
INSERT INTO tribal_evidence (id, fact_id, source_type, source_ref, author, authored_at, content_hash) VALUES (10404, 10404, 'inline_marker', 'pkg/saturated80/file.go', NULL, NULL, 'ev-80-4');
INSERT INTO symbols (id, repo, import_path, symbol_name, language, kind, visibility, display_name, scip_symbol) VALUES (10081, 'bench-repo', 'pkg/saturated81/file.go', 'sat_sym_81', 'go', 'func', 'public', NULL, NULL);
INSERT INTO tribal_facts (id, subject_id, kind, body, source_quote, confidence, corroboration, extractor, extractor_version, model, staleness_hash, status, created_at, last_verified, cluster_key) VALUES (10405, 10081, 'quirk', 'body-0', 'quote', 0.9, 1, 'test', '1', NULL, 'sh-81-0', 'active', '2026-01-01T00:00:00Z', '2026-01-01T00:00:00Z', '');
INSERT INTO tribal_evidence (id, fact_id, source_type, source_ref, author, authored_at, content_hash) VALUES (10405, 10405, 'inline_marker', 'pkg/saturated81/file.go', NULL, NULL, 'ev-81-0');
INSERT INTO tribal_facts (id, subject_id, kind, body, source_quote, confidence, corroboration, extractor, extractor_version, model, staleness_hash, status, created_at, last_verified, cluster_key) VALUES (10406, 10081, 'quirk', 'body-1', 'quote', 0.9, 1, 'test', '1', NULL, 'sh-81-1', 'active', '2026-01-01T00:00:00Z', '2026-01-01T00:00:00Z', '');
INSERT INTO tribal_evidence (id, fact_id, source_type, source_ref, author, authored_at, content_hash) VALUES (10406, 10406, 'inline_marker', 'pkg/saturated81/file.go', NULL, NULL, 'ev-81-1');
INSERT INTO tribal_facts (id, subject_id, kind, body, source_quote, confidence, corroboration, extractor, extractor_version, model, staleness_hash, status, created_at, last_verified, cluster_key) VALUES (10407, 10081, 'quirk', 'body-2', 'quote', 0.9, 1, 'test', '1', NULL, 'sh-81-2', 'active', '2026-01-01T00:00:00Z', '2026-01-01T00:00:00Z', '');
INSERT INTO tribal_evidence (id, fact_id, source_type, source_ref, author, authored_at, content_hash) VALUES (10407, 10407, 'inline_marker', 'pkg/saturated81/file.go', NULL, NULL, 'ev-81-2');
INSERT INTO tribal_facts (id, subject_id, kind, body, source_quote, confidence, corroboration, extractor, extractor_version, model, staleness_hash, status, created_at, last_verified, cluster_key) VALUES (10408, 10081, 'quirk', 'body-3', 'quote', 0.9, 1, 'test', '1', NULL, 'sh-81-3', 'active', '2026-01-01T00:00:00Z', '2026-01-01T00:00:00Z', '');
INSERT INTO tribal_evidence (id, fact_id, source_type, source_ref, author, authored_at, content_hash) VALUES (10408, 10408, 'inline_marker', 'pkg/saturated81/file.go', NULL, NULL, 'ev-81-3');
INSERT INTO tribal_facts (id, subject_id, kind, body, source_quote, confidence, corroboration, extractor, extractor_version, model, staleness_hash, status, created_at, last_verified, cluster_key) VALUES (10409, 10081, 'quirk', 'body-4', 'quote', 0.9, 1, 'test', '1', NULL, 'sh-81-4', 'active', '2026-01-01T00:00:00Z', '2026-01-01T00:00:00Z', '');
INSERT INTO tribal_evidence (id, fact_id, source_type, source_ref, author, authored_at, content_hash) VALUES (10409, 10409, 'inline_marker', 'pkg/saturated81/file.go', NULL, NULL, 'ev-81-4');
INSERT INTO symbols (id, repo, import_path, symbol_name, language, kind, visibility, display_name, scip_symbol) VALUES (10082, 'bench-repo', 'pkg/saturated82/file.go', 'sat_sym_82', 'go', 'func', 'public', NULL, NULL);
INSERT INTO tribal_facts (id, subject_id, kind, body, source_quote, confidence, corroboration, extractor, extractor_version, model, staleness_hash, status, created_at, last_verified, cluster_key) VALUES (10410, 10082, 'quirk', 'body-0', 'quote', 0.9, 1, 'test', '1', NULL, 'sh-82-0', 'active', '2026-01-01T00:00:00Z', '2026-01-01T00:00:00Z', '');
INSERT INTO tribal_evidence (id, fact_id, source_type, source_ref, author, authored_at, content_hash) VALUES (10410, 10410, 'inline_marker', 'pkg/saturated82/file.go', NULL, NULL, 'ev-82-0');
INSERT INTO tribal_facts (id, subject_id, kind, body, source_quote, confidence, corroboration, extractor, extractor_version, model, staleness_hash, status, created_at, last_verified, cluster_key) VALUES (10411, 10082, 'quirk', 'body-1', 'quote', 0.9, 1, 'test', '1', NULL, 'sh-82-1', 'active', '2026-01-01T00:00:00Z', '2026-01-01T00:00:00Z', '');
INSERT INTO tribal_evidence (id, fact_id, source_type, source_ref, author, authored_at, content_hash) VALUES (10411, 10411, 'inline_marker', 'pkg/saturated82/file.go', NULL, NULL, 'ev-82-1');
INSERT INTO tribal_facts (id, subject_id, kind, body, source_quote, confidence, corroboration, extractor, extractor_version, model, staleness_hash, status, created_at, last_verified, cluster_key) VALUES (10412, 10082, 'quirk', 'body-2', 'quote', 0.9, 1, 'test', '1', NULL, 'sh-82-2', 'active', '2026-01-01T00:00:00Z', '2026-01-01T00:00:00Z', '');
INSERT INTO tribal_evidence (id, fact_id, source_type, source_ref, author, authored_at, content_hash) VALUES (10412, 10412, 'inline_marker', 'pkg/saturated82/file.go', NULL, NULL, 'ev-82-2');
INSERT INTO tribal_facts (id, subject_id, kind, body, source_quote, confidence, corroboration, extractor, extractor_version, model, staleness_hash, status, created_at, last_verified, cluster_key) VALUES (10413, 10082, 'quirk', 'body-3', 'quote', 0.9, 1, 'test', '1', NULL, 'sh-82-3', 'active', '2026-01-01T00:00:00Z', '2026-01-01T00:00:00Z', '');
INSERT INTO tribal_evidence (id, fact_id, source_type, source_ref, author, authored_at, content_hash) VALUES (10413, 10413, 'inline_marker', 'pkg/saturated82/file.go', NULL, NULL, 'ev-82-3');
INSERT INTO tribal_facts (id, subject_id, kind, body, source_quote, confidence, corroboration, extractor, extractor_version, model, staleness_hash, status, created_at, last_verified, cluster_key) VALUES (10414, 10082, 'quirk', 'body-4', 'quote', 0.9, 1, 'test', '1', NULL, 'sh-82-4', 'active', '2026-01-01T00:00:00Z', '2026-01-01T00:00:00Z', '');
INSERT INTO tribal_evidence (id, fact_id, source_type, source_ref, author, authored_at, content_hash) VALUES (10414, 10414, 'inline_marker', 'pkg/saturated82/file.go', NULL, NULL, 'ev-82-4');
INSERT INTO symbols (id, repo, import_path, symbol_name, language, kind, visibility, display_name, scip_symbol) VALUES (10083, 'bench-repo', 'pkg/saturated83/file.go', 'sat_sym_83', 'go', 'func', 'public', NULL, NULL);
INSERT INTO tribal_facts (id, subject_id, kind, body, source_quote, confidence, corroboration, extractor, extractor_version, model, staleness_hash, status, created_at, last_verified, cluster_key) VALUES (10415, 10083, 'quirk', 'body-0', 'quote', 0.9, 1, 'test', '1', NULL, 'sh-83-0', 'active', '2026-01-01T00:00:00Z', '2026-01-01T00:00:00Z', '');
INSERT INTO tribal_evidence (id, fact_id, source_type, source_ref, author, authored_at, content_hash) VALUES (10415, 10415, 'inline_marker', 'pkg/saturated83/file.go', NULL, NULL, 'ev-83-0');
INSERT INTO tribal_facts (id, subject_id, kind, body, source_quote, confidence, corroboration, extractor, extractor_version, model, staleness_hash, status, created_at, last_verified, cluster_key) VALUES (10416, 10083, 'quirk', 'body-1', 'quote', 0.9, 1, 'test', '1', NULL, 'sh-83-1', 'active', '2026-01-01T00:00:00Z', '2026-01-01T00:00:00Z', '');
INSERT INTO tribal_evidence (id, fact_id, source_type, source_ref, author, authored_at, content_hash) VALUES (10416, 10416, 'inline_marker', 'pkg/saturated83/file.go', NULL, NULL, 'ev-83-1');
INSERT INTO tribal_facts (id, subject_id, kind, body, source_quote, confidence, corroboration, extractor, extractor_version, model, staleness_hash, status, created_at, last_verified, cluster_key) VALUES (10417, 10083, 'quirk', 'body-2', 'quote', 0.9, 1, 'test', '1', NULL, 'sh-83-2', 'active', '2026-01-01T00:00:00Z', '2026-01-01T00:00:00Z', '');
INSERT INTO tribal_evidence (id, fact_id, source_type, source_ref, author, authored_at, content_hash) VALUES (10417, 10417, 'inline_marker', 'pkg/saturated83/file.go', NULL, NULL, 'ev-83-2');
INSERT INTO tribal_facts (id, subject_id, kind, body, source_quote, confidence, corroboration, extractor, extractor_version, model, staleness_hash, status, created_at, last_verified, cluster_key) VALUES (10418, 10083, 'quirk', 'body-3', 'quote', 0.9, 1, 'test', '1', NULL, 'sh-83-3', 'active', '2026-01-01T00:00:00Z', '2026-01-01T00:00:00Z', '');
INSERT INTO tribal_evidence (id, fact_id, source_type, source_ref, author, authored_at, content_hash) VALUES (10418, 10418, 'inline_marker', 'pkg/saturated83/file.go', NULL, NULL, 'ev-83-3');
INSERT INTO tribal_facts (id, subject_id, kind, body, source_quote, confidence, corroboration, extractor, extractor_version, model, staleness_hash, status, created_at, last_verified, cluster_key) VALUES (10419, 10083, 'quirk', 'body-4', 'quote', 0.9, 1, 'test', '1', NULL, 'sh-83-4', 'active', '2026-01-01T00:00:00Z', '2026-01-01T00:00:00Z', '');
INSERT INTO tribal_evidence (id, fact_id, source_type, source_ref, author, authored_at, content_hash) VALUES (10419, 10419, 'inline_marker', 'pkg/saturated83/file.go', NULL, NULL, 'ev-83-4');
INSERT INTO symbols (id, repo, import_path, symbol_name, language, kind, visibility, display_name, scip_symbol) VALUES (10084, 'bench-repo', 'pkg/saturated84/file.go', 'sat_sym_84', 'go', 'func', 'public', NULL, NULL);
INSERT INTO tribal_facts (id, subject_id, kind, body, source_quote, confidence, corroboration, extractor, extractor_version, model, staleness_hash, status, created_at, last_verified, cluster_key) VALUES (10420, 10084, 'quirk', 'body-0', 'quote', 0.9, 1, 'test', '1', NULL, 'sh-84-0', 'active', '2026-01-01T00:00:00Z', '2026-01-01T00:00:00Z', '');
INSERT INTO tribal_evidence (id, fact_id, source_type, source_ref, author, authored_at, content_hash) VALUES (10420, 10420, 'inline_marker', 'pkg/saturated84/file.go', NULL, NULL, 'ev-84-0');
INSERT INTO tribal_facts (id, subject_id, kind, body, source_quote, confidence, corroboration, extractor, extractor_version, model, staleness_hash, status, created_at, last_verified, cluster_key) VALUES (10421, 10084, 'quirk', 'body-1', 'quote', 0.9, 1, 'test', '1', NULL, 'sh-84-1', 'active', '2026-01-01T00:00:00Z', '2026-01-01T00:00:00Z', '');
INSERT INTO tribal_evidence (id, fact_id, source_type, source_ref, author, authored_at, content_hash) VALUES (10421, 10421, 'inline_marker', 'pkg/saturated84/file.go', NULL, NULL, 'ev-84-1');
INSERT INTO tribal_facts (id, subject_id, kind, body, source_quote, confidence, corroboration, extractor, extractor_version, model, staleness_hash, status, created_at, last_verified, cluster_key) VALUES (10422, 10084, 'quirk', 'body-2', 'quote', 0.9, 1, 'test', '1', NULL, 'sh-84-2', 'active', '2026-01-01T00:00:00Z', '2026-01-01T00:00:00Z', '');
INSERT INTO tribal_evidence (id, fact_id, source_type, source_ref, author, authored_at, content_hash) VALUES (10422, 10422, 'inline_marker', 'pkg/saturated84/file.go', NULL, NULL, 'ev-84-2');
INSERT INTO tribal_facts (id, subject_id, kind, body, source_quote, confidence, corroboration, extractor, extractor_version, model, staleness_hash, status, created_at, last_verified, cluster_key) VALUES (10423, 10084, 'quirk', 'body-3', 'quote', 0.9, 1, 'test', '1', NULL, 'sh-84-3', 'active', '2026-01-01T00:00:00Z', '2026-01-01T00:00:00Z', '');
INSERT INTO tribal_evidence (id, fact_id, source_type, source_ref, author, authored_at, content_hash) VALUES (10423, 10423, 'inline_marker', 'pkg/saturated84/file.go', NULL, NULL, 'ev-84-3');
INSERT INTO tribal_facts (id, subject_id, kind, body, source_quote, confidence, corroboration, extractor, extractor_version, model, staleness_hash, status, created_at, last_verified, cluster_key) VALUES (10424, 10084, 'quirk', 'body-4', 'quote', 0.9, 1, 'test', '1', NULL, 'sh-84-4', 'active', '2026-01-01T00:00:00Z', '2026-01-01T00:00:00Z', '');
INSERT INTO tribal_evidence (id, fact_id, source_type, source_ref, author, authored_at, content_hash) VALUES (10424, 10424, 'inline_marker', 'pkg/saturated84/file.go', NULL, NULL, 'ev-84-4');
INSERT INTO symbols (id, repo, import_path, symbol_name, language, kind, visibility, display_name, scip_symbol) VALUES (10085, 'bench-repo', 'pkg/saturated85/file.go', 'sat_sym_85', 'go', 'func', 'public', NULL, NULL);
INSERT INTO tribal_facts (id, subject_id, kind, body, source_quote, confidence, corroboration, extractor, extractor_version, model, staleness_hash, status, created_at, last_verified, cluster_key) VALUES (10425, 10085, 'quirk', 'body-0', 'quote', 0.9, 1, 'test', '1', NULL, 'sh-85-0', 'active', '2026-01-01T00:00:00Z', '2026-01-01T00:00:00Z', '');
INSERT INTO tribal_evidence (id, fact_id, source_type, source_ref, author, authored_at, content_hash) VALUES (10425, 10425, 'inline_marker', 'pkg/saturated85/file.go', NULL, NULL, 'ev-85-0');
INSERT INTO tribal_facts (id, subject_id, kind, body, source_quote, confidence, corroboration, extractor, extractor_version, model, staleness_hash, status, created_at, last_verified, cluster_key) VALUES (10426, 10085, 'quirk', 'body-1', 'quote', 0.9, 1, 'test', '1', NULL, 'sh-85-1', 'active', '2026-01-01T00:00:00Z', '2026-01-01T00:00:00Z', '');
INSERT INTO tribal_evidence (id, fact_id, source_type, source_ref, author, authored_at, content_hash) VALUES (10426, 10426, 'inline_marker', 'pkg/saturated85/file.go', NULL, NULL, 'ev-85-1');
INSERT INTO tribal_facts (id, subject_id, kind, body, source_quote, confidence, corroboration, extractor, extractor_version, model, staleness_hash, status, created_at, last_verified, cluster_key) VALUES (10427, 10085, 'quirk', 'body-2', 'quote', 0.9, 1, 'test', '1', NULL, 'sh-85-2', 'active', '2026-01-01T00:00:00Z', '2026-01-01T00:00:00Z', '');
INSERT INTO tribal_evidence (id, fact_id, source_type, source_ref, author, authored_at, content_hash) VALUES (10427, 10427, 'inline_marker', 'pkg/saturated85/file.go', NULL, NULL, 'ev-85-2');
INSERT INTO tribal_facts (id, subject_id, kind, body, source_quote, confidence, corroboration, extractor, extractor_version, model, staleness_hash, status, created_at, last_verified, cluster_key) VALUES (10428, 10085, 'quirk', 'body-3', 'quote', 0.9, 1, 'test', '1', NULL, 'sh-85-3', 'active', '2026-01-01T00:00:00Z', '2026-01-01T00:00:00Z', '');
INSERT INTO tribal_evidence (id, fact_id, source_type, source_ref, author, authored_at, content_hash) VALUES (10428, 10428, 'inline_marker', 'pkg/saturated85/file.go', NULL, NULL, 'ev-85-3');
INSERT INTO tribal_facts (id, subject_id, kind, body, source_quote, confidence, corroboration, extractor, extractor_version, model, staleness_hash, status, created_at, last_verified, cluster_key) VALUES (10429, 10085, 'quirk', 'body-4', 'quote', 0.9, 1, 'test', '1', NULL, 'sh-85-4', 'active', '2026-01-01T00:00:00Z', '2026-01-01T00:00:00Z', '');
INSERT INTO tribal_evidence (id, fact_id, source_type, source_ref, author, authored_at, content_hash) VALUES (10429, 10429, 'inline_marker', 'pkg/saturated85/file.go', NULL, NULL, 'ev-85-4');
INSERT INTO symbols (id, repo, import_path, symbol_name, language, kind, visibility, display_name, scip_symbol) VALUES (10086, 'bench-repo', 'pkg/saturated86/file.go', 'sat_sym_86', 'go', 'func', 'public', NULL, NULL);
INSERT INTO tribal_facts (id, subject_id, kind, body, source_quote, confidence, corroboration, extractor, extractor_version, model, staleness_hash, status, created_at, last_verified, cluster_key) VALUES (10430, 10086, 'quirk', 'body-0', 'quote', 0.9, 1, 'test', '1', NULL, 'sh-86-0', 'active', '2026-01-01T00:00:00Z', '2026-01-01T00:00:00Z', '');
INSERT INTO tribal_evidence (id, fact_id, source_type, source_ref, author, authored_at, content_hash) VALUES (10430, 10430, 'inline_marker', 'pkg/saturated86/file.go', NULL, NULL, 'ev-86-0');
INSERT INTO tribal_facts (id, subject_id, kind, body, source_quote, confidence, corroboration, extractor, extractor_version, model, staleness_hash, status, created_at, last_verified, cluster_key) VALUES (10431, 10086, 'quirk', 'body-1', 'quote', 0.9, 1, 'test', '1', NULL, 'sh-86-1', 'active', '2026-01-01T00:00:00Z', '2026-01-01T00:00:00Z', '');
INSERT INTO tribal_evidence (id, fact_id, source_type, source_ref, author, authored_at, content_hash) VALUES (10431, 10431, 'inline_marker', 'pkg/saturated86/file.go', NULL, NULL, 'ev-86-1');
INSERT INTO tribal_facts (id, subject_id, kind, body, source_quote, confidence, corroboration, extractor, extractor_version, model, staleness_hash, status, created_at, last_verified, cluster_key) VALUES (10432, 10086, 'quirk', 'body-2', 'quote', 0.9, 1, 'test', '1', NULL, 'sh-86-2', 'active', '2026-01-01T00:00:00Z', '2026-01-01T00:00:00Z', '');
INSERT INTO tribal_evidence (id, fact_id, source_type, source_ref, author, authored_at, content_hash) VALUES (10432, 10432, 'inline_marker', 'pkg/saturated86/file.go', NULL, NULL, 'ev-86-2');
INSERT INTO tribal_facts (id, subject_id, kind, body, source_quote, confidence, corroboration, extractor, extractor_version, model, staleness_hash, status, created_at, last_verified, cluster_key) VALUES (10433, 10086, 'quirk', 'body-3', 'quote', 0.9, 1, 'test', '1', NULL, 'sh-86-3', 'active', '2026-01-01T00:00:00Z', '2026-01-01T00:00:00Z', '');
INSERT INTO tribal_evidence (id, fact_id, source_type, source_ref, author, authored_at, content_hash) VALUES (10433, 10433, 'inline_marker', 'pkg/saturated86/file.go', NULL, NULL, 'ev-86-3');
INSERT INTO tribal_facts (id, subject_id, kind, body, source_quote, confidence, corroboration, extractor, extractor_version, model, staleness_hash, status, created_at, last_verified, cluster_key) VALUES (10434, 10086, 'quirk', 'body-4', 'quote', 0.9, 1, 'test', '1', NULL, 'sh-86-4', 'active', '2026-01-01T00:00:00Z', '2026-01-01T00:00:00Z', '');
INSERT INTO tribal_evidence (id, fact_id, source_type, source_ref, author, authored_at, content_hash) VALUES (10434, 10434, 'inline_marker', 'pkg/saturated86/file.go', NULL, NULL, 'ev-86-4');
INSERT INTO symbols (id, repo, import_path, symbol_name, language, kind, visibility, display_name, scip_symbol) VALUES (10087, 'bench-repo', 'pkg/saturated87/file.go', 'sat_sym_87', 'go', 'func', 'public', NULL, NULL);
INSERT INTO tribal_facts (id, subject_id, kind, body, source_quote, confidence, corroboration, extractor, extractor_version, model, staleness_hash, status, created_at, last_verified, cluster_key) VALUES (10435, 10087, 'quirk', 'body-0', 'quote', 0.9, 1, 'test', '1', NULL, 'sh-87-0', 'active', '2026-01-01T00:00:00Z', '2026-01-01T00:00:00Z', '');
INSERT INTO tribal_evidence (id, fact_id, source_type, source_ref, author, authored_at, content_hash) VALUES (10435, 10435, 'inline_marker', 'pkg/saturated87/file.go', NULL, NULL, 'ev-87-0');
INSERT INTO tribal_facts (id, subject_id, kind, body, source_quote, confidence, corroboration, extractor, extractor_version, model, staleness_hash, status, created_at, last_verified, cluster_key) VALUES (10436, 10087, 'quirk', 'body-1', 'quote', 0.9, 1, 'test', '1', NULL, 'sh-87-1', 'active', '2026-01-01T00:00:00Z', '2026-01-01T00:00:00Z', '');
INSERT INTO tribal_evidence (id, fact_id, source_type, source_ref, author, authored_at, content_hash) VALUES (10436, 10436, 'inline_marker', 'pkg/saturated87/file.go', NULL, NULL, 'ev-87-1');
INSERT INTO tribal_facts (id, subject_id, kind, body, source_quote, confidence, corroboration, extractor, extractor_version, model, staleness_hash, status, created_at, last_verified, cluster_key) VALUES (10437, 10087, 'quirk', 'body-2', 'quote', 0.9, 1, 'test', '1', NULL, 'sh-87-2', 'active', '2026-01-01T00:00:00Z', '2026-01-01T00:00:00Z', '');
INSERT INTO tribal_evidence (id, fact_id, source_type, source_ref, author, authored_at, content_hash) VALUES (10437, 10437, 'inline_marker', 'pkg/saturated87/file.go', NULL, NULL, 'ev-87-2');
INSERT INTO tribal_facts (id, subject_id, kind, body, source_quote, confidence, corroboration, extractor, extractor_version, model, staleness_hash, status, created_at, last_verified, cluster_key) VALUES (10438, 10087, 'quirk', 'body-3', 'quote', 0.9, 1, 'test', '1', NULL, 'sh-87-3', 'active', '2026-01-01T00:00:00Z', '2026-01-01T00:00:00Z', '');
INSERT INTO tribal_evidence (id, fact_id, source_type, source_ref, author, authored_at, content_hash) VALUES (10438, 10438, 'inline_marker', 'pkg/saturated87/file.go', NULL, NULL, 'ev-87-3');
INSERT INTO tribal_facts (id, subject_id, kind, body, source_quote, confidence, corroboration, extractor, extractor_version, model, staleness_hash, status, created_at, last_verified, cluster_key) VALUES (10439, 10087, 'quirk', 'body-4', 'quote', 0.9, 1, 'test', '1', NULL, 'sh-87-4', 'active', '2026-01-01T00:00:00Z', '2026-01-01T00:00:00Z', '');
INSERT INTO tribal_evidence (id, fact_id, source_type, source_ref, author, authored_at, content_hash) VALUES (10439, 10439, 'inline_marker', 'pkg/saturated87/file.go', NULL, NULL, 'ev-87-4');
INSERT INTO symbols (id, repo, import_path, symbol_name, language, kind, visibility, display_name, scip_symbol) VALUES (10088, 'bench-repo', 'pkg/saturated88/file.go', 'sat_sym_88', 'go', 'func', 'public', NULL, NULL);
INSERT INTO tribal_facts (id, subject_id, kind, body, source_quote, confidence, corroboration, extractor, extractor_version, model, staleness_hash, status, created_at, last_verified, cluster_key) VALUES (10440, 10088, 'quirk', 'body-0', 'quote', 0.9, 1, 'test', '1', NULL, 'sh-88-0', 'active', '2026-01-01T00:00:00Z', '2026-01-01T00:00:00Z', '');
INSERT INTO tribal_evidence (id, fact_id, source_type, source_ref, author, authored_at, content_hash) VALUES (10440, 10440, 'inline_marker', 'pkg/saturated88/file.go', NULL, NULL, 'ev-88-0');
INSERT INTO tribal_facts (id, subject_id, kind, body, source_quote, confidence, corroboration, extractor, extractor_version, model, staleness_hash, status, created_at, last_verified, cluster_key) VALUES (10441, 10088, 'quirk', 'body-1', 'quote', 0.9, 1, 'test', '1', NULL, 'sh-88-1', 'active', '2026-01-01T00:00:00Z', '2026-01-01T00:00:00Z', '');
INSERT INTO tribal_evidence (id, fact_id, source_type, source_ref, author, authored_at, content_hash) VALUES (10441, 10441, 'inline_marker', 'pkg/saturated88/file.go', NULL, NULL, 'ev-88-1');
INSERT INTO tribal_facts (id, subject_id, kind, body, source_quote, confidence, corroboration, extractor, extractor_version, model, staleness_hash, status, created_at, last_verified, cluster_key) VALUES (10442, 10088, 'quirk', 'body-2', 'quote', 0.9, 1, 'test', '1', NULL, 'sh-88-2', 'active', '2026-01-01T00:00:00Z', '2026-01-01T00:00:00Z', '');
INSERT INTO tribal_evidence (id, fact_id, source_type, source_ref, author, authored_at, content_hash) VALUES (10442, 10442, 'inline_marker', 'pkg/saturated88/file.go', NULL, NULL, 'ev-88-2');
INSERT INTO tribal_facts (id, subject_id, kind, body, source_quote, confidence, corroboration, extractor, extractor_version, model, staleness_hash, status, created_at, last_verified, cluster_key) VALUES (10443, 10088, 'quirk', 'body-3', 'quote', 0.9, 1, 'test', '1', NULL, 'sh-88-3', 'active', '2026-01-01T00:00:00Z', '2026-01-01T00:00:00Z', '');
INSERT INTO tribal_evidence (id, fact_id, source_type, source_ref, author, authored_at, content_hash) VALUES (10443, 10443, 'inline_marker', 'pkg/saturated88/file.go', NULL, NULL, 'ev-88-3');
INSERT INTO tribal_facts (id, subject_id, kind, body, source_quote, confidence, corroboration, extractor, extractor_version, model, staleness_hash, status, created_at, last_verified, cluster_key) VALUES (10444, 10088, 'quirk', 'body-4', 'quote', 0.9, 1, 'test', '1', NULL, 'sh-88-4', 'active', '2026-01-01T00:00:00Z', '2026-01-01T00:00:00Z', '');
INSERT INTO tribal_evidence (id, fact_id, source_type, source_ref, author, authored_at, content_hash) VALUES (10444, 10444, 'inline_marker', 'pkg/saturated88/file.go', NULL, NULL, 'ev-88-4');
INSERT INTO symbols (id, repo, import_path, symbol_name, language, kind, visibility, display_name, scip_symbol) VALUES (10089, 'bench-repo', 'pkg/saturated89/file.go', 'sat_sym_89', 'go', 'func', 'public', NULL, NULL);
INSERT INTO tribal_facts (id, subject_id, kind, body, source_quote, confidence, corroboration, extractor, extractor_version, model, staleness_hash, status, created_at, last_verified, cluster_key) VALUES (10445, 10089, 'quirk', 'body-0', 'quote', 0.9, 1, 'test', '1', NULL, 'sh-89-0', 'active', '2026-01-01T00:00:00Z', '2026-01-01T00:00:00Z', '');
INSERT INTO tribal_evidence (id, fact_id, source_type, source_ref, author, authored_at, content_hash) VALUES (10445, 10445, 'inline_marker', 'pkg/saturated89/file.go', NULL, NULL, 'ev-89-0');
INSERT INTO tribal_facts (id, subject_id, kind, body, source_quote, confidence, corroboration, extractor, extractor_version, model, staleness_hash, status, created_at, last_verified, cluster_key) VALUES (10446, 10089, 'quirk', 'body-1', 'quote', 0.9, 1, 'test', '1', NULL, 'sh-89-1', 'active', '2026-01-01T00:00:00Z', '2026-01-01T00:00:00Z', '');
INSERT INTO tribal_evidence (id, fact_id, source_type, source_ref, author, authored_at, content_hash) VALUES (10446, 10446, 'inline_marker', 'pkg/saturated89/file.go', NULL, NULL, 'ev-89-1');
INSERT INTO tribal_facts (id, subject_id, kind, body, source_quote, confidence, corroboration, extractor, extractor_version, model, staleness_hash, status, created_at, last_verified, cluster_key) VALUES (10447, 10089, 'quirk', 'body-2', 'quote', 0.9, 1, 'test', '1', NULL, 'sh-89-2', 'active', '2026-01-01T00:00:00Z', '2026-01-01T00:00:00Z', '');
INSERT INTO tribal_evidence (id, fact_id, source_type, source_ref, author, authored_at, content_hash) VALUES (10447, 10447, 'inline_marker', 'pkg/saturated89/file.go', NULL, NULL, 'ev-89-2');
INSERT INTO tribal_facts (id, subject_id, kind, body, source_quote, confidence, corroboration, extractor, extractor_version, model, staleness_hash, status, created_at, last_verified, cluster_key) VALUES (10448, 10089, 'quirk', 'body-3', 'quote', 0.9, 1, 'test', '1', NULL, 'sh-89-3', 'active', '2026-01-01T00:00:00Z', '2026-01-01T00:00:00Z', '');
INSERT INTO tribal_evidence (id, fact_id, source_type, source_ref, author, authored_at, content_hash) VALUES (10448, 10448, 'inline_marker', 'pkg/saturated89/file.go', NULL, NULL, 'ev-89-3');
INSERT INTO tribal_facts (id, subject_id, kind, body, source_quote, confidence, corroboration, extractor, extractor_version, model, staleness_hash, status, created_at, last_verified, cluster_key) VALUES (10449, 10089, 'quirk', 'body-4', 'quote', 0.9, 1, 'test', '1', NULL, 'sh-89-4', 'active', '2026-01-01T00:00:00Z', '2026-01-01T00:00:00Z', '');
INSERT INTO tribal_evidence (id, fact_id, source_type, source_ref, author, authored_at, content_hash) VALUES (10449, 10449, 'inline_marker', 'pkg/saturated89/file.go', NULL, NULL, 'ev-89-4');
INSERT INTO symbols (id, repo, import_path, symbol_name, language, kind, visibility, display_name, scip_symbol) VALUES (10090, 'bench-repo', 'pkg/saturated90/file.go', 'sat_sym_90', 'go', 'func', 'public', NULL, NULL);
INSERT INTO tribal_facts (id, subject_id, kind, body, source_quote, confidence, corroboration, extractor, extractor_version, model, staleness_hash, status, created_at, last_verified, cluster_key) VALUES (10450, 10090, 'quirk', 'body-0', 'quote', 0.9, 1, 'test', '1', NULL, 'sh-90-0', 'active', '2026-01-01T00:00:00Z', '2026-01-01T00:00:00Z', '');
INSERT INTO tribal_evidence (id, fact_id, source_type, source_ref, author, authored_at, content_hash) VALUES (10450, 10450, 'inline_marker', 'pkg/saturated90/file.go', NULL, NULL, 'ev-90-0');
INSERT INTO tribal_facts (id, subject_id, kind, body, source_quote, confidence, corroboration, extractor, extractor_version, model, staleness_hash, status, created_at, last_verified, cluster_key) VALUES (10451, 10090, 'quirk', 'body-1', 'quote', 0.9, 1, 'test', '1', NULL, 'sh-90-1', 'active', '2026-01-01T00:00:00Z', '2026-01-01T00:00:00Z', '');
INSERT INTO tribal_evidence (id, fact_id, source_type, source_ref, author, authored_at, content_hash) VALUES (10451, 10451, 'inline_marker', 'pkg/saturated90/file.go', NULL, NULL, 'ev-90-1');
INSERT INTO tribal_facts (id, subject_id, kind, body, source_quote, confidence, corroboration, extractor, extractor_version, model, staleness_hash, status, created_at, last_verified, cluster_key) VALUES (10452, 10090, 'quirk', 'body-2', 'quote', 0.9, 1, 'test', '1', NULL, 'sh-90-2', 'active', '2026-01-01T00:00:00Z', '2026-01-01T00:00:00Z', '');
INSERT INTO tribal_evidence (id, fact_id, source_type, source_ref, author, authored_at, content_hash) VALUES (10452, 10452, 'inline_marker', 'pkg/saturated90/file.go', NULL, NULL, 'ev-90-2');
INSERT INTO tribal_facts (id, subject_id, kind, body, source_quote, confidence, corroboration, extractor, extractor_version, model, staleness_hash, status, created_at, last_verified, cluster_key) VALUES (10453, 10090, 'quirk', 'body-3', 'quote', 0.9, 1, 'test', '1', NULL, 'sh-90-3', 'active', '2026-01-01T00:00:00Z', '2026-01-01T00:00:00Z', '');
INSERT INTO tribal_evidence (id, fact_id, source_type, source_ref, author, authored_at, content_hash) VALUES (10453, 10453, 'inline_marker', 'pkg/saturated90/file.go', NULL, NULL, 'ev-90-3');
INSERT INTO tribal_facts (id, subject_id, kind, body, source_quote, confidence, corroboration, extractor, extractor_version, model, staleness_hash, status, created_at, last_verified, cluster_key) VALUES (10454, 10090, 'quirk', 'body-4', 'quote', 0.9, 1, 'test', '1', NULL, 'sh-90-4', 'active', '2026-01-01T00:00:00Z', '2026-01-01T00:00:00Z', '');
INSERT INTO tribal_evidence (id, fact_id, source_type, source_ref, author, authored_at, content_hash) VALUES (10454, 10454, 'inline_marker', 'pkg/saturated90/file.go', NULL, NULL, 'ev-90-4');
INSERT INTO symbols (id, repo, import_path, symbol_name, language, kind, visibility, display_name, scip_symbol) VALUES (10091, 'bench-repo', 'pkg/saturated91/file.go', 'sat_sym_91', 'go', 'func', 'public', NULL, NULL);
INSERT INTO tribal_facts (id, subject_id, kind, body, source_quote, confidence, corroboration, extractor, extractor_version, model, staleness_hash, status, created_at, last_verified, cluster_key) VALUES (10455, 10091, 'quirk', 'body-0', 'quote', 0.9, 1, 'test', '1', NULL, 'sh-91-0', 'active', '2026-01-01T00:00:00Z', '2026-01-01T00:00:00Z', '');
INSERT INTO tribal_evidence (id, fact_id, source_type, source_ref, author, authored_at, content_hash) VALUES (10455, 10455, 'inline_marker', 'pkg/saturated91/file.go', NULL, NULL, 'ev-91-0');
INSERT INTO tribal_facts (id, subject_id, kind, body, source_quote, confidence, corroboration, extractor, extractor_version, model, staleness_hash, status, created_at, last_verified, cluster_key) VALUES (10456, 10091, 'quirk', 'body-1', 'quote', 0.9, 1, 'test', '1', NULL, 'sh-91-1', 'active', '2026-01-01T00:00:00Z', '2026-01-01T00:00:00Z', '');
INSERT INTO tribal_evidence (id, fact_id, source_type, source_ref, author, authored_at, content_hash) VALUES (10456, 10456, 'inline_marker', 'pkg/saturated91/file.go', NULL, NULL, 'ev-91-1');
INSERT INTO tribal_facts (id, subject_id, kind, body, source_quote, confidence, corroboration, extractor, extractor_version, model, staleness_hash, status, created_at, last_verified, cluster_key) VALUES (10457, 10091, 'quirk', 'body-2', 'quote', 0.9, 1, 'test', '1', NULL, 'sh-91-2', 'active', '2026-01-01T00:00:00Z', '2026-01-01T00:00:00Z', '');
INSERT INTO tribal_evidence (id, fact_id, source_type, source_ref, author, authored_at, content_hash) VALUES (10457, 10457, 'inline_marker', 'pkg/saturated91/file.go', NULL, NULL, 'ev-91-2');
INSERT INTO tribal_facts (id, subject_id, kind, body, source_quote, confidence, corroboration, extractor, extractor_version, model, staleness_hash, status, created_at, last_verified, cluster_key) VALUES (10458, 10091, 'quirk', 'body-3', 'quote', 0.9, 1, 'test', '1', NULL, 'sh-91-3', 'active', '2026-01-01T00:00:00Z', '2026-01-01T00:00:00Z', '');
INSERT INTO tribal_evidence (id, fact_id, source_type, source_ref, author, authored_at, content_hash) VALUES (10458, 10458, 'inline_marker', 'pkg/saturated91/file.go', NULL, NULL, 'ev-91-3');
INSERT INTO tribal_facts (id, subject_id, kind, body, source_quote, confidence, corroboration, extractor, extractor_version, model, staleness_hash, status, created_at, last_verified, cluster_key) VALUES (10459, 10091, 'quirk', 'body-4', 'quote', 0.9, 1, 'test', '1', NULL, 'sh-91-4', 'active', '2026-01-01T00:00:00Z', '2026-01-01T00:00:00Z', '');
INSERT INTO tribal_evidence (id, fact_id, source_type, source_ref, author, authored_at, content_hash) VALUES (10459, 10459, 'inline_marker', 'pkg/saturated91/file.go', NULL, NULL, 'ev-91-4');
INSERT INTO symbols (id, repo, import_path, symbol_name, language, kind, visibility, display_name, scip_symbol) VALUES (10092, 'bench-repo', 'pkg/saturated92/file.go', 'sat_sym_92', 'go', 'func', 'public', NULL, NULL);
INSERT INTO tribal_facts (id, subject_id, kind, body, source_quote, confidence, corroboration, extractor, extractor_version, model, staleness_hash, status, created_at, last_verified, cluster_key) VALUES (10460, 10092, 'quirk', 'body-0', 'quote', 0.9, 1, 'test', '1', NULL, 'sh-92-0', 'active', '2026-01-01T00:00:00Z', '2026-01-01T00:00:00Z', '');
INSERT INTO tribal_evidence (id, fact_id, source_type, source_ref, author, authored_at, content_hash) VALUES (10460, 10460, 'inline_marker', 'pkg/saturated92/file.go', NULL, NULL, 'ev-92-0');
INSERT INTO tribal_facts (id, subject_id, kind, body, source_quote, confidence, corroboration, extractor, extractor_version, model, staleness_hash, status, created_at, last_verified, cluster_key) VALUES (10461, 10092, 'quirk', 'body-1', 'quote', 0.9, 1, 'test', '1', NULL, 'sh-92-1', 'active', '2026-01-01T00:00:00Z', '2026-01-01T00:00:00Z', '');
INSERT INTO tribal_evidence (id, fact_id, source_type, source_ref, author, authored_at, content_hash) VALUES (10461, 10461, 'inline_marker', 'pkg/saturated92/file.go', NULL, NULL, 'ev-92-1');
INSERT INTO tribal_facts (id, subject_id, kind, body, source_quote, confidence, corroboration, extractor, extractor_version, model, staleness_hash, status, created_at, last_verified, cluster_key) VALUES (10462, 10092, 'quirk', 'body-2', 'quote', 0.9, 1, 'test', '1', NULL, 'sh-92-2', 'active', '2026-01-01T00:00:00Z', '2026-01-01T00:00:00Z', '');
INSERT INTO tribal_evidence (id, fact_id, source_type, source_ref, author, authored_at, content_hash) VALUES (10462, 10462, 'inline_marker', 'pkg/saturated92/file.go', NULL, NULL, 'ev-92-2');
INSERT INTO tribal_facts (id, subject_id, kind, body, source_quote, confidence, corroboration, extractor, extractor_version, model, staleness_hash, status, created_at, last_verified, cluster_key) VALUES (10463, 10092, 'quirk', 'body-3', 'quote', 0.9, 1, 'test', '1', NULL, 'sh-92-3', 'active', '2026-01-01T00:00:00Z', '2026-01-01T00:00:00Z', '');
INSERT INTO tribal_evidence (id, fact_id, source_type, source_ref, author, authored_at, content_hash) VALUES (10463, 10463, 'inline_marker', 'pkg/saturated92/file.go', NULL, NULL, 'ev-92-3');
INSERT INTO tribal_facts (id, subject_id, kind, body, source_quote, confidence, corroboration, extractor, extractor_version, model, staleness_hash, status, created_at, last_verified, cluster_key) VALUES (10464, 10092, 'quirk', 'body-4', 'quote', 0.9, 1, 'test', '1', NULL, 'sh-92-4', 'active', '2026-01-01T00:00:00Z', '2026-01-01T00:00:00Z', '');
INSERT INTO tribal_evidence (id, fact_id, source_type, source_ref, author, authored_at, content_hash) VALUES (10464, 10464, 'inline_marker', 'pkg/saturated92/file.go', NULL, NULL, 'ev-92-4');
INSERT INTO symbols (id, repo, import_path, symbol_name, language, kind, visibility, display_name, scip_symbol) VALUES (10093, 'bench-repo', 'pkg/saturated93/file.go', 'sat_sym_93', 'go', 'func', 'public', NULL, NULL);
INSERT INTO tribal_facts (id, subject_id, kind, body, source_quote, confidence, corroboration, extractor, extractor_version, model, staleness_hash, status, created_at, last_verified, cluster_key) VALUES (10465, 10093, 'quirk', 'body-0', 'quote', 0.9, 1, 'test', '1', NULL, 'sh-93-0', 'active', '2026-01-01T00:00:00Z', '2026-01-01T00:00:00Z', '');
INSERT INTO tribal_evidence (id, fact_id, source_type, source_ref, author, authored_at, content_hash) VALUES (10465, 10465, 'inline_marker', 'pkg/saturated93/file.go', NULL, NULL, 'ev-93-0');
INSERT INTO tribal_facts (id, subject_id, kind, body, source_quote, confidence, corroboration, extractor, extractor_version, model, staleness_hash, status, created_at, last_verified, cluster_key) VALUES (10466, 10093, 'quirk', 'body-1', 'quote', 0.9, 1, 'test', '1', NULL, 'sh-93-1', 'active', '2026-01-01T00:00:00Z', '2026-01-01T00:00:00Z', '');
INSERT INTO tribal_evidence (id, fact_id, source_type, source_ref, author, authored_at, content_hash) VALUES (10466, 10466, 'inline_marker', 'pkg/saturated93/file.go', NULL, NULL, 'ev-93-1');
INSERT INTO tribal_facts (id, subject_id, kind, body, source_quote, confidence, corroboration, extractor, extractor_version, model, staleness_hash, status, created_at, last_verified, cluster_key) VALUES (10467, 10093, 'quirk', 'body-2', 'quote', 0.9, 1, 'test', '1', NULL, 'sh-93-2', 'active', '2026-01-01T00:00:00Z', '2026-01-01T00:00:00Z', '');
INSERT INTO tribal_evidence (id, fact_id, source_type, source_ref, author, authored_at, content_hash) VALUES (10467, 10467, 'inline_marker', 'pkg/saturated93/file.go', NULL, NULL, 'ev-93-2');
INSERT INTO tribal_facts (id, subject_id, kind, body, source_quote, confidence, corroboration, extractor, extractor_version, model, staleness_hash, status, created_at, last_verified, cluster_key) VALUES (10468, 10093, 'quirk', 'body-3', 'quote', 0.9, 1, 'test', '1', NULL, 'sh-93-3', 'active', '2026-01-01T00:00:00Z', '2026-01-01T00:00:00Z', '');
INSERT INTO tribal_evidence (id, fact_id, source_type, source_ref, author, authored_at, content_hash) VALUES (10468, 10468, 'inline_marker', 'pkg/saturated93/file.go', NULL, NULL, 'ev-93-3');
INSERT INTO tribal_facts (id, subject_id, kind, body, source_quote, confidence, corroboration, extractor, extractor_version, model, staleness_hash, status, created_at, last_verified, cluster_key) VALUES (10469, 10093, 'quirk', 'body-4', 'quote', 0.9, 1, 'test', '1', NULL, 'sh-93-4', 'active', '2026-01-01T00:00:00Z', '2026-01-01T00:00:00Z', '');
INSERT INTO tribal_evidence (id, fact_id, source_type, source_ref, author, authored_at, content_hash) VALUES (10469, 10469, 'inline_marker', 'pkg/saturated93/file.go', NULL, NULL, 'ev-93-4');
INSERT INTO symbols (id, repo, import_path, symbol_name, language, kind, visibility, display_name, scip_symbol) VALUES (10094, 'bench-repo', 'pkg/saturated94/file.go', 'sat_sym_94', 'go', 'func', 'public', NULL, NULL);
INSERT INTO tribal_facts (id, subject_id, kind, body, source_quote, confidence, corroboration, extractor, extractor_version, model, staleness_hash, status, created_at, last_verified, cluster_key) VALUES (10470, 10094, 'quirk', 'body-0', 'quote', 0.9, 1, 'test', '1', NULL, 'sh-94-0', 'active', '2026-01-01T00:00:00Z', '2026-01-01T00:00:00Z', '');
INSERT INTO tribal_evidence (id, fact_id, source_type, source_ref, author, authored_at, content_hash) VALUES (10470, 10470, 'inline_marker', 'pkg/saturated94/file.go', NULL, NULL, 'ev-94-0');
INSERT INTO tribal_facts (id, subject_id, kind, body, source_quote, confidence, corroboration, extractor, extractor_version, model, staleness_hash, status, created_at, last_verified, cluster_key) VALUES (10471, 10094, 'quirk', 'body-1', 'quote', 0.9, 1, 'test', '1', NULL, 'sh-94-1', 'active', '2026-01-01T00:00:00Z', '2026-01-01T00:00:00Z', '');
INSERT INTO tribal_evidence (id, fact_id, source_type, source_ref, author, authored_at, content_hash) VALUES (10471, 10471, 'inline_marker', 'pkg/saturated94/file.go', NULL, NULL, 'ev-94-1');
INSERT INTO tribal_facts (id, subject_id, kind, body, source_quote, confidence, corroboration, extractor, extractor_version, model, staleness_hash, status, created_at, last_verified, cluster_key) VALUES (10472, 10094, 'quirk', 'body-2', 'quote', 0.9, 1, 'test', '1', NULL, 'sh-94-2', 'active', '2026-01-01T00:00:00Z', '2026-01-01T00:00:00Z', '');
INSERT INTO tribal_evidence (id, fact_id, source_type, source_ref, author, authored_at, content_hash) VALUES (10472, 10472, 'inline_marker', 'pkg/saturated94/file.go', NULL, NULL, 'ev-94-2');
INSERT INTO tribal_facts (id, subject_id, kind, body, source_quote, confidence, corroboration, extractor, extractor_version, model, staleness_hash, status, created_at, last_verified, cluster_key) VALUES (10473, 10094, 'quirk', 'body-3', 'quote', 0.9, 1, 'test', '1', NULL, 'sh-94-3', 'active', '2026-01-01T00:00:00Z', '2026-01-01T00:00:00Z', '');
INSERT INTO tribal_evidence (id, fact_id, source_type, source_ref, author, authored_at, content_hash) VALUES (10473, 10473, 'inline_marker', 'pkg/saturated94/file.go', NULL, NULL, 'ev-94-3');
INSERT INTO tribal_facts (id, subject_id, kind, body, source_quote, confidence, corroboration, extractor, extractor_version, model, staleness_hash, status, created_at, last_verified, cluster_key) VALUES (10474, 10094, 'quirk', 'body-4', 'quote', 0.9, 1, 'test', '1', NULL, 'sh-94-4', 'active', '2026-01-01T00:00:00Z', '2026-01-01T00:00:00Z', '');
INSERT INTO tribal_evidence (id, fact_id, source_type, source_ref, author, authored_at, content_hash) VALUES (10474, 10474, 'inline_marker', 'pkg/saturated94/file.go', NULL, NULL, 'ev-94-4');
INSERT INTO symbols (id, repo, import_path, symbol_name, language, kind, visibility, display_name, scip_symbol) VALUES (10095, 'bench-repo', 'pkg/saturated95/file.go', 'sat_sym_95', 'go', 'func', 'public', NULL, NULL);
INSERT INTO tribal_facts (id, subject_id, kind, body, source_quote, confidence, corroboration, extractor, extractor_version, model, staleness_hash, status, created_at, last_verified, cluster_key) VALUES (10475, 10095, 'quirk', 'body-0', 'quote', 0.9, 1, 'test', '1', NULL, 'sh-95-0', 'active', '2026-01-01T00:00:00Z', '2026-01-01T00:00:00Z', '');
INSERT INTO tribal_evidence (id, fact_id, source_type, source_ref, author, authored_at, content_hash) VALUES (10475, 10475, 'inline_marker', 'pkg/saturated95/file.go', NULL, NULL, 'ev-95-0');
INSERT INTO tribal_facts (id, subject_id, kind, body, source_quote, confidence, corroboration, extractor, extractor_version, model, staleness_hash, status, created_at, last_verified, cluster_key) VALUES (10476, 10095, 'quirk', 'body-1', 'quote', 0.9, 1, 'test', '1', NULL, 'sh-95-1', 'active', '2026-01-01T00:00:00Z', '2026-01-01T00:00:00Z', '');
INSERT INTO tribal_evidence (id, fact_id, source_type, source_ref, author, authored_at, content_hash) VALUES (10476, 10476, 'inline_marker', 'pkg/saturated95/file.go', NULL, NULL, 'ev-95-1');
INSERT INTO tribal_facts (id, subject_id, kind, body, source_quote, confidence, corroboration, extractor, extractor_version, model, staleness_hash, status, created_at, last_verified, cluster_key) VALUES (10477, 10095, 'quirk', 'body-2', 'quote', 0.9, 1, 'test', '1', NULL, 'sh-95-2', 'active', '2026-01-01T00:00:00Z', '2026-01-01T00:00:00Z', '');
INSERT INTO tribal_evidence (id, fact_id, source_type, source_ref, author, authored_at, content_hash) VALUES (10477, 10477, 'inline_marker', 'pkg/saturated95/file.go', NULL, NULL, 'ev-95-2');
INSERT INTO tribal_facts (id, subject_id, kind, body, source_quote, confidence, corroboration, extractor, extractor_version, model, staleness_hash, status, created_at, last_verified, cluster_key) VALUES (10478, 10095, 'quirk', 'body-3', 'quote', 0.9, 1, 'test', '1', NULL, 'sh-95-3', 'active', '2026-01-01T00:00:00Z', '2026-01-01T00:00:00Z', '');
INSERT INTO tribal_evidence (id, fact_id, source_type, source_ref, author, authored_at, content_hash) VALUES (10478, 10478, 'inline_marker', 'pkg/saturated95/file.go', NULL, NULL, 'ev-95-3');
INSERT INTO tribal_facts (id, subject_id, kind, body, source_quote, confidence, corroboration, extractor, extractor_version, model, staleness_hash, status, created_at, last_verified, cluster_key) VALUES (10479, 10095, 'quirk', 'body-4', 'quote', 0.9, 1, 'test', '1', NULL, 'sh-95-4', 'active', '2026-01-01T00:00:00Z', '2026-01-01T00:00:00Z', '');
INSERT INTO tribal_evidence (id, fact_id, source_type, source_ref, author, authored_at, content_hash) VALUES (10479, 10479, 'inline_marker', 'pkg/saturated95/file.go', NULL, NULL, 'ev-95-4');
INSERT INTO symbols (id, repo, import_path, symbol_name, language, kind, visibility, display_name, scip_symbol) VALUES (10096, 'bench-repo', 'pkg/saturated96/file.go', 'sat_sym_96', 'go', 'func', 'public', NULL, NULL);
INSERT INTO tribal_facts (id, subject_id, kind, body, source_quote, confidence, corroboration, extractor, extractor_version, model, staleness_hash, status, created_at, last_verified, cluster_key) VALUES (10480, 10096, 'quirk', 'body-0', 'quote', 0.9, 1, 'test', '1', NULL, 'sh-96-0', 'active', '2026-01-01T00:00:00Z', '2026-01-01T00:00:00Z', '');
INSERT INTO tribal_evidence (id, fact_id, source_type, source_ref, author, authored_at, content_hash) VALUES (10480, 10480, 'inline_marker', 'pkg/saturated96/file.go', NULL, NULL, 'ev-96-0');
INSERT INTO tribal_facts (id, subject_id, kind, body, source_quote, confidence, corroboration, extractor, extractor_version, model, staleness_hash, status, created_at, last_verified, cluster_key) VALUES (10481, 10096, 'quirk', 'body-1', 'quote', 0.9, 1, 'test', '1', NULL, 'sh-96-1', 'active', '2026-01-01T00:00:00Z', '2026-01-01T00:00:00Z', '');
INSERT INTO tribal_evidence (id, fact_id, source_type, source_ref, author, authored_at, content_hash) VALUES (10481, 10481, 'inline_marker', 'pkg/saturated96/file.go', NULL, NULL, 'ev-96-1');
INSERT INTO tribal_facts (id, subject_id, kind, body, source_quote, confidence, corroboration, extractor, extractor_version, model, staleness_hash, status, created_at, last_verified, cluster_key) VALUES (10482, 10096, 'quirk', 'body-2', 'quote', 0.9, 1, 'test', '1', NULL, 'sh-96-2', 'active', '2026-01-01T00:00:00Z', '2026-01-01T00:00:00Z', '');
INSERT INTO tribal_evidence (id, fact_id, source_type, source_ref, author, authored_at, content_hash) VALUES (10482, 10482, 'inline_marker', 'pkg/saturated96/file.go', NULL, NULL, 'ev-96-2');
INSERT INTO tribal_facts (id, subject_id, kind, body, source_quote, confidence, corroboration, extractor, extractor_version, model, staleness_hash, status, created_at, last_verified, cluster_key) VALUES (10483, 10096, 'quirk', 'body-3', 'quote', 0.9, 1, 'test', '1', NULL, 'sh-96-3', 'active', '2026-01-01T00:00:00Z', '2026-01-01T00:00:00Z', '');
INSERT INTO tribal_evidence (id, fact_id, source_type, source_ref, author, authored_at, content_hash) VALUES (10483, 10483, 'inline_marker', 'pkg/saturated96/file.go', NULL, NULL, 'ev-96-3');
INSERT INTO tribal_facts (id, subject_id, kind, body, source_quote, confidence, corroboration, extractor, extractor_version, model, staleness_hash, status, created_at, last_verified, cluster_key) VALUES (10484, 10096, 'quirk', 'body-4', 'quote', 0.9, 1, 'test', '1', NULL, 'sh-96-4', 'active', '2026-01-01T00:00:00Z', '2026-01-01T00:00:00Z', '');
INSERT INTO tribal_evidence (id, fact_id, source_type, source_ref, author, authored_at, content_hash) VALUES (10484, 10484, 'inline_marker', 'pkg/saturated96/file.go', NULL, NULL, 'ev-96-4');
INSERT INTO symbols (id, repo, import_path, symbol_name, language, kind, visibility, display_name, scip_symbol) VALUES (10097, 'bench-repo', 'pkg/saturated97/file.go', 'sat_sym_97', 'go', 'func', 'public', NULL, NULL);
INSERT INTO tribal_facts (id, subject_id, kind, body, source_quote, confidence, corroboration, extractor, extractor_version, model, staleness_hash, status, created_at, last_verified, cluster_key) VALUES (10485, 10097, 'quirk', 'body-0', 'quote', 0.9, 1, 'test', '1', NULL, 'sh-97-0', 'active', '2026-01-01T00:00:00Z', '2026-01-01T00:00:00Z', '');
INSERT INTO tribal_evidence (id, fact_id, source_type, source_ref, author, authored_at, content_hash) VALUES (10485, 10485, 'inline_marker', 'pkg/saturated97/file.go', NULL, NULL, 'ev-97-0');
INSERT INTO tribal_facts (id, subject_id, kind, body, source_quote, confidence, corroboration, extractor, extractor_version, model, staleness_hash, status, created_at, last_verified, cluster_key) VALUES (10486, 10097, 'quirk', 'body-1', 'quote', 0.9, 1, 'test', '1', NULL, 'sh-97-1', 'active', '2026-01-01T00:00:00Z', '2026-01-01T00:00:00Z', '');
INSERT INTO tribal_evidence (id, fact_id, source_type, source_ref, author, authored_at, content_hash) VALUES (10486, 10486, 'inline_marker', 'pkg/saturated97/file.go', NULL, NULL, 'ev-97-1');
INSERT INTO tribal_facts (id, subject_id, kind, body, source_quote, confidence, corroboration, extractor, extractor_version, model, staleness_hash, status, created_at, last_verified, cluster_key) VALUES (10487, 10097, 'quirk', 'body-2', 'quote', 0.9, 1, 'test', '1', NULL, 'sh-97-2', 'active', '2026-01-01T00:00:00Z', '2026-01-01T00:00:00Z', '');
INSERT INTO tribal_evidence (id, fact_id, source_type, source_ref, author, authored_at, content_hash) VALUES (10487, 10487, 'inline_marker', 'pkg/saturated97/file.go', NULL, NULL, 'ev-97-2');
INSERT INTO tribal_facts (id, subject_id, kind, body, source_quote, confidence, corroboration, extractor, extractor_version, model, staleness_hash, status, created_at, last_verified, cluster_key) VALUES (10488, 10097, 'quirk', 'body-3', 'quote', 0.9, 1, 'test', '1', NULL, 'sh-97-3', 'active', '2026-01-01T00:00:00Z', '2026-01-01T00:00:00Z', '');
INSERT INTO tribal_evidence (id, fact_id, source_type, source_ref, author, authored_at, content_hash) VALUES (10488, 10488, 'inline_marker', 'pkg/saturated97/file.go', NULL, NULL, 'ev-97-3');
INSERT INTO tribal_facts (id, subject_id, kind, body, source_quote, confidence, corroboration, extractor, extractor_version, model, staleness_hash, status, created_at, last_verified, cluster_key) VALUES (10489, 10097, 'quirk', 'body-4', 'quote', 0.9, 1, 'test', '1', NULL, 'sh-97-4', 'active', '2026-01-01T00:00:00Z', '2026-01-01T00:00:00Z', '');
INSERT INTO tribal_evidence (id, fact_id, source_type, source_ref, author, authored_at, content_hash) VALUES (10489, 10489, 'inline_marker', 'pkg/saturated97/file.go', NULL, NULL, 'ev-97-4');
INSERT INTO symbols (id, repo, import_path, symbol_name, language, kind, visibility, display_name, scip_symbol) VALUES (10098, 'bench-repo', 'pkg/saturated98/file.go', 'sat_sym_98', 'go', 'func', 'public', NULL, NULL);
INSERT INTO tribal_facts (id, subject_id, kind, body, source_quote, confidence, corroboration, extractor, extractor_version, model, staleness_hash, status, created_at, last_verified, cluster_key) VALUES (10490, 10098, 'quirk', 'body-0', 'quote', 0.9, 1, 'test', '1', NULL, 'sh-98-0', 'active', '2026-01-01T00:00:00Z', '2026-01-01T00:00:00Z', '');
INSERT INTO tribal_evidence (id, fact_id, source_type, source_ref, author, authored_at, content_hash) VALUES (10490, 10490, 'inline_marker', 'pkg/saturated98/file.go', NULL, NULL, 'ev-98-0');
INSERT INTO tribal_facts (id, subject_id, kind, body, source_quote, confidence, corroboration, extractor, extractor_version, model, staleness_hash, status, created_at, last_verified, cluster_key) VALUES (10491, 10098, 'quirk', 'body-1', 'quote', 0.9, 1, 'test', '1', NULL, 'sh-98-1', 'active', '2026-01-01T00:00:00Z', '2026-01-01T00:00:00Z', '');
INSERT INTO tribal_evidence (id, fact_id, source_type, source_ref, author, authored_at, content_hash) VALUES (10491, 10491, 'inline_marker', 'pkg/saturated98/file.go', NULL, NULL, 'ev-98-1');
INSERT INTO tribal_facts (id, subject_id, kind, body, source_quote, confidence, corroboration, extractor, extractor_version, model, staleness_hash, status, created_at, last_verified, cluster_key) VALUES (10492, 10098, 'quirk', 'body-2', 'quote', 0.9, 1, 'test', '1', NULL, 'sh-98-2', 'active', '2026-01-01T00:00:00Z', '2026-01-01T00:00:00Z', '');
INSERT INTO tribal_evidence (id, fact_id, source_type, source_ref, author, authored_at, content_hash) VALUES (10492, 10492, 'inline_marker', 'pkg/saturated98/file.go', NULL, NULL, 'ev-98-2');
INSERT INTO tribal_facts (id, subject_id, kind, body, source_quote, confidence, corroboration, extractor, extractor_version, model, staleness_hash, status, created_at, last_verified, cluster_key) VALUES (10493, 10098, 'quirk', 'body-3', 'quote', 0.9, 1, 'test', '1', NULL, 'sh-98-3', 'active', '2026-01-01T00:00:00Z', '2026-01-01T00:00:00Z', '');
INSERT INTO tribal_evidence (id, fact_id, source_type, source_ref, author, authored_at, content_hash) VALUES (10493, 10493, 'inline_marker', 'pkg/saturated98/file.go', NULL, NULL, 'ev-98-3');
INSERT INTO tribal_facts (id, subject_id, kind, body, source_quote, confidence, corroboration, extractor, extractor_version, model, staleness_hash, status, created_at, last_verified, cluster_key) VALUES (10494, 10098, 'quirk', 'body-4', 'quote', 0.9, 1, 'test', '1', NULL, 'sh-98-4', 'active', '2026-01-01T00:00:00Z', '2026-01-01T00:00:00Z', '');
INSERT INTO tribal_evidence (id, fact_id, source_type, source_ref, author, authored_at, content_hash) VALUES (10494, 10494, 'inline_marker', 'pkg/saturated98/file.go', NULL, NULL, 'ev-98-4');
INSERT INTO symbols (id, repo, import_path, symbol_name, language, kind, visibility, display_name, scip_symbol) VALUES (10099, 'bench-repo', 'pkg/saturated99/file.go', 'sat_sym_99', 'go', 'func', 'public', NULL, NULL);
INSERT INTO tribal_facts (id, subject_id, kind, body, source_quote, confidence, corroboration, extractor, extractor_version, model, staleness_hash, status, created_at, last_verified, cluster_key) VALUES (10495, 10099, 'quirk', 'body-0', 'quote', 0.9, 1, 'test', '1', NULL, 'sh-99-0', 'active', '2026-01-01T00:00:00Z', '2026-01-01T00:00:00Z', '');
INSERT INTO tribal_evidence (id, fact_id, source_type, source_ref, author, authored_at, content_hash) VALUES (10495, 10495, 'inline_marker', 'pkg/saturated99/file.go', NULL, NULL, 'ev-99-0');
INSERT INTO tribal_facts (id, subject_id, kind, body, source_quote, confidence, corroboration, extractor, extractor_version, model, staleness_hash, status, created_at, last_verified, cluster_key) VALUES (10496, 10099, 'quirk', 'body-1', 'quote', 0.9, 1, 'test', '1', NULL, 'sh-99-1', 'active', '2026-01-01T00:00:00Z', '2026-01-01T00:00:00Z', '');
INSERT INTO tribal_evidence (id, fact_id, source_type, source_ref, author, authored_at, content_hash) VALUES (10496, 10496, 'inline_marker', 'pkg/saturated99/file.go', NULL, NULL, 'ev-99-1');
INSERT INTO tribal_facts (id, subject_id, kind, body, source_quote, confidence, corroboration, extractor, extractor_version, model, staleness_hash, status, created_at, last_verified, cluster_key) VALUES (10497, 10099, 'quirk', 'body-2', 'quote', 0.9, 1, 'test', '1', NULL, 'sh-99-2', 'active', '2026-01-01T00:00:00Z', '2026-01-01T00:00:00Z', '');
INSERT INTO tribal_evidence (id, fact_id, source_type, source_ref, author, authored_at, content_hash) VALUES (10497, 10497, 'inline_marker', 'pkg/saturated99/file.go', NULL, NULL, 'ev-99-2');
INSERT INTO tribal_facts (id, subject_id, kind, body, source_quote, confidence, corroboration, extractor, extractor_version, model, staleness_hash, status, created_at, last_verified, cluster_key) VALUES (10498, 10099, 'quirk', 'body-3', 'quote', 0.9, 1, 'test', '1', NULL, 'sh-99-3', 'active', '2026-01-01T00:00:00Z', '2026-01-01T00:00:00Z', '');
INSERT INTO tribal_evidence (id, fact_id, source_type, source_ref, author, authored_at, content_hash) VALUES (10498, 10498, 'inline_marker', 'pkg/saturated99/file.go', NULL, NULL, 'ev-99-3');
INSERT INTO tribal_facts (id, subject_id, kind, body, source_quote, confidence, corroboration, extractor, extractor_version, model, staleness_hash, status, created_at, last_verified, cluster_key) VALUES (10499, 10099, 'quirk', 'body-4', 'quote', 0.9, 1, 'test', '1', NULL, 'sh-99-4', 'active', '2026-01-01T00:00:00Z', '2026-01-01T00:00:00Z', '');
INSERT INTO tribal_evidence (id, fact_id, source_type, source_ref, author, authored_at, content_hash) VALUES (10499, 10499, 'inline_marker', 'pkg/saturated99/file.go', NULL, NULL, 'ev-99-4');
INSERT INTO symbols (id, repo, import_path, symbol_name, language, kind, visibility, display_name, scip_symbol) VALUES (10100, 'bench-repo', 'pkg/saturated100/file.go', 'sat_sym_100', 'go', 'func', 'public', NULL, NULL);
INSERT INTO tribal_facts (id, subject_id, kind, body, source_quote, confidence, corroboration, extractor, extractor_version, model, staleness_hash, status, created_at, last_verified, cluster_key) VALUES (10500, 10100, 'quirk', 'body-0', 'quote', 0.9, 1, 'test', '1', NULL, 'sh-100-0', 'active', '2026-01-01T00:00:00Z', '2026-01-01T00:00:00Z', '');
INSERT INTO tribal_evidence (id, fact_id, source_type, source_ref, author, authored_at, content_hash) VALUES (10500, 10500, 'inline_marker', 'pkg/saturated100/file.go', NULL, NULL, 'ev-100-0');
INSERT INTO tribal_facts (id, subject_id, kind, body, source_quote, confidence, corroboration, extractor, extractor_version, model, staleness_hash, status, created_at, last_verified, cluster_key) VALUES (10501, 10100, 'quirk', 'body-1', 'quote', 0.9, 1, 'test', '1', NULL, 'sh-100-1', 'active', '2026-01-01T00:00:00Z', '2026-01-01T00:00:00Z', '');
INSERT INTO tribal_evidence (id, fact_id, source_type, source_ref, author, authored_at, content_hash) VALUES (10501, 10501, 'inline_marker', 'pkg/saturated100/file.go', NULL, NULL, 'ev-100-1');
INSERT INTO tribal_facts (id, subject_id, kind, body, source_quote, confidence, corroboration, extractor, extractor_version, model, staleness_hash, status, created_at, last_verified, cluster_key) VALUES (10502, 10100, 'quirk', 'body-2', 'quote', 0.9, 1, 'test', '1', NULL, 'sh-100-2', 'active', '2026-01-01T00:00:00Z', '2026-01-01T00:00:00Z', '');
INSERT INTO tribal_evidence (id, fact_id, source_type, source_ref, author, authored_at, content_hash) VALUES (10502, 10502, 'inline_marker', 'pkg/saturated100/file.go', NULL, NULL, 'ev-100-2');
INSERT INTO tribal_facts (id, subject_id, kind, body, source_quote, confidence, corroboration, extractor, extractor_version, model, staleness_hash, status, created_at, last_verified, cluster_key) VALUES (10503, 10100, 'quirk', 'body-3', 'quote', 0.9, 1, 'test', '1', NULL, 'sh-100-3', 'active', '2026-01-01T00:00:00Z', '2026-01-01T00:00:00Z', '');
INSERT INTO tribal_evidence (id, fact_id, source_type, source_ref, author, authored_at, content_hash) VALUES (10503, 10503, 'inline_marker', 'pkg/saturated100/file.go', NULL, NULL, 'ev-100-3');
INSERT INTO tribal_facts (id, subject_id, kind, body, source_quote, confidence, corroboration, extractor, extractor_version, model, staleness_hash, status, created_at, last_verified, cluster_key) VALUES (10504, 10100, 'quirk', 'body-4', 'quote', 0.9, 1, 'test', '1', NULL, 'sh-100-4', 'active', '2026-01-01T00:00:00Z', '2026-01-01T00:00:00Z', '');
INSERT INTO tribal_evidence (id, fact_id, source_type, source_ref, author, authored_at, content_hash) VALUES (10504, 10504, 'inline_marker', 'pkg/saturated100/file.go', NULL, NULL, 'ev-100-4');
INSERT INTO symbols (id, repo, import_path, symbol_name, language, kind, visibility, display_name, scip_symbol) VALUES (10101, 'bench-repo', 'pkg/saturated101/file.go', 'sat_sym_101', 'go', 'func', 'public', NULL, NULL);
INSERT INTO tribal_facts (id, subject_id, kind, body, source_quote, confidence, corroboration, extractor, extractor_version, model, staleness_hash, status, created_at, last_verified, cluster_key) VALUES (10505, 10101, 'quirk', 'body-0', 'quote', 0.9, 1, 'test', '1', NULL, 'sh-101-0', 'active', '2026-01-01T00:00:00Z', '2026-01-01T00:00:00Z', '');
INSERT INTO tribal_evidence (id, fact_id, source_type, source_ref, author, authored_at, content_hash) VALUES (10505, 10505, 'inline_marker', 'pkg/saturated101/file.go', NULL, NULL, 'ev-101-0');
INSERT INTO tribal_facts (id, subject_id, kind, body, source_quote, confidence, corroboration, extractor, extractor_version, model, staleness_hash, status, created_at, last_verified, cluster_key) VALUES (10506, 10101, 'quirk', 'body-1', 'quote', 0.9, 1, 'test', '1', NULL, 'sh-101-1', 'active', '2026-01-01T00:00:00Z', '2026-01-01T00:00:00Z', '');
INSERT INTO tribal_evidence (id, fact_id, source_type, source_ref, author, authored_at, content_hash) VALUES (10506, 10506, 'inline_marker', 'pkg/saturated101/file.go', NULL, NULL, 'ev-101-1');
INSERT INTO tribal_facts (id, subject_id, kind, body, source_quote, confidence, corroboration, extractor, extractor_version, model, staleness_hash, status, created_at, last_verified, cluster_key) VALUES (10507, 10101, 'quirk', 'body-2', 'quote', 0.9, 1, 'test', '1', NULL, 'sh-101-2', 'active', '2026-01-01T00:00:00Z', '2026-01-01T00:00:00Z', '');
INSERT INTO tribal_evidence (id, fact_id, source_type, source_ref, author, authored_at, content_hash) VALUES (10507, 10507, 'inline_marker', 'pkg/saturated101/file.go', NULL, NULL, 'ev-101-2');
INSERT INTO tribal_facts (id, subject_id, kind, body, source_quote, confidence, corroboration, extractor, extractor_version, model, staleness_hash, status, created_at, last_verified, cluster_key) VALUES (10508, 10101, 'quirk', 'body-3', 'quote', 0.9, 1, 'test', '1', NULL, 'sh-101-3', 'active', '2026-01-01T00:00:00Z', '2026-01-01T00:00:00Z', '');
INSERT INTO tribal_evidence (id, fact_id, source_type, source_ref, author, authored_at, content_hash) VALUES (10508, 10508, 'inline_marker', 'pkg/saturated101/file.go', NULL, NULL, 'ev-101-3');
INSERT INTO tribal_facts (id, subject_id, kind, body, source_quote, confidence, corroboration, extractor, extractor_version, model, staleness_hash, status, created_at, last_verified, cluster_key) VALUES (10509, 10101, 'quirk', 'body-4', 'quote', 0.9, 1, 'test', '1', NULL, 'sh-101-4', 'active', '2026-01-01T00:00:00Z', '2026-01-01T00:00:00Z', '');
INSERT INTO tribal_evidence (id, fact_id, source_type, source_ref, author, authored_at, content_hash) VALUES (10509, 10509, 'inline_marker', 'pkg/saturated101/file.go', NULL, NULL, 'ev-101-4');
INSERT INTO symbols (id, repo, import_path, symbol_name, language, kind, visibility, display_name, scip_symbol) VALUES (10102, 'bench-repo', 'pkg/saturated102/file.go', 'sat_sym_102', 'go', 'func', 'public', NULL, NULL);
INSERT INTO tribal_facts (id, subject_id, kind, body, source_quote, confidence, corroboration, extractor, extractor_version, model, staleness_hash, status, created_at, last_verified, cluster_key) VALUES (10510, 10102, 'quirk', 'body-0', 'quote', 0.9, 1, 'test', '1', NULL, 'sh-102-0', 'active', '2026-01-01T00:00:00Z', '2026-01-01T00:00:00Z', '');
INSERT INTO tribal_evidence (id, fact_id, source_type, source_ref, author, authored_at, content_hash) VALUES (10510, 10510, 'inline_marker', 'pkg/saturated102/file.go', NULL, NULL, 'ev-102-0');
INSERT INTO tribal_facts (id, subject_id, kind, body, source_quote, confidence, corroboration, extractor, extractor_version, model, staleness_hash, status, created_at, last_verified, cluster_key) VALUES (10511, 10102, 'quirk', 'body-1', 'quote', 0.9, 1, 'test', '1', NULL, 'sh-102-1', 'active', '2026-01-01T00:00:00Z', '2026-01-01T00:00:00Z', '');
INSERT INTO tribal_evidence (id, fact_id, source_type, source_ref, author, authored_at, content_hash) VALUES (10511, 10511, 'inline_marker', 'pkg/saturated102/file.go', NULL, NULL, 'ev-102-1');
INSERT INTO tribal_facts (id, subject_id, kind, body, source_quote, confidence, corroboration, extractor, extractor_version, model, staleness_hash, status, created_at, last_verified, cluster_key) VALUES (10512, 10102, 'quirk', 'body-2', 'quote', 0.9, 1, 'test', '1', NULL, 'sh-102-2', 'active', '2026-01-01T00:00:00Z', '2026-01-01T00:00:00Z', '');
INSERT INTO tribal_evidence (id, fact_id, source_type, source_ref, author, authored_at, content_hash) VALUES (10512, 10512, 'inline_marker', 'pkg/saturated102/file.go', NULL, NULL, 'ev-102-2');
INSERT INTO tribal_facts (id, subject_id, kind, body, source_quote, confidence, corroboration, extractor, extractor_version, model, staleness_hash, status, created_at, last_verified, cluster_key) VALUES (10513, 10102, 'quirk', 'body-3', 'quote', 0.9, 1, 'test', '1', NULL, 'sh-102-3', 'active', '2026-01-01T00:00:00Z', '2026-01-01T00:00:00Z', '');
INSERT INTO tribal_evidence (id, fact_id, source_type, source_ref, author, authored_at, content_hash) VALUES (10513, 10513, 'inline_marker', 'pkg/saturated102/file.go', NULL, NULL, 'ev-102-3');
INSERT INTO tribal_facts (id, subject_id, kind, body, source_quote, confidence, corroboration, extractor, extractor_version, model, staleness_hash, status, created_at, last_verified, cluster_key) VALUES (10514, 10102, 'quirk', 'body-4', 'quote', 0.9, 1, 'test', '1', NULL, 'sh-102-4', 'active', '2026-01-01T00:00:00Z', '2026-01-01T00:00:00Z', '');
INSERT INTO tribal_evidence (id, fact_id, source_type, source_ref, author, authored_at, content_hash) VALUES (10514, 10514, 'inline_marker', 'pkg/saturated102/file.go', NULL, NULL, 'ev-102-4');
INSERT INTO symbols (id, repo, import_path, symbol_name, language, kind, visibility, display_name, scip_symbol) VALUES (10103, 'bench-repo', 'pkg/saturated103/file.go', 'sat_sym_103', 'go', 'func', 'public', NULL, NULL);
INSERT INTO tribal_facts (id, subject_id, kind, body, source_quote, confidence, corroboration, extractor, extractor_version, model, staleness_hash, status, created_at, last_verified, cluster_key) VALUES (10515, 10103, 'quirk', 'body-0', 'quote', 0.9, 1, 'test', '1', NULL, 'sh-103-0', 'active', '2026-01-01T00:00:00Z', '2026-01-01T00:00:00Z', '');
INSERT INTO tribal_evidence (id, fact_id, source_type, source_ref, author, authored_at, content_hash) VALUES (10515, 10515, 'inline_marker', 'pkg/saturated103/file.go', NULL, NULL, 'ev-103-0');
INSERT INTO tribal_facts (id, subject_id, kind, body, source_quote, confidence, corroboration, extractor, extractor_version, model, staleness_hash, status, created_at, last_verified, cluster_key) VALUES (10516, 10103, 'quirk', 'body-1', 'quote', 0.9, 1, 'test', '1', NULL, 'sh-103-1', 'active', '2026-01-01T00:00:00Z', '2026-01-01T00:00:00Z', '');
INSERT INTO tribal_evidence (id, fact_id, source_type, source_ref, author, authored_at, content_hash) VALUES (10516, 10516, 'inline_marker', 'pkg/saturated103/file.go', NULL, NULL, 'ev-103-1');
INSERT INTO tribal_facts (id, subject_id, kind, body, source_quote, confidence, corroboration, extractor, extractor_version, model, staleness_hash, status, created_at, last_verified, cluster_key) VALUES (10517, 10103, 'quirk', 'body-2', 'quote', 0.9, 1, 'test', '1', NULL, 'sh-103-2', 'active', '2026-01-01T00:00:00Z', '2026-01-01T00:00:00Z', '');
INSERT INTO tribal_evidence (id, fact_id, source_type, source_ref, author, authored_at, content_hash) VALUES (10517, 10517, 'inline_marker', 'pkg/saturated103/file.go', NULL, NULL, 'ev-103-2');
INSERT INTO tribal_facts (id, subject_id, kind, body, source_quote, confidence, corroboration, extractor, extractor_version, model, staleness_hash, status, created_at, last_verified, cluster_key) VALUES (10518, 10103, 'quirk', 'body-3', 'quote', 0.9, 1, 'test', '1', NULL, 'sh-103-3', 'active', '2026-01-01T00:00:00Z', '2026-01-01T00:00:00Z', '');
INSERT INTO tribal_evidence (id, fact_id, source_type, source_ref, author, authored_at, content_hash) VALUES (10518, 10518, 'inline_marker', 'pkg/saturated103/file.go', NULL, NULL, 'ev-103-3');
INSERT INTO tribal_facts (id, subject_id, kind, body, source_quote, confidence, corroboration, extractor, extractor_version, model, staleness_hash, status, created_at, last_verified, cluster_key) VALUES (10519, 10103, 'quirk', 'body-4', 'quote', 0.9, 1, 'test', '1', NULL, 'sh-103-4', 'active', '2026-01-01T00:00:00Z', '2026-01-01T00:00:00Z', '');
INSERT INTO tribal_evidence (id, fact_id, source_type, source_ref, author, authored_at, content_hash) VALUES (10519, 10519, 'inline_marker', 'pkg/saturated103/file.go', NULL, NULL, 'ev-103-4');
INSERT INTO symbols (id, repo, import_path, symbol_name, language, kind, visibility, display_name, scip_symbol) VALUES (10104, 'bench-repo', 'pkg/saturated104/file.go', 'sat_sym_104', 'go', 'func', 'public', NULL, NULL);
INSERT INTO tribal_facts (id, subject_id, kind, body, source_quote, confidence, corroboration, extractor, extractor_version, model, staleness_hash, status, created_at, last_verified, cluster_key) VALUES (10520, 10104, 'quirk', 'body-0', 'quote', 0.9, 1, 'test', '1', NULL, 'sh-104-0', 'active', '2026-01-01T00:00:00Z', '2026-01-01T00:00:00Z', '');
INSERT INTO tribal_evidence (id, fact_id, source_type, source_ref, author, authored_at, content_hash) VALUES (10520, 10520, 'inline_marker', 'pkg/saturated104/file.go', NULL, NULL, 'ev-104-0');
INSERT INTO tribal_facts (id, subject_id, kind, body, source_quote, confidence, corroboration, extractor, extractor_version, model, staleness_hash, status, created_at, last_verified, cluster_key) VALUES (10521, 10104, 'quirk', 'body-1', 'quote', 0.9, 1, 'test', '1', NULL, 'sh-104-1', 'active', '2026-01-01T00:00:00Z', '2026-01-01T00:00:00Z', '');
INSERT INTO tribal_evidence (id, fact_id, source_type, source_ref, author, authored_at, content_hash) VALUES (10521, 10521, 'inline_marker', 'pkg/saturated104/file.go', NULL, NULL, 'ev-104-1');
INSERT INTO tribal_facts (id, subject_id, kind, body, source_quote, confidence, corroboration, extractor, extractor_version, model, staleness_hash, status, created_at, last_verified, cluster_key) VALUES (10522, 10104, 'quirk', 'body-2', 'quote', 0.9, 1, 'test', '1', NULL, 'sh-104-2', 'active', '2026-01-01T00:00:00Z', '2026-01-01T00:00:00Z', '');
INSERT INTO tribal_evidence (id, fact_id, source_type, source_ref, author, authored_at, content_hash) VALUES (10522, 10522, 'inline_marker', 'pkg/saturated104/file.go', NULL, NULL, 'ev-104-2');
INSERT INTO tribal_facts (id, subject_id, kind, body, source_quote, confidence, corroboration, extractor, extractor_version, model, staleness_hash, status, created_at, last_verified, cluster_key) VALUES (10523, 10104, 'quirk', 'body-3', 'quote', 0.9, 1, 'test', '1', NULL, 'sh-104-3', 'active', '2026-01-01T00:00:00Z', '2026-01-01T00:00:00Z', '');
INSERT INTO tribal_evidence (id, fact_id, source_type, source_ref, author, authored_at, content_hash) VALUES (10523, 10523, 'inline_marker', 'pkg/saturated104/file.go', NULL, NULL, 'ev-104-3');
INSERT INTO tribal_facts (id, subject_id, kind, body, source_quote, confidence, corroboration, extractor, extractor_version, model, staleness_hash, status, created_at, last_verified, cluster_key) VALUES (10524, 10104, 'quirk', 'body-4', 'quote', 0.9, 1, 'test', '1', NULL, 'sh-104-4', 'active', '2026-01-01T00:00:00Z', '2026-01-01T00:00:00Z', '');
INSERT INTO tribal_evidence (id, fact_id, source_type, source_ref, author, authored_at, content_hash) VALUES (10524, 10524, 'inline_marker', 'pkg/saturated104/file.go', NULL, NULL, 'ev-104-4');
INSERT INTO symbols (id, repo, import_path, symbol_name, language, kind, visibility, display_name, scip_symbol) VALUES (10105, 'bench-repo', 'pkg/saturated105/file.go', 'sat_sym_105', 'go', 'func', 'public', NULL, NULL);
INSERT INTO tribal_facts (id, subject_id, kind, body, source_quote, confidence, corroboration, extractor, extractor_version, model, staleness_hash, status, created_at, last_verified, cluster_key) VALUES (10525, 10105, 'quirk', 'body-0', 'quote', 0.9, 1, 'test', '1', NULL, 'sh-105-0', 'active', '2026-01-01T00:00:00Z', '2026-01-01T00:00:00Z', '');
INSERT INTO tribal_evidence (id, fact_id, source_type, source_ref, author, authored_at, content_hash) VALUES (10525, 10525, 'inline_marker', 'pkg/saturated105/file.go', NULL, NULL, 'ev-105-0');
INSERT INTO tribal_facts (id, subject_id, kind, body, source_quote, confidence, corroboration, extractor, extractor_version, model, staleness_hash, status, created_at, last_verified, cluster_key) VALUES (10526, 10105, 'quirk', 'body-1', 'quote', 0.9, 1, 'test', '1', NULL, 'sh-105-1', 'active', '2026-01-01T00:00:00Z', '2026-01-01T00:00:00Z', '');
INSERT INTO tribal_evidence (id, fact_id, source_type, source_ref, author, authored_at, content_hash) VALUES (10526, 10526, 'inline_marker', 'pkg/saturated105/file.go', NULL, NULL, 'ev-105-1');
INSERT INTO tribal_facts (id, subject_id, kind, body, source_quote, confidence, corroboration, extractor, extractor_version, model, staleness_hash, status, created_at, last_verified, cluster_key) VALUES (10527, 10105, 'quirk', 'body-2', 'quote', 0.9, 1, 'test', '1', NULL, 'sh-105-2', 'active', '2026-01-01T00:00:00Z', '2026-01-01T00:00:00Z', '');
INSERT INTO tribal_evidence (id, fact_id, source_type, source_ref, author, authored_at, content_hash) VALUES (10527, 10527, 'inline_marker', 'pkg/saturated105/file.go', NULL, NULL, 'ev-105-2');
INSERT INTO tribal_facts (id, subject_id, kind, body, source_quote, confidence, corroboration, extractor, extractor_version, model, staleness_hash, status, created_at, last_verified, cluster_key) VALUES (10528, 10105, 'quirk', 'body-3', 'quote', 0.9, 1, 'test', '1', NULL, 'sh-105-3', 'active', '2026-01-01T00:00:00Z', '2026-01-01T00:00:00Z', '');
INSERT INTO tribal_evidence (id, fact_id, source_type, source_ref, author, authored_at, content_hash) VALUES (10528, 10528, 'inline_marker', 'pkg/saturated105/file.go', NULL, NULL, 'ev-105-3');
INSERT INTO tribal_facts (id, subject_id, kind, body, source_quote, confidence, corroboration, extractor, extractor_version, model, staleness_hash, status, created_at, last_verified, cluster_key) VALUES (10529, 10105, 'quirk', 'body-4', 'quote', 0.9, 1, 'test', '1', NULL, 'sh-105-4', 'active', '2026-01-01T00:00:00Z', '2026-01-01T00:00:00Z', '');
INSERT INTO tribal_evidence (id, fact_id, source_type, source_ref, author, authored_at, content_hash) VALUES (10529, 10529, 'inline_marker', 'pkg/saturated105/file.go', NULL, NULL, 'ev-105-4');
INSERT INTO symbols (id, repo, import_path, symbol_name, language, kind, visibility, display_name, scip_symbol) VALUES (10106, 'bench-repo', 'pkg/saturated106/file.go', 'sat_sym_106', 'go', 'func', 'public', NULL, NULL);
INSERT INTO tribal_facts (id, subject_id, kind, body, source_quote, confidence, corroboration, extractor, extractor_version, model, staleness_hash, status, created_at, last_verified, cluster_key) VALUES (10530, 10106, 'quirk', 'body-0', 'quote', 0.9, 1, 'test', '1', NULL, 'sh-106-0', 'active', '2026-01-01T00:00:00Z', '2026-01-01T00:00:00Z', '');
INSERT INTO tribal_evidence (id, fact_id, source_type, source_ref, author, authored_at, content_hash) VALUES (10530, 10530, 'inline_marker', 'pkg/saturated106/file.go', NULL, NULL, 'ev-106-0');
INSERT INTO tribal_facts (id, subject_id, kind, body, source_quote, confidence, corroboration, extractor, extractor_version, model, staleness_hash, status, created_at, last_verified, cluster_key) VALUES (10531, 10106, 'quirk', 'body-1', 'quote', 0.9, 1, 'test', '1', NULL, 'sh-106-1', 'active', '2026-01-01T00:00:00Z', '2026-01-01T00:00:00Z', '');
INSERT INTO tribal_evidence (id, fact_id, source_type, source_ref, author, authored_at, content_hash) VALUES (10531, 10531, 'inline_marker', 'pkg/saturated106/file.go', NULL, NULL, 'ev-106-1');
INSERT INTO tribal_facts (id, subject_id, kind, body, source_quote, confidence, corroboration, extractor, extractor_version, model, staleness_hash, status, created_at, last_verified, cluster_key) VALUES (10532, 10106, 'quirk', 'body-2', 'quote', 0.9, 1, 'test', '1', NULL, 'sh-106-2', 'active', '2026-01-01T00:00:00Z', '2026-01-01T00:00:00Z', '');
INSERT INTO tribal_evidence (id, fact_id, source_type, source_ref, author, authored_at, content_hash) VALUES (10532, 10532, 'inline_marker', 'pkg/saturated106/file.go', NULL, NULL, 'ev-106-2');
INSERT INTO tribal_facts (id, subject_id, kind, body, source_quote, confidence, corroboration, extractor, extractor_version, model, staleness_hash, status, created_at, last_verified, cluster_key) VALUES (10533, 10106, 'quirk', 'body-3', 'quote', 0.9, 1, 'test', '1', NULL, 'sh-106-3', 'active', '2026-01-01T00:00:00Z', '2026-01-01T00:00:00Z', '');
INSERT INTO tribal_evidence (id, fact_id, source_type, source_ref, author, authored_at, content_hash) VALUES (10533, 10533, 'inline_marker', 'pkg/saturated106/file.go', NULL, NULL, 'ev-106-3');
INSERT INTO tribal_facts (id, subject_id, kind, body, source_quote, confidence, corroboration, extractor, extractor_version, model, staleness_hash, status, created_at, last_verified, cluster_key) VALUES (10534, 10106, 'quirk', 'body-4', 'quote', 0.9, 1, 'test', '1', NULL, 'sh-106-4', 'active', '2026-01-01T00:00:00Z', '2026-01-01T00:00:00Z', '');
INSERT INTO tribal_evidence (id, fact_id, source_type, source_ref, author, authored_at, content_hash) VALUES (10534, 10534, 'inline_marker', 'pkg/saturated106/file.go', NULL, NULL, 'ev-106-4');
INSERT INTO symbols (id, repo, import_path, symbol_name, language, kind, visibility, display_name, scip_symbol) VALUES (10107, 'bench-repo', 'pkg/saturated107/file.go', 'sat_sym_107', 'go', 'func', 'public', NULL, NULL);
INSERT INTO tribal_facts (id, subject_id, kind, body, source_quote, confidence, corroboration, extractor, extractor_version, model, staleness_hash, status, created_at, last_verified, cluster_key) VALUES (10535, 10107, 'quirk', 'body-0', 'quote', 0.9, 1, 'test', '1', NULL, 'sh-107-0', 'active', '2026-01-01T00:00:00Z', '2026-01-01T00:00:00Z', '');
INSERT INTO tribal_evidence (id, fact_id, source_type, source_ref, author, authored_at, content_hash) VALUES (10535, 10535, 'inline_marker', 'pkg/saturated107/file.go', NULL, NULL, 'ev-107-0');
INSERT INTO tribal_facts (id, subject_id, kind, body, source_quote, confidence, corroboration, extractor, extractor_version, model, staleness_hash, status, created_at, last_verified, cluster_key) VALUES (10536, 10107, 'quirk', 'body-1', 'quote', 0.9, 1, 'test', '1', NULL, 'sh-107-1', 'active', '2026-01-01T00:00:00Z', '2026-01-01T00:00:00Z', '');
INSERT INTO tribal_evidence (id, fact_id, source_type, source_ref, author, authored_at, content_hash) VALUES (10536, 10536, 'inline_marker', 'pkg/saturated107/file.go', NULL, NULL, 'ev-107-1');
INSERT INTO tribal_facts (id, subject_id, kind, body, source_quote, confidence, corroboration, extractor, extractor_version, model, staleness_hash, status, created_at, last_verified, cluster_key) VALUES (10537, 10107, 'quirk', 'body-2', 'quote', 0.9, 1, 'test', '1', NULL, 'sh-107-2', 'active', '2026-01-01T00:00:00Z', '2026-01-01T00:00:00Z', '');
INSERT INTO tribal_evidence (id, fact_id, source_type, source_ref, author, authored_at, content_hash) VALUES (10537, 10537, 'inline_marker', 'pkg/saturated107/file.go', NULL, NULL, 'ev-107-2');
INSERT INTO tribal_facts (id, subject_id, kind, body, source_quote, confidence, corroboration, extractor, extractor_version, model, staleness_hash, status, created_at, last_verified, cluster_key) VALUES (10538, 10107, 'quirk', 'body-3', 'quote', 0.9, 1, 'test', '1', NULL, 'sh-107-3', 'active', '2026-01-01T00:00:00Z', '2026-01-01T00:00:00Z', '');
INSERT INTO tribal_evidence (id, fact_id, source_type, source_ref, author, authored_at, content_hash) VALUES (10538, 10538, 'inline_marker', 'pkg/saturated107/file.go', NULL, NULL, 'ev-107-3');
INSERT INTO tribal_facts (id, subject_id, kind, body, source_quote, confidence, corroboration, extractor, extractor_version, model, staleness_hash, status, created_at, last_verified, cluster_key) VALUES (10539, 10107, 'quirk', 'body-4', 'quote', 0.9, 1, 'test', '1', NULL, 'sh-107-4', 'active', '2026-01-01T00:00:00Z', '2026-01-01T00:00:00Z', '');
INSERT INTO tribal_evidence (id, fact_id, source_type, source_ref, author, authored_at, content_hash) VALUES (10539, 10539, 'inline_marker', 'pkg/saturated107/file.go', NULL, NULL, 'ev-107-4');
INSERT INTO symbols (id, repo, import_path, symbol_name, language, kind, visibility, display_name, scip_symbol) VALUES (10108, 'bench-repo', 'pkg/saturated108/file.go', 'sat_sym_108', 'go', 'func', 'public', NULL, NULL);
INSERT INTO tribal_facts (id, subject_id, kind, body, source_quote, confidence, corroboration, extractor, extractor_version, model, staleness_hash, status, created_at, last_verified, cluster_key) VALUES (10540, 10108, 'quirk', 'body-0', 'quote', 0.9, 1, 'test', '1', NULL, 'sh-108-0', 'active', '2026-01-01T00:00:00Z', '2026-01-01T00:00:00Z', '');
INSERT INTO tribal_evidence (id, fact_id, source_type, source_ref, author, authored_at, content_hash) VALUES (10540, 10540, 'inline_marker', 'pkg/saturated108/file.go', NULL, NULL, 'ev-108-0');
INSERT INTO tribal_facts (id, subject_id, kind, body, source_quote, confidence, corroboration, extractor, extractor_version, model, staleness_hash, status, created_at, last_verified, cluster_key) VALUES (10541, 10108, 'quirk', 'body-1', 'quote', 0.9, 1, 'test', '1', NULL, 'sh-108-1', 'active', '2026-01-01T00:00:00Z', '2026-01-01T00:00:00Z', '');
INSERT INTO tribal_evidence (id, fact_id, source_type, source_ref, author, authored_at, content_hash) VALUES (10541, 10541, 'inline_marker', 'pkg/saturated108/file.go', NULL, NULL, 'ev-108-1');
INSERT INTO tribal_facts (id, subject_id, kind, body, source_quote, confidence, corroboration, extractor, extractor_version, model, staleness_hash, status, created_at, last_verified, cluster_key) VALUES (10542, 10108, 'quirk', 'body-2', 'quote', 0.9, 1, 'test', '1', NULL, 'sh-108-2', 'active', '2026-01-01T00:00:00Z', '2026-01-01T00:00:00Z', '');
INSERT INTO tribal_evidence (id, fact_id, source_type, source_ref, author, authored_at, content_hash) VALUES (10542, 10542, 'inline_marker', 'pkg/saturated108/file.go', NULL, NULL, 'ev-108-2');
INSERT INTO tribal_facts (id, subject_id, kind, body, source_quote, confidence, corroboration, extractor, extractor_version, model, staleness_hash, status, created_at, last_verified, cluster_key) VALUES (10543, 10108, 'quirk', 'body-3', 'quote', 0.9, 1, 'test', '1', NULL, 'sh-108-3', 'active', '2026-01-01T00:00:00Z', '2026-01-01T00:00:00Z', '');
INSERT INTO tribal_evidence (id, fact_id, source_type, source_ref, author, authored_at, content_hash) VALUES (10543, 10543, 'inline_marker', 'pkg/saturated108/file.go', NULL, NULL, 'ev-108-3');
INSERT INTO tribal_facts (id, subject_id, kind, body, source_quote, confidence, corroboration, extractor, extractor_version, model, staleness_hash, status, created_at, last_verified, cluster_key) VALUES (10544, 10108, 'quirk', 'body-4', 'quote', 0.9, 1, 'test', '1', NULL, 'sh-108-4', 'active', '2026-01-01T00:00:00Z', '2026-01-01T00:00:00Z', '');
INSERT INTO tribal_evidence (id, fact_id, source_type, source_ref, author, authored_at, content_hash) VALUES (10544, 10544, 'inline_marker', 'pkg/saturated108/file.go', NULL, NULL, 'ev-108-4');
INSERT INTO symbols (id, repo, import_path, symbol_name, language, kind, visibility, display_name, scip_symbol) VALUES (10109, 'bench-repo', 'pkg/saturated109/file.go', 'sat_sym_109', 'go', 'func', 'public', NULL, NULL);
INSERT INTO tribal_facts (id, subject_id, kind, body, source_quote, confidence, corroboration, extractor, extractor_version, model, staleness_hash, status, created_at, last_verified, cluster_key) VALUES (10545, 10109, 'quirk', 'body-0', 'quote', 0.9, 1, 'test', '1', NULL, 'sh-109-0', 'active', '2026-01-01T00:00:00Z', '2026-01-01T00:00:00Z', '');
INSERT INTO tribal_evidence (id, fact_id, source_type, source_ref, author, authored_at, content_hash) VALUES (10545, 10545, 'inline_marker', 'pkg/saturated109/file.go', NULL, NULL, 'ev-109-0');
INSERT INTO tribal_facts (id, subject_id, kind, body, source_quote, confidence, corroboration, extractor, extractor_version, model, staleness_hash, status, created_at, last_verified, cluster_key) VALUES (10546, 10109, 'quirk', 'body-1', 'quote', 0.9, 1, 'test', '1', NULL, 'sh-109-1', 'active', '2026-01-01T00:00:00Z', '2026-01-01T00:00:00Z', '');
INSERT INTO tribal_evidence (id, fact_id, source_type, source_ref, author, authored_at, content_hash) VALUES (10546, 10546, 'inline_marker', 'pkg/saturated109/file.go', NULL, NULL, 'ev-109-1');
INSERT INTO tribal_facts (id, subject_id, kind, body, source_quote, confidence, corroboration, extractor, extractor_version, model, staleness_hash, status, created_at, last_verified, cluster_key) VALUES (10547, 10109, 'quirk', 'body-2', 'quote', 0.9, 1, 'test', '1', NULL, 'sh-109-2', 'active', '2026-01-01T00:00:00Z', '2026-01-01T00:00:00Z', '');
INSERT INTO tribal_evidence (id, fact_id, source_type, source_ref, author, authored_at, content_hash) VALUES (10547, 10547, 'inline_marker', 'pkg/saturated109/file.go', NULL, NULL, 'ev-109-2');
INSERT INTO tribal_facts (id, subject_id, kind, body, source_quote, confidence, corroboration, extractor, extractor_version, model, staleness_hash, status, created_at, last_verified, cluster_key) VALUES (10548, 10109, 'quirk', 'body-3', 'quote', 0.9, 1, 'test', '1', NULL, 'sh-109-3', 'active', '2026-01-01T00:00:00Z', '2026-01-01T00:00:00Z', '');
INSERT INTO tribal_evidence (id, fact_id, source_type, source_ref, author, authored_at, content_hash) VALUES (10548, 10548, 'inline_marker', 'pkg/saturated109/file.go', NULL, NULL, 'ev-109-3');
INSERT INTO tribal_facts (id, subject_id, kind, body, source_quote, confidence, corroboration, extractor, extractor_version, model, staleness_hash, status, created_at, last_verified, cluster_key) VALUES (10549, 10109, 'quirk', 'body-4', 'quote', 0.9, 1, 'test', '1', NULL, 'sh-109-4', 'active', '2026-01-01T00:00:00Z', '2026-01-01T00:00:00Z', '');
INSERT INTO tribal_evidence (id, fact_id, source_type, source_ref, author, authored_at, content_hash) VALUES (10549, 10549, 'inline_marker', 'pkg/saturated109/file.go', NULL, NULL, 'ev-109-4');
INSERT INTO symbols (id, repo, import_path, symbol_name, language, kind, visibility, display_name, scip_symbol) VALUES (10110, 'bench-repo', 'pkg/saturated110/file.go', 'sat_sym_110', 'go', 'func', 'public', NULL, NULL);
INSERT INTO tribal_facts (id, subject_id, kind, body, source_quote, confidence, corroboration, extractor, extractor_version, model, staleness_hash, status, created_at, last_verified, cluster_key) VALUES (10550, 10110, 'quirk', 'body-0', 'quote', 0.9, 1, 'test', '1', NULL, 'sh-110-0', 'active', '2026-01-01T00:00:00Z', '2026-01-01T00:00:00Z', '');
INSERT INTO tribal_evidence (id, fact_id, source_type, source_ref, author, authored_at, content_hash) VALUES (10550, 10550, 'inline_marker', 'pkg/saturated110/file.go', NULL, NULL, 'ev-110-0');
INSERT INTO tribal_facts (id, subject_id, kind, body, source_quote, confidence, corroboration, extractor, extractor_version, model, staleness_hash, status, created_at, last_verified, cluster_key) VALUES (10551, 10110, 'quirk', 'body-1', 'quote', 0.9, 1, 'test', '1', NULL, 'sh-110-1', 'active', '2026-01-01T00:00:00Z', '2026-01-01T00:00:00Z', '');
INSERT INTO tribal_evidence (id, fact_id, source_type, source_ref, author, authored_at, content_hash) VALUES (10551, 10551, 'inline_marker', 'pkg/saturated110/file.go', NULL, NULL, 'ev-110-1');
INSERT INTO tribal_facts (id, subject_id, kind, body, source_quote, confidence, corroboration, extractor, extractor_version, model, staleness_hash, status, created_at, last_verified, cluster_key) VALUES (10552, 10110, 'quirk', 'body-2', 'quote', 0.9, 1, 'test', '1', NULL, 'sh-110-2', 'active', '2026-01-01T00:00:00Z', '2026-01-01T00:00:00Z', '');
INSERT INTO tribal_evidence (id, fact_id, source_type, source_ref, author, authored_at, content_hash) VALUES (10552, 10552, 'inline_marker', 'pkg/saturated110/file.go', NULL, NULL, 'ev-110-2');
INSERT INTO tribal_facts (id, subject_id, kind, body, source_quote, confidence, corroboration, extractor, extractor_version, model, staleness_hash, status, created_at, last_verified, cluster_key) VALUES (10553, 10110, 'quirk', 'body-3', 'quote', 0.9, 1, 'test', '1', NULL, 'sh-110-3', 'active', '2026-01-01T00:00:00Z', '2026-01-01T00:00:00Z', '');
INSERT INTO tribal_evidence (id, fact_id, source_type, source_ref, author, authored_at, content_hash) VALUES (10553, 10553, 'inline_marker', 'pkg/saturated110/file.go', NULL, NULL, 'ev-110-3');
INSERT INTO tribal_facts (id, subject_id, kind, body, source_quote, confidence, corroboration, extractor, extractor_version, model, staleness_hash, status, created_at, last_verified, cluster_key) VALUES (10554, 10110, 'quirk', 'body-4', 'quote', 0.9, 1, 'test', '1', NULL, 'sh-110-4', 'active', '2026-01-01T00:00:00Z', '2026-01-01T00:00:00Z', '');
INSERT INTO tribal_evidence (id, fact_id, source_type, source_ref, author, authored_at, content_hash) VALUES (10554, 10554, 'inline_marker', 'pkg/saturated110/file.go', NULL, NULL, 'ev-110-4');
INSERT INTO symbols (id, repo, import_path, symbol_name, language, kind, visibility, display_name, scip_symbol) VALUES (10111, 'bench-repo', 'pkg/saturated111/file.go', 'sat_sym_111', 'go', 'func', 'public', NULL, NULL);
INSERT INTO tribal_facts (id, subject_id, kind, body, source_quote, confidence, corroboration, extractor, extractor_version, model, staleness_hash, status, created_at, last_verified, cluster_key) VALUES (10555, 10111, 'quirk', 'body-0', 'quote', 0.9, 1, 'test', '1', NULL, 'sh-111-0', 'active', '2026-01-01T00:00:00Z', '2026-01-01T00:00:00Z', '');
INSERT INTO tribal_evidence (id, fact_id, source_type, source_ref, author, authored_at, content_hash) VALUES (10555, 10555, 'inline_marker', 'pkg/saturated111/file.go', NULL, NULL, 'ev-111-0');
INSERT INTO tribal_facts (id, subject_id, kind, body, source_quote, confidence, corroboration, extractor, extractor_version, model, staleness_hash, status, created_at, last_verified, cluster_key) VALUES (10556, 10111, 'quirk', 'body-1', 'quote', 0.9, 1, 'test', '1', NULL, 'sh-111-1', 'active', '2026-01-01T00:00:00Z', '2026-01-01T00:00:00Z', '');
INSERT INTO tribal_evidence (id, fact_id, source_type, source_ref, author, authored_at, content_hash) VALUES (10556, 10556, 'inline_marker', 'pkg/saturated111/file.go', NULL, NULL, 'ev-111-1');
INSERT INTO tribal_facts (id, subject_id, kind, body, source_quote, confidence, corroboration, extractor, extractor_version, model, staleness_hash, status, created_at, last_verified, cluster_key) VALUES (10557, 10111, 'quirk', 'body-2', 'quote', 0.9, 1, 'test', '1', NULL, 'sh-111-2', 'active', '2026-01-01T00:00:00Z', '2026-01-01T00:00:00Z', '');
INSERT INTO tribal_evidence (id, fact_id, source_type, source_ref, author, authored_at, content_hash) VALUES (10557, 10557, 'inline_marker', 'pkg/saturated111/file.go', NULL, NULL, 'ev-111-2');
INSERT INTO tribal_facts (id, subject_id, kind, body, source_quote, confidence, corroboration, extractor, extractor_version, model, staleness_hash, status, created_at, last_verified, cluster_key) VALUES (10558, 10111, 'quirk', 'body-3', 'quote', 0.9, 1, 'test', '1', NULL, 'sh-111-3', 'active', '2026-01-01T00:00:00Z', '2026-01-01T00:00:00Z', '');
INSERT INTO tribal_evidence (id, fact_id, source_type, source_ref, author, authored_at, content_hash) VALUES (10558, 10558, 'inline_marker', 'pkg/saturated111/file.go', NULL, NULL, 'ev-111-3');
INSERT INTO tribal_facts (id, subject_id, kind, body, source_quote, confidence, corroboration, extractor, extractor_version, model, staleness_hash, status, created_at, last_verified, cluster_key) VALUES (10559, 10111, 'quirk', 'body-4', 'quote', 0.9, 1, 'test', '1', NULL, 'sh-111-4', 'active', '2026-01-01T00:00:00Z', '2026-01-01T00:00:00Z', '');
INSERT INTO tribal_evidence (id, fact_id, source_type, source_ref, author, authored_at, content_hash) VALUES (10559, 10559, 'inline_marker', 'pkg/saturated111/file.go', NULL, NULL, 'ev-111-4');
INSERT INTO symbols (id, repo, import_path, symbol_name, language, kind, visibility, display_name, scip_symbol) VALUES (10112, 'bench-repo', 'pkg/saturated112/file.go', 'sat_sym_112', 'go', 'func', 'public', NULL, NULL);
INSERT INTO tribal_facts (id, subject_id, kind, body, source_quote, confidence, corroboration, extractor, extractor_version, model, staleness_hash, status, created_at, last_verified, cluster_key) VALUES (10560, 10112, 'quirk', 'body-0', 'quote', 0.9, 1, 'test', '1', NULL, 'sh-112-0', 'active', '2026-01-01T00:00:00Z', '2026-01-01T00:00:00Z', '');
INSERT INTO tribal_evidence (id, fact_id, source_type, source_ref, author, authored_at, content_hash) VALUES (10560, 10560, 'inline_marker', 'pkg/saturated112/file.go', NULL, NULL, 'ev-112-0');
INSERT INTO tribal_facts (id, subject_id, kind, body, source_quote, confidence, corroboration, extractor, extractor_version, model, staleness_hash, status, created_at, last_verified, cluster_key) VALUES (10561, 10112, 'quirk', 'body-1', 'quote', 0.9, 1, 'test', '1', NULL, 'sh-112-1', 'active', '2026-01-01T00:00:00Z', '2026-01-01T00:00:00Z', '');
INSERT INTO tribal_evidence (id, fact_id, source_type, source_ref, author, authored_at, content_hash) VALUES (10561, 10561, 'inline_marker', 'pkg/saturated112/file.go', NULL, NULL, 'ev-112-1');
INSERT INTO tribal_facts (id, subject_id, kind, body, source_quote, confidence, corroboration, extractor, extractor_version, model, staleness_hash, status, created_at, last_verified, cluster_key) VALUES (10562, 10112, 'quirk', 'body-2', 'quote', 0.9, 1, 'test', '1', NULL, 'sh-112-2', 'active', '2026-01-01T00:00:00Z', '2026-01-01T00:00:00Z', '');
INSERT INTO tribal_evidence (id, fact_id, source_type, source_ref, author, authored_at, content_hash) VALUES (10562, 10562, 'inline_marker', 'pkg/saturated112/file.go', NULL, NULL, 'ev-112-2');
INSERT INTO tribal_facts (id, subject_id, kind, body, source_quote, confidence, corroboration, extractor, extractor_version, model, staleness_hash, status, created_at, last_verified, cluster_key) VALUES (10563, 10112, 'quirk', 'body-3', 'quote', 0.9, 1, 'test', '1', NULL, 'sh-112-3', 'active', '2026-01-01T00:00:00Z', '2026-01-01T00:00:00Z', '');
INSERT INTO tribal_evidence (id, fact_id, source_type, source_ref, author, authored_at, content_hash) VALUES (10563, 10563, 'inline_marker', 'pkg/saturated112/file.go', NULL, NULL, 'ev-112-3');
INSERT INTO tribal_facts (id, subject_id, kind, body, source_quote, confidence, corroboration, extractor, extractor_version, model, staleness_hash, status, created_at, last_verified, cluster_key) VALUES (10564, 10112, 'quirk', 'body-4', 'quote', 0.9, 1, 'test', '1', NULL, 'sh-112-4', 'active', '2026-01-01T00:00:00Z', '2026-01-01T00:00:00Z', '');
INSERT INTO tribal_evidence (id, fact_id, source_type, source_ref, author, authored_at, content_hash) VALUES (10564, 10564, 'inline_marker', 'pkg/saturated112/file.go', NULL, NULL, 'ev-112-4');
INSERT INTO symbols (id, repo, import_path, symbol_name, language, kind, visibility, display_name, scip_symbol) VALUES (10113, 'bench-repo', 'pkg/saturated113/file.go', 'sat_sym_113', 'go', 'func', 'public', NULL, NULL);
INSERT INTO tribal_facts (id, subject_id, kind, body, source_quote, confidence, corroboration, extractor, extractor_version, model, staleness_hash, status, created_at, last_verified, cluster_key) VALUES (10565, 10113, 'quirk', 'body-0', 'quote', 0.9, 1, 'test', '1', NULL, 'sh-113-0', 'active', '2026-01-01T00:00:00Z', '2026-01-01T00:00:00Z', '');
INSERT INTO tribal_evidence (id, fact_id, source_type, source_ref, author, authored_at, content_hash) VALUES (10565, 10565, 'inline_marker', 'pkg/saturated113/file.go', NULL, NULL, 'ev-113-0');
INSERT INTO tribal_facts (id, subject_id, kind, body, source_quote, confidence, corroboration, extractor, extractor_version, model, staleness_hash, status, created_at, last_verified, cluster_key) VALUES (10566, 10113, 'quirk', 'body-1', 'quote', 0.9, 1, 'test', '1', NULL, 'sh-113-1', 'active', '2026-01-01T00:00:00Z', '2026-01-01T00:00:00Z', '');
INSERT INTO tribal_evidence (id, fact_id, source_type, source_ref, author, authored_at, content_hash) VALUES (10566, 10566, 'inline_marker', 'pkg/saturated113/file.go', NULL, NULL, 'ev-113-1');
INSERT INTO tribal_facts (id, subject_id, kind, body, source_quote, confidence, corroboration, extractor, extractor_version, model, staleness_hash, status, created_at, last_verified, cluster_key) VALUES (10567, 10113, 'quirk', 'body-2', 'quote', 0.9, 1, 'test', '1', NULL, 'sh-113-2', 'active', '2026-01-01T00:00:00Z', '2026-01-01T00:00:00Z', '');
INSERT INTO tribal_evidence (id, fact_id, source_type, source_ref, author, authored_at, content_hash) VALUES (10567, 10567, 'inline_marker', 'pkg/saturated113/file.go', NULL, NULL, 'ev-113-2');
INSERT INTO tribal_facts (id, subject_id, kind, body, source_quote, confidence, corroboration, extractor, extractor_version, model, staleness_hash, status, created_at, last_verified, cluster_key) VALUES (10568, 10113, 'quirk', 'body-3', 'quote', 0.9, 1, 'test', '1', NULL, 'sh-113-3', 'active', '2026-01-01T00:00:00Z', '2026-01-01T00:00:00Z', '');
INSERT INTO tribal_evidence (id, fact_id, source_type, source_ref, author, authored_at, content_hash) VALUES (10568, 10568, 'inline_marker', 'pkg/saturated113/file.go', NULL, NULL, 'ev-113-3');
INSERT INTO tribal_facts (id, subject_id, kind, body, source_quote, confidence, corroboration, extractor, extractor_version, model, staleness_hash, status, created_at, last_verified, cluster_key) VALUES (10569, 10113, 'quirk', 'body-4', 'quote', 0.9, 1, 'test', '1', NULL, 'sh-113-4', 'active', '2026-01-01T00:00:00Z', '2026-01-01T00:00:00Z', '');
INSERT INTO tribal_evidence (id, fact_id, source_type, source_ref, author, authored_at, content_hash) VALUES (10569, 10569, 'inline_marker', 'pkg/saturated113/file.go', NULL, NULL, 'ev-113-4');
INSERT INTO symbols (id, repo, import_path, symbol_name, language, kind, visibility, display_name, scip_symbol) VALUES (10114, 'bench-repo', 'pkg/saturated114/file.go', 'sat_sym_114', 'go', 'func', 'public', NULL, NULL);
INSERT INTO tribal_facts (id, subject_id, kind, body, source_quote, confidence, corroboration, extractor, extractor_version, model, staleness_hash, status, created_at, last_verified, cluster_key) VALUES (10570, 10114, 'quirk', 'body-0', 'quote', 0.9, 1, 'test', '1', NULL, 'sh-114-0', 'active', '2026-01-01T00:00:00Z', '2026-01-01T00:00:00Z', '');
INSERT INTO tribal_evidence (id, fact_id, source_type, source_ref, author, authored_at, content_hash) VALUES (10570, 10570, 'inline_marker', 'pkg/saturated114/file.go', NULL, NULL, 'ev-114-0');
INSERT INTO tribal_facts (id, subject_id, kind, body, source_quote, confidence, corroboration, extractor, extractor_version, model, staleness_hash, status, created_at, last_verified, cluster_key) VALUES (10571, 10114, 'quirk', 'body-1', 'quote', 0.9, 1, 'test', '1', NULL, 'sh-114-1', 'active', '2026-01-01T00:00:00Z', '2026-01-01T00:00:00Z', '');
INSERT INTO tribal_evidence (id, fact_id, source_type, source_ref, author, authored_at, content_hash) VALUES (10571, 10571, 'inline_marker', 'pkg/saturated114/file.go', NULL, NULL, 'ev-114-1');
INSERT INTO tribal_facts (id, subject_id, kind, body, source_quote, confidence, corroboration, extractor, extractor_version, model, staleness_hash, status, created_at, last_verified, cluster_key) VALUES (10572, 10114, 'quirk', 'body-2', 'quote', 0.9, 1, 'test', '1', NULL, 'sh-114-2', 'active', '2026-01-01T00:00:00Z', '2026-01-01T00:00:00Z', '');
INSERT INTO tribal_evidence (id, fact_id, source_type, source_ref, author, authored_at, content_hash) VALUES (10572, 10572, 'inline_marker', 'pkg/saturated114/file.go', NULL, NULL, 'ev-114-2');
INSERT INTO tribal_facts (id, subject_id, kind, body, source_quote, confidence, corroboration, extractor, extractor_version, model, staleness_hash, status, created_at, last_verified, cluster_key) VALUES (10573, 10114, 'quirk', 'body-3', 'quote', 0.9, 1, 'test', '1', NULL, 'sh-114-3', 'active', '2026-01-01T00:00:00Z', '2026-01-01T00:00:00Z', '');
INSERT INTO tribal_evidence (id, fact_id, source_type, source_ref, author, authored_at, content_hash) VALUES (10573, 10573, 'inline_marker', 'pkg/saturated114/file.go', NULL, NULL, 'ev-114-3');
INSERT INTO tribal_facts (id, subject_id, kind, body, source_quote, confidence, corroboration, extractor, extractor_version, model, staleness_hash, status, created_at, last_verified, cluster_key) VALUES (10574, 10114, 'quirk', 'body-4', 'quote', 0.9, 1, 'test', '1', NULL, 'sh-114-4', 'active', '2026-01-01T00:00:00Z', '2026-01-01T00:00:00Z', '');
INSERT INTO tribal_evidence (id, fact_id, source_type, source_ref, author, authored_at, content_hash) VALUES (10574, 10574, 'inline_marker', 'pkg/saturated114/file.go', NULL, NULL, 'ev-114-4');
INSERT INTO symbols (id, repo, import_path, symbol_name, language, kind, visibility, display_name, scip_symbol) VALUES (10115, 'bench-repo', 'pkg/saturated115/file.go', 'sat_sym_115', 'go', 'func', 'public', NULL, NULL);
INSERT INTO tribal_facts (id, subject_id, kind, body, source_quote, confidence, corroboration, extractor, extractor_version, model, staleness_hash, status, created_at, last_verified, cluster_key) VALUES (10575, 10115, 'quirk', 'body-0', 'quote', 0.9, 1, 'test', '1', NULL, 'sh-115-0', 'active', '2026-01-01T00:00:00Z', '2026-01-01T00:00:00Z', '');
INSERT INTO tribal_evidence (id, fact_id, source_type, source_ref, author, authored_at, content_hash) VALUES (10575, 10575, 'inline_marker', 'pkg/saturated115/file.go', NULL, NULL, 'ev-115-0');
INSERT INTO tribal_facts (id, subject_id, kind, body, source_quote, confidence, corroboration, extractor, extractor_version, model, staleness_hash, status, created_at, last_verified, cluster_key) VALUES (10576, 10115, 'quirk', 'body-1', 'quote', 0.9, 1, 'test', '1', NULL, 'sh-115-1', 'active', '2026-01-01T00:00:00Z', '2026-01-01T00:00:00Z', '');
INSERT INTO tribal_evidence (id, fact_id, source_type, source_ref, author, authored_at, content_hash) VALUES (10576, 10576, 'inline_marker', 'pkg/saturated115/file.go', NULL, NULL, 'ev-115-1');
INSERT INTO tribal_facts (id, subject_id, kind, body, source_quote, confidence, corroboration, extractor, extractor_version, model, staleness_hash, status, created_at, last_verified, cluster_key) VALUES (10577, 10115, 'quirk', 'body-2', 'quote', 0.9, 1, 'test', '1', NULL, 'sh-115-2', 'active', '2026-01-01T00:00:00Z', '2026-01-01T00:00:00Z', '');
INSERT INTO tribal_evidence (id, fact_id, source_type, source_ref, author, authored_at, content_hash) VALUES (10577, 10577, 'inline_marker', 'pkg/saturated115/file.go', NULL, NULL, 'ev-115-2');
INSERT INTO tribal_facts (id, subject_id, kind, body, source_quote, confidence, corroboration, extractor, extractor_version, model, staleness_hash, status, created_at, last_verified, cluster_key) VALUES (10578, 10115, 'quirk', 'body-3', 'quote', 0.9, 1, 'test', '1', NULL, 'sh-115-3', 'active', '2026-01-01T00:00:00Z', '2026-01-01T00:00:00Z', '');
INSERT INTO tribal_evidence (id, fact_id, source_type, source_ref, author, authored_at, content_hash) VALUES (10578, 10578, 'inline_marker', 'pkg/saturated115/file.go', NULL, NULL, 'ev-115-3');
INSERT INTO tribal_facts (id, subject_id, kind, body, source_quote, confidence, corroboration, extractor, extractor_version, model, staleness_hash, status, created_at, last_verified, cluster_key) VALUES (10579, 10115, 'quirk', 'body-4', 'quote', 0.9, 1, 'test', '1', NULL, 'sh-115-4', 'active', '2026-01-01T00:00:00Z', '2026-01-01T00:00:00Z', '');
INSERT INTO tribal_evidence (id, fact_id, source_type, source_ref, author, authored_at, content_hash) VALUES (10579, 10579, 'inline_marker', 'pkg/saturated115/file.go', NULL, NULL, 'ev-115-4');
INSERT INTO symbols (id, repo, import_path, symbol_name, language, kind, visibility, display_name, scip_symbol) VALUES (10116, 'bench-repo', 'pkg/saturated116/file.go', 'sat_sym_116', 'go', 'func', 'public', NULL, NULL);
INSERT INTO tribal_facts (id, subject_id, kind, body, source_quote, confidence, corroboration, extractor, extractor_version, model, staleness_hash, status, created_at, last_verified, cluster_key) VALUES (10580, 10116, 'quirk', 'body-0', 'quote', 0.9, 1, 'test', '1', NULL, 'sh-116-0', 'active', '2026-01-01T00:00:00Z', '2026-01-01T00:00:00Z', '');
INSERT INTO tribal_evidence (id, fact_id, source_type, source_ref, author, authored_at, content_hash) VALUES (10580, 10580, 'inline_marker', 'pkg/saturated116/file.go', NULL, NULL, 'ev-116-0');
INSERT INTO tribal_facts (id, subject_id, kind, body, source_quote, confidence, corroboration, extractor, extractor_version, model, staleness_hash, status, created_at, last_verified, cluster_key) VALUES (10581, 10116, 'quirk', 'body-1', 'quote', 0.9, 1, 'test', '1', NULL, 'sh-116-1', 'active', '2026-01-01T00:00:00Z', '2026-01-01T00:00:00Z', '');
INSERT INTO tribal_evidence (id, fact_id, source_type, source_ref, author, authored_at, content_hash) VALUES (10581, 10581, 'inline_marker', 'pkg/saturated116/file.go', NULL, NULL, 'ev-116-1');
INSERT INTO tribal_facts (id, subject_id, kind, body, source_quote, confidence, corroboration, extractor, extractor_version, model, staleness_hash, status, created_at, last_verified, cluster_key) VALUES (10582, 10116, 'quirk', 'body-2', 'quote', 0.9, 1, 'test', '1', NULL, 'sh-116-2', 'active', '2026-01-01T00:00:00Z', '2026-01-01T00:00:00Z', '');
INSERT INTO tribal_evidence (id, fact_id, source_type, source_ref, author, authored_at, content_hash) VALUES (10582, 10582, 'inline_marker', 'pkg/saturated116/file.go', NULL, NULL, 'ev-116-2');
INSERT INTO tribal_facts (id, subject_id, kind, body, source_quote, confidence, corroboration, extractor, extractor_version, model, staleness_hash, status, created_at, last_verified, cluster_key) VALUES (10583, 10116, 'quirk', 'body-3', 'quote', 0.9, 1, 'test', '1', NULL, 'sh-116-3', 'active', '2026-01-01T00:00:00Z', '2026-01-01T00:00:00Z', '');
INSERT INTO tribal_evidence (id, fact_id, source_type, source_ref, author, authored_at, content_hash) VALUES (10583, 10583, 'inline_marker', 'pkg/saturated116/file.go', NULL, NULL, 'ev-116-3');
INSERT INTO tribal_facts (id, subject_id, kind, body, source_quote, confidence, corroboration, extractor, extractor_version, model, staleness_hash, status, created_at, last_verified, cluster_key) VALUES (10584, 10116, 'quirk', 'body-4', 'quote', 0.9, 1, 'test', '1', NULL, 'sh-116-4', 'active', '2026-01-01T00:00:00Z', '2026-01-01T00:00:00Z', '');
INSERT INTO tribal_evidence (id, fact_id, source_type, source_ref, author, authored_at, content_hash) VALUES (10584, 10584, 'inline_marker', 'pkg/saturated116/file.go', NULL, NULL, 'ev-116-4');
INSERT INTO symbols (id, repo, import_path, symbol_name, language, kind, visibility, display_name, scip_symbol) VALUES (10117, 'bench-repo', 'pkg/saturated117/file.go', 'sat_sym_117', 'go', 'func', 'public', NULL, NULL);
INSERT INTO tribal_facts (id, subject_id, kind, body, source_quote, confidence, corroboration, extractor, extractor_version, model, staleness_hash, status, created_at, last_verified, cluster_key) VALUES (10585, 10117, 'quirk', 'body-0', 'quote', 0.9, 1, 'test', '1', NULL, 'sh-117-0', 'active', '2026-01-01T00:00:00Z', '2026-01-01T00:00:00Z', '');
INSERT INTO tribal_evidence (id, fact_id, source_type, source_ref, author, authored_at, content_hash) VALUES (10585, 10585, 'inline_marker', 'pkg/saturated117/file.go', NULL, NULL, 'ev-117-0');
INSERT INTO tribal_facts (id, subject_id, kind, body, source_quote, confidence, corroboration, extractor, extractor_version, model, staleness_hash, status, created_at, last_verified, cluster_key) VALUES (10586, 10117, 'quirk', 'body-1', 'quote', 0.9, 1, 'test', '1', NULL, 'sh-117-1', 'active', '2026-01-01T00:00:00Z', '2026-01-01T00:00:00Z', '');
INSERT INTO tribal_evidence (id, fact_id, source_type, source_ref, author, authored_at, content_hash) VALUES (10586, 10586, 'inline_marker', 'pkg/saturated117/file.go', NULL, NULL, 'ev-117-1');
INSERT INTO tribal_facts (id, subject_id, kind, body, source_quote, confidence, corroboration, extractor, extractor_version, model, staleness_hash, status, created_at, last_verified, cluster_key) VALUES (10587, 10117, 'quirk', 'body-2', 'quote', 0.9, 1, 'test', '1', NULL, 'sh-117-2', 'active', '2026-01-01T00:00:00Z', '2026-01-01T00:00:00Z', '');
INSERT INTO tribal_evidence (id, fact_id, source_type, source_ref, author, authored_at, content_hash) VALUES (10587, 10587, 'inline_marker', 'pkg/saturated117/file.go', NULL, NULL, 'ev-117-2');
INSERT INTO tribal_facts (id, subject_id, kind, body, source_quote, confidence, corroboration, extractor, extractor_version, model, staleness_hash, status, created_at, last_verified, cluster_key) VALUES (10588, 10117, 'quirk', 'body-3', 'quote', 0.9, 1, 'test', '1', NULL, 'sh-117-3', 'active', '2026-01-01T00:00:00Z', '2026-01-01T00:00:00Z', '');
INSERT INTO tribal_evidence (id, fact_id, source_type, source_ref, author, authored_at, content_hash) VALUES (10588, 10588, 'inline_marker', 'pkg/saturated117/file.go', NULL, NULL, 'ev-117-3');
INSERT INTO tribal_facts (id, subject_id, kind, body, source_quote, confidence, corroboration, extractor, extractor_version, model, staleness_hash, status, created_at, last_verified, cluster_key) VALUES (10589, 10117, 'quirk', 'body-4', 'quote', 0.9, 1, 'test', '1', NULL, 'sh-117-4', 'active', '2026-01-01T00:00:00Z', '2026-01-01T00:00:00Z', '');
INSERT INTO tribal_evidence (id, fact_id, source_type, source_ref, author, authored_at, content_hash) VALUES (10589, 10589, 'inline_marker', 'pkg/saturated117/file.go', NULL, NULL, 'ev-117-4');
INSERT INTO symbols (id, repo, import_path, symbol_name, language, kind, visibility, display_name, scip_symbol) VALUES (10118, 'bench-repo', 'pkg/saturated118/file.go', 'sat_sym_118', 'go', 'func', 'public', NULL, NULL);
INSERT INTO tribal_facts (id, subject_id, kind, body, source_quote, confidence, corroboration, extractor, extractor_version, model, staleness_hash, status, created_at, last_verified, cluster_key) VALUES (10590, 10118, 'quirk', 'body-0', 'quote', 0.9, 1, 'test', '1', NULL, 'sh-118-0', 'active', '2026-01-01T00:00:00Z', '2026-01-01T00:00:00Z', '');
INSERT INTO tribal_evidence (id, fact_id, source_type, source_ref, author, authored_at, content_hash) VALUES (10590, 10590, 'inline_marker', 'pkg/saturated118/file.go', NULL, NULL, 'ev-118-0');
INSERT INTO tribal_facts (id, subject_id, kind, body, source_quote, confidence, corroboration, extractor, extractor_version, model, staleness_hash, status, created_at, last_verified, cluster_key) VALUES (10591, 10118, 'quirk', 'body-1', 'quote', 0.9, 1, 'test', '1', NULL, 'sh-118-1', 'active', '2026-01-01T00:00:00Z', '2026-01-01T00:00:00Z', '');
INSERT INTO tribal_evidence (id, fact_id, source_type, source_ref, author, authored_at, content_hash) VALUES (10591, 10591, 'inline_marker', 'pkg/saturated118/file.go', NULL, NULL, 'ev-118-1');
INSERT INTO tribal_facts (id, subject_id, kind, body, source_quote, confidence, corroboration, extractor, extractor_version, model, staleness_hash, status, created_at, last_verified, cluster_key) VALUES (10592, 10118, 'quirk', 'body-2', 'quote', 0.9, 1, 'test', '1', NULL, 'sh-118-2', 'active', '2026-01-01T00:00:00Z', '2026-01-01T00:00:00Z', '');
INSERT INTO tribal_evidence (id, fact_id, source_type, source_ref, author, authored_at, content_hash) VALUES (10592, 10592, 'inline_marker', 'pkg/saturated118/file.go', NULL, NULL, 'ev-118-2');
INSERT INTO tribal_facts (id, subject_id, kind, body, source_quote, confidence, corroboration, extractor, extractor_version, model, staleness_hash, status, created_at, last_verified, cluster_key) VALUES (10593, 10118, 'quirk', 'body-3', 'quote', 0.9, 1, 'test', '1', NULL, 'sh-118-3', 'active', '2026-01-01T00:00:00Z', '2026-01-01T00:00:00Z', '');
INSERT INTO tribal_evidence (id, fact_id, source_type, source_ref, author, authored_at, content_hash) VALUES (10593, 10593, 'inline_marker', 'pkg/saturated118/file.go', NULL, NULL, 'ev-118-3');
INSERT INTO tribal_facts (id, subject_id, kind, body, source_quote, confidence, corroboration, extractor, extractor_version, model, staleness_hash, status, created_at, last_verified, cluster_key) VALUES (10594, 10118, 'quirk', 'body-4', 'quote', 0.9, 1, 'test', '1', NULL, 'sh-118-4', 'active', '2026-01-01T00:00:00Z', '2026-01-01T00:00:00Z', '');
INSERT INTO tribal_evidence (id, fact_id, source_type, source_ref, author, authored_at, content_hash) VALUES (10594, 10594, 'inline_marker', 'pkg/saturated118/file.go', NULL, NULL, 'ev-118-4');
INSERT INTO symbols (id, repo, import_path, symbol_name, language, kind, visibility, display_name, scip_symbol) VALUES (10119, 'bench-repo', 'pkg/saturated119/file.go', 'sat_sym_119', 'go', 'func', 'public', NULL, NULL);
INSERT INTO tribal_facts (id, subject_id, kind, body, source_quote, confidence, corroboration, extractor, extractor_version, model, staleness_hash, status, created_at, last_verified, cluster_key) VALUES (10595, 10119, 'quirk', 'body-0', 'quote', 0.9, 1, 'test', '1', NULL, 'sh-119-0', 'active', '2026-01-01T00:00:00Z', '2026-01-01T00:00:00Z', '');
INSERT INTO tribal_evidence (id, fact_id, source_type, source_ref, author, authored_at, content_hash) VALUES (10595, 10595, 'inline_marker', 'pkg/saturated119/file.go', NULL, NULL, 'ev-119-0');
INSERT INTO tribal_facts (id, subject_id, kind, body, source_quote, confidence, corroboration, extractor, extractor_version, model, staleness_hash, status, created_at, last_verified, cluster_key) VALUES (10596, 10119, 'quirk', 'body-1', 'quote', 0.9, 1, 'test', '1', NULL, 'sh-119-1', 'active', '2026-01-01T00:00:00Z', '2026-01-01T00:00:00Z', '');
INSERT INTO tribal_evidence (id, fact_id, source_type, source_ref, author, authored_at, content_hash) VALUES (10596, 10596, 'inline_marker', 'pkg/saturated119/file.go', NULL, NULL, 'ev-119-1');
INSERT INTO tribal_facts (id, subject_id, kind, body, source_quote, confidence, corroboration, extractor, extractor_version, model, staleness_hash, status, created_at, last_verified, cluster_key) VALUES (10597, 10119, 'quirk', 'body-2', 'quote', 0.9, 1, 'test', '1', NULL, 'sh-119-2', 'active', '2026-01-01T00:00:00Z', '2026-01-01T00:00:00Z', '');
INSERT INTO tribal_evidence (id, fact_id, source_type, source_ref, author, authored_at, content_hash) VALUES (10597, 10597, 'inline_marker', 'pkg/saturated119/file.go', NULL, NULL, 'ev-119-2');
INSERT INTO tribal_facts (id, subject_id, kind, body, source_quote, confidence, corroboration, extractor, extractor_version, model, staleness_hash, status, created_at, last_verified, cluster_key) VALUES (10598, 10119, 'quirk', 'body-3', 'quote', 0.9, 1, 'test', '1', NULL, 'sh-119-3', 'active', '2026-01-01T00:00:00Z', '2026-01-01T00:00:00Z', '');
INSERT INTO tribal_evidence (id, fact_id, source_type, source_ref, author, authored_at, content_hash) VALUES (10598, 10598, 'inline_marker', 'pkg/saturated119/file.go', NULL, NULL, 'ev-119-3');
INSERT INTO tribal_facts (id, subject_id, kind, body, source_quote, confidence, corroboration, extractor, extractor_version, model, staleness_hash, status, created_at, last_verified, cluster_key) VALUES (10599, 10119, 'quirk', 'body-4', 'quote', 0.9, 1, 'test', '1', NULL, 'sh-119-4', 'active', '2026-01-01T00:00:00Z', '2026-01-01T00:00:00Z', '');
INSERT INTO tribal_evidence (id, fact_id, source_type, source_ref, author, authored_at, content_hash) VALUES (10599, 10599, 'inline_marker', 'pkg/saturated119/file.go', NULL, NULL, 'ev-119-4');
INSERT INTO symbols (id, repo, import_path, symbol_name, language, kind, visibility, display_name, scip_symbol) VALUES (10120, 'bench-repo', 'pkg/saturated120/file.go', 'sat_sym_120', 'go', 'func', 'public', NULL, NULL);
INSERT INTO tribal_facts (id, subject_id, kind, body, source_quote, confidence, corroboration, extractor, extractor_version, model, staleness_hash, status, created_at, last_verified, cluster_key) VALUES (10600, 10120, 'quirk', 'body-0', 'quote', 0.9, 1, 'test', '1', NULL, 'sh-120-0', 'active', '2026-01-01T00:00:00Z', '2026-01-01T00:00:00Z', '');
INSERT INTO tribal_evidence (id, fact_id, source_type, source_ref, author, authored_at, content_hash) VALUES (10600, 10600, 'inline_marker', 'pkg/saturated120/file.go', NULL, NULL, 'ev-120-0');
INSERT INTO tribal_facts (id, subject_id, kind, body, source_quote, confidence, corroboration, extractor, extractor_version, model, staleness_hash, status, created_at, last_verified, cluster_key) VALUES (10601, 10120, 'quirk', 'body-1', 'quote', 0.9, 1, 'test', '1', NULL, 'sh-120-1', 'active', '2026-01-01T00:00:00Z', '2026-01-01T00:00:00Z', '');
INSERT INTO tribal_evidence (id, fact_id, source_type, source_ref, author, authored_at, content_hash) VALUES (10601, 10601, 'inline_marker', 'pkg/saturated120/file.go', NULL, NULL, 'ev-120-1');
INSERT INTO tribal_facts (id, subject_id, kind, body, source_quote, confidence, corroboration, extractor, extractor_version, model, staleness_hash, status, created_at, last_verified, cluster_key) VALUES (10602, 10120, 'quirk', 'body-2', 'quote', 0.9, 1, 'test', '1', NULL, 'sh-120-2', 'active', '2026-01-01T00:00:00Z', '2026-01-01T00:00:00Z', '');
INSERT INTO tribal_evidence (id, fact_id, source_type, source_ref, author, authored_at, content_hash) VALUES (10602, 10602, 'inline_marker', 'pkg/saturated120/file.go', NULL, NULL, 'ev-120-2');
INSERT INTO tribal_facts (id, subject_id, kind, body, source_quote, confidence, corroboration, extractor, extractor_version, model, staleness_hash, status, created_at, last_verified, cluster_key) VALUES (10603, 10120, 'quirk', 'body-3', 'quote', 0.9, 1, 'test', '1', NULL, 'sh-120-3', 'active', '2026-01-01T00:00:00Z', '2026-01-01T00:00:00Z', '');
INSERT INTO tribal_evidence (id, fact_id, source_type, source_ref, author, authored_at, content_hash) VALUES (10603, 10603, 'inline_marker', 'pkg/saturated120/file.go', NULL, NULL, 'ev-120-3');
INSERT INTO tribal_facts (id, subject_id, kind, body, source_quote, confidence, corroboration, extractor, extractor_version, model, staleness_hash, status, created_at, last_verified, cluster_key) VALUES (10604, 10120, 'quirk', 'body-4', 'quote', 0.9, 1, 'test', '1', NULL, 'sh-120-4', 'active', '2026-01-01T00:00:00Z', '2026-01-01T00:00:00Z', '');
INSERT INTO tribal_evidence (id, fact_id, source_type, source_ref, author, authored_at, content_hash) VALUES (10604, 10604, 'inline_marker', 'pkg/saturated120/file.go', NULL, NULL, 'ev-120-4');
INSERT INTO symbols (id, repo, import_path, symbol_name, language, kind, visibility, display_name, scip_symbol) VALUES (10121, 'bench-repo', 'pkg/saturated121/file.go', 'sat_sym_121', 'go', 'func', 'public', NULL, NULL);
INSERT INTO tribal_facts (id, subject_id, kind, body, source_quote, confidence, corroboration, extractor, extractor_version, model, staleness_hash, status, created_at, last_verified, cluster_key) VALUES (10605, 10121, 'quirk', 'body-0', 'quote', 0.9, 1, 'test', '1', NULL, 'sh-121-0', 'active', '2026-01-01T00:00:00Z', '2026-01-01T00:00:00Z', '');
INSERT INTO tribal_evidence (id, fact_id, source_type, source_ref, author, authored_at, content_hash) VALUES (10605, 10605, 'inline_marker', 'pkg/saturated121/file.go', NULL, NULL, 'ev-121-0');
INSERT INTO tribal_facts (id, subject_id, kind, body, source_quote, confidence, corroboration, extractor, extractor_version, model, staleness_hash, status, created_at, last_verified, cluster_key) VALUES (10606, 10121, 'quirk', 'body-1', 'quote', 0.9, 1, 'test', '1', NULL, 'sh-121-1', 'active', '2026-01-01T00:00:00Z', '2026-01-01T00:00:00Z', '');
INSERT INTO tribal_evidence (id, fact_id, source_type, source_ref, author, authored_at, content_hash) VALUES (10606, 10606, 'inline_marker', 'pkg/saturated121/file.go', NULL, NULL, 'ev-121-1');
INSERT INTO tribal_facts (id, subject_id, kind, body, source_quote, confidence, corroboration, extractor, extractor_version, model, staleness_hash, status, created_at, last_verified, cluster_key) VALUES (10607, 10121, 'quirk', 'body-2', 'quote', 0.9, 1, 'test', '1', NULL, 'sh-121-2', 'active', '2026-01-01T00:00:00Z', '2026-01-01T00:00:00Z', '');
INSERT INTO tribal_evidence (id, fact_id, source_type, source_ref, author, authored_at, content_hash) VALUES (10607, 10607, 'inline_marker', 'pkg/saturated121/file.go', NULL, NULL, 'ev-121-2');
INSERT INTO tribal_facts (id, subject_id, kind, body, source_quote, confidence, corroboration, extractor, extractor_version, model, staleness_hash, status, created_at, last_verified, cluster_key) VALUES (10608, 10121, 'quirk', 'body-3', 'quote', 0.9, 1, 'test', '1', NULL, 'sh-121-3', 'active', '2026-01-01T00:00:00Z', '2026-01-01T00:00:00Z', '');
INSERT INTO tribal_evidence (id, fact_id, source_type, source_ref, author, authored_at, content_hash) VALUES (10608, 10608, 'inline_marker', 'pkg/saturated121/file.go', NULL, NULL, 'ev-121-3');
INSERT INTO tribal_facts (id, subject_id, kind, body, source_quote, confidence, corroboration, extractor, extractor_version, model, staleness_hash, status, created_at, last_verified, cluster_key) VALUES (10609, 10121, 'quirk', 'body-4', 'quote', 0.9, 1, 'test', '1', NULL, 'sh-121-4', 'active', '2026-01-01T00:00:00Z', '2026-01-01T00:00:00Z', '');
INSERT INTO tribal_evidence (id, fact_id, source_type, source_ref, author, authored_at, content_hash) VALUES (10609, 10609, 'inline_marker', 'pkg/saturated121/file.go', NULL, NULL, 'ev-121-4');
INSERT INTO symbols (id, repo, import_path, symbol_name, language, kind, visibility, display_name, scip_symbol) VALUES (10122, 'bench-repo', 'pkg/saturated122/file.go', 'sat_sym_122', 'go', 'func', 'public', NULL, NULL);
INSERT INTO tribal_facts (id, subject_id, kind, body, source_quote, confidence, corroboration, extractor, extractor_version, model, staleness_hash, status, created_at, last_verified, cluster_key) VALUES (10610, 10122, 'quirk', 'body-0', 'quote', 0.9, 1, 'test', '1', NULL, 'sh-122-0', 'active', '2026-01-01T00:00:00Z', '2026-01-01T00:00:00Z', '');
INSERT INTO tribal_evidence (id, fact_id, source_type, source_ref, author, authored_at, content_hash) VALUES (10610, 10610, 'inline_marker', 'pkg/saturated122/file.go', NULL, NULL, 'ev-122-0');
INSERT INTO tribal_facts (id, subject_id, kind, body, source_quote, confidence, corroboration, extractor, extractor_version, model, staleness_hash, status, created_at, last_verified, cluster_key) VALUES (10611, 10122, 'quirk', 'body-1', 'quote', 0.9, 1, 'test', '1', NULL, 'sh-122-1', 'active', '2026-01-01T00:00:00Z', '2026-01-01T00:00:00Z', '');
INSERT INTO tribal_evidence (id, fact_id, source_type, source_ref, author, authored_at, content_hash) VALUES (10611, 10611, 'inline_marker', 'pkg/saturated122/file.go', NULL, NULL, 'ev-122-1');
INSERT INTO tribal_facts (id, subject_id, kind, body, source_quote, confidence, corroboration, extractor, extractor_version, model, staleness_hash, status, created_at, last_verified, cluster_key) VALUES (10612, 10122, 'quirk', 'body-2', 'quote', 0.9, 1, 'test', '1', NULL, 'sh-122-2', 'active', '2026-01-01T00:00:00Z', '2026-01-01T00:00:00Z', '');
INSERT INTO tribal_evidence (id, fact_id, source_type, source_ref, author, authored_at, content_hash) VALUES (10612, 10612, 'inline_marker', 'pkg/saturated122/file.go', NULL, NULL, 'ev-122-2');
INSERT INTO tribal_facts (id, subject_id, kind, body, source_quote, confidence, corroboration, extractor, extractor_version, model, staleness_hash, status, created_at, last_verified, cluster_key) VALUES (10613, 10122, 'quirk', 'body-3', 'quote', 0.9, 1, 'test', '1', NULL, 'sh-122-3', 'active', '2026-01-01T00:00:00Z', '2026-01-01T00:00:00Z', '');
INSERT INTO tribal_evidence (id, fact_id, source_type, source_ref, author, authored_at, content_hash) VALUES (10613, 10613, 'inline_marker', 'pkg/saturated122/file.go', NULL, NULL, 'ev-122-3');
INSERT INTO tribal_facts (id, subject_id, kind, body, source_quote, confidence, corroboration, extractor, extractor_version, model, staleness_hash, status, created_at, last_verified, cluster_key) VALUES (10614, 10122, 'quirk', 'body-4', 'quote', 0.9, 1, 'test', '1', NULL, 'sh-122-4', 'active', '2026-01-01T00:00:00Z', '2026-01-01T00:00:00Z', '');
INSERT INTO tribal_evidence (id, fact_id, source_type, source_ref, author, authored_at, content_hash) VALUES (10614, 10614, 'inline_marker', 'pkg/saturated122/file.go', NULL, NULL, 'ev-122-4');
INSERT INTO symbols (id, repo, import_path, symbol_name, language, kind, visibility, display_name, scip_symbol) VALUES (10123, 'bench-repo', 'pkg/saturated123/file.go', 'sat_sym_123', 'go', 'func', 'public', NULL, NULL);
INSERT INTO tribal_facts (id, subject_id, kind, body, source_quote, confidence, corroboration, extractor, extractor_version, model, staleness_hash, status, created_at, last_verified, cluster_key) VALUES (10615, 10123, 'quirk', 'body-0', 'quote', 0.9, 1, 'test', '1', NULL, 'sh-123-0', 'active', '2026-01-01T00:00:00Z', '2026-01-01T00:00:00Z', '');
INSERT INTO tribal_evidence (id, fact_id, source_type, source_ref, author, authored_at, content_hash) VALUES (10615, 10615, 'inline_marker', 'pkg/saturated123/file.go', NULL, NULL, 'ev-123-0');
INSERT INTO tribal_facts (id, subject_id, kind, body, source_quote, confidence, corroboration, extractor, extractor_version, model, staleness_hash, status, created_at, last_verified, cluster_key) VALUES (10616, 10123, 'quirk', 'body-1', 'quote', 0.9, 1, 'test', '1', NULL, 'sh-123-1', 'active', '2026-01-01T00:00:00Z', '2026-01-01T00:00:00Z', '');
INSERT INTO tribal_evidence (id, fact_id, source_type, source_ref, author, authored_at, content_hash) VALUES (10616, 10616, 'inline_marker', 'pkg/saturated123/file.go', NULL, NULL, 'ev-123-1');
INSERT INTO tribal_facts (id, subject_id, kind, body, source_quote, confidence, corroboration, extractor, extractor_version, model, staleness_hash, status, created_at, last_verified, cluster_key) VALUES (10617, 10123, 'quirk', 'body-2', 'quote', 0.9, 1, 'test', '1', NULL, 'sh-123-2', 'active', '2026-01-01T00:00:00Z', '2026-01-01T00:00:00Z', '');
INSERT INTO tribal_evidence (id, fact_id, source_type, source_ref, author, authored_at, content_hash) VALUES (10617, 10617, 'inline_marker', 'pkg/saturated123/file.go', NULL, NULL, 'ev-123-2');
INSERT INTO tribal_facts (id, subject_id, kind, body, source_quote, confidence, corroboration, extractor, extractor_version, model, staleness_hash, status, created_at, last_verified, cluster_key) VALUES (10618, 10123, 'quirk', 'body-3', 'quote', 0.9, 1, 'test', '1', NULL, 'sh-123-3', 'active', '2026-01-01T00:00:00Z', '2026-01-01T00:00:00Z', '');
INSERT INTO tribal_evidence (id, fact_id, source_type, source_ref, author, authored_at, content_hash) VALUES (10618, 10618, 'inline_marker', 'pkg/saturated123/file.go', NULL, NULL, 'ev-123-3');
INSERT INTO tribal_facts (id, subject_id, kind, body, source_quote, confidence, corroboration, extractor, extractor_version, model, staleness_hash, status, created_at, last_verified, cluster_key) VALUES (10619, 10123, 'quirk', 'body-4', 'quote', 0.9, 1, 'test', '1', NULL, 'sh-123-4', 'active', '2026-01-01T00:00:00Z', '2026-01-01T00:00:00Z', '');
INSERT INTO tribal_evidence (id, fact_id, source_type, source_ref, author, authored_at, content_hash) VALUES (10619, 10619, 'inline_marker', 'pkg/saturated123/file.go', NULL, NULL, 'ev-123-4');
INSERT INTO symbols (id, repo, import_path, symbol_name, language, kind, visibility, display_name, scip_symbol) VALUES (10124, 'bench-repo', 'pkg/saturated124/file.go', 'sat_sym_124', 'go', 'func', 'public', NULL, NULL);
INSERT INTO tribal_facts (id, subject_id, kind, body, source_quote, confidence, corroboration, extractor, extractor_version, model, staleness_hash, status, created_at, last_verified, cluster_key) VALUES (10620, 10124, 'quirk', 'body-0', 'quote', 0.9, 1, 'test', '1', NULL, 'sh-124-0', 'active', '2026-01-01T00:00:00Z', '2026-01-01T00:00:00Z', '');
INSERT INTO tribal_evidence (id, fact_id, source_type, source_ref, author, authored_at, content_hash) VALUES (10620, 10620, 'inline_marker', 'pkg/saturated124/file.go', NULL, NULL, 'ev-124-0');
INSERT INTO tribal_facts (id, subject_id, kind, body, source_quote, confidence, corroboration, extractor, extractor_version, model, staleness_hash, status, created_at, last_verified, cluster_key) VALUES (10621, 10124, 'quirk', 'body-1', 'quote', 0.9, 1, 'test', '1', NULL, 'sh-124-1', 'active', '2026-01-01T00:00:00Z', '2026-01-01T00:00:00Z', '');
INSERT INTO tribal_evidence (id, fact_id, source_type, source_ref, author, authored_at, content_hash) VALUES (10621, 10621, 'inline_marker', 'pkg/saturated124/file.go', NULL, NULL, 'ev-124-1');
INSERT INTO tribal_facts (id, subject_id, kind, body, source_quote, confidence, corroboration, extractor, extractor_version, model, staleness_hash, status, created_at, last_verified, cluster_key) VALUES (10622, 10124, 'quirk', 'body-2', 'quote', 0.9, 1, 'test', '1', NULL, 'sh-124-2', 'active', '2026-01-01T00:00:00Z', '2026-01-01T00:00:00Z', '');
INSERT INTO tribal_evidence (id, fact_id, source_type, source_ref, author, authored_at, content_hash) VALUES (10622, 10622, 'inline_marker', 'pkg/saturated124/file.go', NULL, NULL, 'ev-124-2');
INSERT INTO tribal_facts (id, subject_id, kind, body, source_quote, confidence, corroboration, extractor, extractor_version, model, staleness_hash, status, created_at, last_verified, cluster_key) VALUES (10623, 10124, 'quirk', 'body-3', 'quote', 0.9, 1, 'test', '1', NULL, 'sh-124-3', 'active', '2026-01-01T00:00:00Z', '2026-01-01T00:00:00Z', '');
INSERT INTO tribal_evidence (id, fact_id, source_type, source_ref, author, authored_at, content_hash) VALUES (10623, 10623, 'inline_marker', 'pkg/saturated124/file.go', NULL, NULL, 'ev-124-3');
INSERT INTO tribal_facts (id, subject_id, kind, body, source_quote, confidence, corroboration, extractor, extractor_version, model, staleness_hash, status, created_at, last_verified, cluster_key) VALUES (10624, 10124, 'quirk', 'body-4', 'quote', 0.9, 1, 'test', '1', NULL, 'sh-124-4', 'active', '2026-01-01T00:00:00Z', '2026-01-01T00:00:00Z', '');
INSERT INTO tribal_evidence (id, fact_id, source_type, source_ref, author, authored_at, content_hash) VALUES (10624, 10624, 'inline_marker', 'pkg/saturated124/file.go', NULL, NULL, 'ev-124-4');
INSERT INTO symbols (id, repo, import_path, symbol_name, language, kind, visibility, display_name, scip_symbol) VALUES (10125, 'bench-repo', 'pkg/saturated125/file.go', 'sat_sym_125', 'go', 'func', 'public', NULL, NULL);
INSERT INTO tribal_facts (id, subject_id, kind, body, source_quote, confidence, corroboration, extractor, extractor_version, model, staleness_hash, status, created_at, last_verified, cluster_key) VALUES (10625, 10125, 'quirk', 'body-0', 'quote', 0.9, 1, 'test', '1', NULL, 'sh-125-0', 'active', '2026-01-01T00:00:00Z', '2026-01-01T00:00:00Z', '');
INSERT INTO tribal_evidence (id, fact_id, source_type, source_ref, author, authored_at, content_hash) VALUES (10625, 10625, 'inline_marker', 'pkg/saturated125/file.go', NULL, NULL, 'ev-125-0');
INSERT INTO tribal_facts (id, subject_id, kind, body, source_quote, confidence, corroboration, extractor, extractor_version, model, staleness_hash, status, created_at, last_verified, cluster_key) VALUES (10626, 10125, 'quirk', 'body-1', 'quote', 0.9, 1, 'test', '1', NULL, 'sh-125-1', 'active', '2026-01-01T00:00:00Z', '2026-01-01T00:00:00Z', '');
INSERT INTO tribal_evidence (id, fact_id, source_type, source_ref, author, authored_at, content_hash) VALUES (10626, 10626, 'inline_marker', 'pkg/saturated125/file.go', NULL, NULL, 'ev-125-1');
INSERT INTO tribal_facts (id, subject_id, kind, body, source_quote, confidence, corroboration, extractor, extractor_version, model, staleness_hash, status, created_at, last_verified, cluster_key) VALUES (10627, 10125, 'quirk', 'body-2', 'quote', 0.9, 1, 'test', '1', NULL, 'sh-125-2', 'active', '2026-01-01T00:00:00Z', '2026-01-01T00:00:00Z', '');
INSERT INTO tribal_evidence (id, fact_id, source_type, source_ref, author, authored_at, content_hash) VALUES (10627, 10627, 'inline_marker', 'pkg/saturated125/file.go', NULL, NULL, 'ev-125-2');
INSERT INTO tribal_facts (id, subject_id, kind, body, source_quote, confidence, corroboration, extractor, extractor_version, model, staleness_hash, status, created_at, last_verified, cluster_key) VALUES (10628, 10125, 'quirk', 'body-3', 'quote', 0.9, 1, 'test', '1', NULL, 'sh-125-3', 'active', '2026-01-01T00:00:00Z', '2026-01-01T00:00:00Z', '');
INSERT INTO tribal_evidence (id, fact_id, source_type, source_ref, author, authored_at, content_hash) VALUES (10628, 10628, 'inline_marker', 'pkg/saturated125/file.go', NULL, NULL, 'ev-125-3');
INSERT INTO tribal_facts (id, subject_id, kind, body, source_quote, confidence, corroboration, extractor, extractor_version, model, staleness_hash, status, created_at, last_verified, cluster_key) VALUES (10629, 10125, 'quirk', 'body-4', 'quote', 0.9, 1, 'test', '1', NULL, 'sh-125-4', 'active', '2026-01-01T00:00:00Z', '2026-01-01T00:00:00Z', '');
INSERT INTO tribal_evidence (id, fact_id, source_type, source_ref, author, authored_at, content_hash) VALUES (10629, 10629, 'inline_marker', 'pkg/saturated125/file.go', NULL, NULL, 'ev-125-4');
INSERT INTO symbols (id, repo, import_path, symbol_name, language, kind, visibility, display_name, scip_symbol) VALUES (10126, 'bench-repo', 'pkg/saturated126/file.go', 'sat_sym_126', 'go', 'func', 'public', NULL, NULL);
INSERT INTO tribal_facts (id, subject_id, kind, body, source_quote, confidence, corroboration, extractor, extractor_version, model, staleness_hash, status, created_at, last_verified, cluster_key) VALUES (10630, 10126, 'quirk', 'body-0', 'quote', 0.9, 1, 'test', '1', NULL, 'sh-126-0', 'active', '2026-01-01T00:00:00Z', '2026-01-01T00:00:00Z', '');
INSERT INTO tribal_evidence (id, fact_id, source_type, source_ref, author, authored_at, content_hash) VALUES (10630, 10630, 'inline_marker', 'pkg/saturated126/file.go', NULL, NULL, 'ev-126-0');
INSERT INTO tribal_facts (id, subject_id, kind, body, source_quote, confidence, corroboration, extractor, extractor_version, model, staleness_hash, status, created_at, last_verified, cluster_key) VALUES (10631, 10126, 'quirk', 'body-1', 'quote', 0.9, 1, 'test', '1', NULL, 'sh-126-1', 'active', '2026-01-01T00:00:00Z', '2026-01-01T00:00:00Z', '');
INSERT INTO tribal_evidence (id, fact_id, source_type, source_ref, author, authored_at, content_hash) VALUES (10631, 10631, 'inline_marker', 'pkg/saturated126/file.go', NULL, NULL, 'ev-126-1');
INSERT INTO tribal_facts (id, subject_id, kind, body, source_quote, confidence, corroboration, extractor, extractor_version, model, staleness_hash, status, created_at, last_verified, cluster_key) VALUES (10632, 10126, 'quirk', 'body-2', 'quote', 0.9, 1, 'test', '1', NULL, 'sh-126-2', 'active', '2026-01-01T00:00:00Z', '2026-01-01T00:00:00Z', '');
INSERT INTO tribal_evidence (id, fact_id, source_type, source_ref, author, authored_at, content_hash) VALUES (10632, 10632, 'inline_marker', 'pkg/saturated126/file.go', NULL, NULL, 'ev-126-2');
INSERT INTO tribal_facts (id, subject_id, kind, body, source_quote, confidence, corroboration, extractor, extractor_version, model, staleness_hash, status, created_at, last_verified, cluster_key) VALUES (10633, 10126, 'quirk', 'body-3', 'quote', 0.9, 1, 'test', '1', NULL, 'sh-126-3', 'active', '2026-01-01T00:00:00Z', '2026-01-01T00:00:00Z', '');
INSERT INTO tribal_evidence (id, fact_id, source_type, source_ref, author, authored_at, content_hash) VALUES (10633, 10633, 'inline_marker', 'pkg/saturated126/file.go', NULL, NULL, 'ev-126-3');
INSERT INTO tribal_facts (id, subject_id, kind, body, source_quote, confidence, corroboration, extractor, extractor_version, model, staleness_hash, status, created_at, last_verified, cluster_key) VALUES (10634, 10126, 'quirk', 'body-4', 'quote', 0.9, 1, 'test', '1', NULL, 'sh-126-4', 'active', '2026-01-01T00:00:00Z', '2026-01-01T00:00:00Z', '');
INSERT INTO tribal_evidence (id, fact_id, source_type, source_ref, author, authored_at, content_hash) VALUES (10634, 10634, 'inline_marker', 'pkg/saturated126/file.go', NULL, NULL, 'ev-126-4');
INSERT INTO symbols (id, repo, import_path, symbol_name, language, kind, visibility, display_name, scip_symbol) VALUES (10127, 'bench-repo', 'pkg/saturated127/file.go', 'sat_sym_127', 'go', 'func', 'public', NULL, NULL);
INSERT INTO tribal_facts (id, subject_id, kind, body, source_quote, confidence, corroboration, extractor, extractor_version, model, staleness_hash, status, created_at, last_verified, cluster_key) VALUES (10635, 10127, 'quirk', 'body-0', 'quote', 0.9, 1, 'test', '1', NULL, 'sh-127-0', 'active', '2026-01-01T00:00:00Z', '2026-01-01T00:00:00Z', '');
INSERT INTO tribal_evidence (id, fact_id, source_type, source_ref, author, authored_at, content_hash) VALUES (10635, 10635, 'inline_marker', 'pkg/saturated127/file.go', NULL, NULL, 'ev-127-0');
INSERT INTO tribal_facts (id, subject_id, kind, body, source_quote, confidence, corroboration, extractor, extractor_version, model, staleness_hash, status, created_at, last_verified, cluster_key) VALUES (10636, 10127, 'quirk', 'body-1', 'quote', 0.9, 1, 'test', '1', NULL, 'sh-127-1', 'active', '2026-01-01T00:00:00Z', '2026-01-01T00:00:00Z', '');
INSERT INTO tribal_evidence (id, fact_id, source_type, source_ref, author, authored_at, content_hash) VALUES (10636, 10636, 'inline_marker', 'pkg/saturated127/file.go', NULL, NULL, 'ev-127-1');
INSERT INTO tribal_facts (id, subject_id, kind, body, source_quote, confidence, corroboration, extractor, extractor_version, model, staleness_hash, status, created_at, last_verified, cluster_key) VALUES (10637, 10127, 'quirk', 'body-2', 'quote', 0.9, 1, 'test', '1', NULL, 'sh-127-2', 'active', '2026-01-01T00:00:00Z', '2026-01-01T00:00:00Z', '');
INSERT INTO tribal_evidence (id, fact_id, source_type, source_ref, author, authored_at, content_hash) VALUES (10637, 10637, 'inline_marker', 'pkg/saturated127/file.go', NULL, NULL, 'ev-127-2');
INSERT INTO tribal_facts (id, subject_id, kind, body, source_quote, confidence, corroboration, extractor, extractor_version, model, staleness_hash, status, created_at, last_verified, cluster_key) VALUES (10638, 10127, 'quirk', 'body-3', 'quote', 0.9, 1, 'test', '1', NULL, 'sh-127-3', 'active', '2026-01-01T00:00:00Z', '2026-01-01T00:00:00Z', '');
INSERT INTO tribal_evidence (id, fact_id, source_type, source_ref, author, authored_at, content_hash) VALUES (10638, 10638, 'inline_marker', 'pkg/saturated127/file.go', NULL, NULL, 'ev-127-3');
INSERT INTO tribal_facts (id, subject_id, kind, body, source_quote, confidence, corroboration, extractor, extractor_version, model, staleness_hash, status, created_at, last_verified, cluster_key) VALUES (10639, 10127, 'quirk', 'body-4', 'quote', 0.9, 1, 'test', '1', NULL, 'sh-127-4', 'active', '2026-01-01T00:00:00Z', '2026-01-01T00:00:00Z', '');
INSERT INTO tribal_evidence (id, fact_id, source_type, source_ref, author, authored_at, content_hash) VALUES (10639, 10639, 'inline_marker', 'pkg/saturated127/file.go', NULL, NULL, 'ev-127-4');
INSERT INTO symbols (id, repo, import_path, symbol_name, language, kind, visibility, display_name, scip_symbol) VALUES (10128, 'bench-repo', 'pkg/saturated128/file.go', 'sat_sym_128', 'go', 'func', 'public', NULL, NULL);
INSERT INTO tribal_facts (id, subject_id, kind, body, source_quote, confidence, corroboration, extractor, extractor_version, model, staleness_hash, status, created_at, last_verified, cluster_key) VALUES (10640, 10128, 'quirk', 'body-0', 'quote', 0.9, 1, 'test', '1', NULL, 'sh-128-0', 'active', '2026-01-01T00:00:00Z', '2026-01-01T00:00:00Z', '');
INSERT INTO tribal_evidence (id, fact_id, source_type, source_ref, author, authored_at, content_hash) VALUES (10640, 10640, 'inline_marker', 'pkg/saturated128/file.go', NULL, NULL, 'ev-128-0');
INSERT INTO tribal_facts (id, subject_id, kind, body, source_quote, confidence, corroboration, extractor, extractor_version, model, staleness_hash, status, created_at, last_verified, cluster_key) VALUES (10641, 10128, 'quirk', 'body-1', 'quote', 0.9, 1, 'test', '1', NULL, 'sh-128-1', 'active', '2026-01-01T00:00:00Z', '2026-01-01T00:00:00Z', '');
INSERT INTO tribal_evidence (id, fact_id, source_type, source_ref, author, authored_at, content_hash) VALUES (10641, 10641, 'inline_marker', 'pkg/saturated128/file.go', NULL, NULL, 'ev-128-1');
INSERT INTO tribal_facts (id, subject_id, kind, body, source_quote, confidence, corroboration, extractor, extractor_version, model, staleness_hash, status, created_at, last_verified, cluster_key) VALUES (10642, 10128, 'quirk', 'body-2', 'quote', 0.9, 1, 'test', '1', NULL, 'sh-128-2', 'active', '2026-01-01T00:00:00Z', '2026-01-01T00:00:00Z', '');
INSERT INTO tribal_evidence (id, fact_id, source_type, source_ref, author, authored_at, content_hash) VALUES (10642, 10642, 'inline_marker', 'pkg/saturated128/file.go', NULL, NULL, 'ev-128-2');
INSERT INTO tribal_facts (id, subject_id, kind, body, source_quote, confidence, corroboration, extractor, extractor_version, model, staleness_hash, status, created_at, last_verified, cluster_key) VALUES (10643, 10128, 'quirk', 'body-3', 'quote', 0.9, 1, 'test', '1', NULL, 'sh-128-3', 'active', '2026-01-01T00:00:00Z', '2026-01-01T00:00:00Z', '');
INSERT INTO tribal_evidence (id, fact_id, source_type, source_ref, author, authored_at, content_hash) VALUES (10643, 10643, 'inline_marker', 'pkg/saturated128/file.go', NULL, NULL, 'ev-128-3');
INSERT INTO tribal_facts (id, subject_id, kind, body, source_quote, confidence, corroboration, extractor, extractor_version, model, staleness_hash, status, created_at, last_verified, cluster_key) VALUES (10644, 10128, 'quirk', 'body-4', 'quote', 0.9, 1, 'test', '1', NULL, 'sh-128-4', 'active', '2026-01-01T00:00:00Z', '2026-01-01T00:00:00Z', '');
INSERT INTO tribal_evidence (id, fact_id, source_type, source_ref, author, authored_at, content_hash) VALUES (10644, 10644, 'inline_marker', 'pkg/saturated128/file.go', NULL, NULL, 'ev-128-4');
INSERT INTO symbols (id, repo, import_path, symbol_name, language, kind, visibility, display_name, scip_symbol) VALUES (10129, 'bench-repo', 'pkg/saturated129/file.go', 'sat_sym_129', 'go', 'func', 'public', NULL, NULL);
INSERT INTO tribal_facts (id, subject_id, kind, body, source_quote, confidence, corroboration, extractor, extractor_version, model, staleness_hash, status, created_at, last_verified, cluster_key) VALUES (10645, 10129, 'quirk', 'body-0', 'quote', 0.9, 1, 'test', '1', NULL, 'sh-129-0', 'active', '2026-01-01T00:00:00Z', '2026-01-01T00:00:00Z', '');
INSERT INTO tribal_evidence (id, fact_id, source_type, source_ref, author, authored_at, content_hash) VALUES (10645, 10645, 'inline_marker', 'pkg/saturated129/file.go', NULL, NULL, 'ev-129-0');
INSERT INTO tribal_facts (id, subject_id, kind, body, source_quote, confidence, corroboration, extractor, extractor_version, model, staleness_hash, status, created_at, last_verified, cluster_key) VALUES (10646, 10129, 'quirk', 'body-1', 'quote', 0.9, 1, 'test', '1', NULL, 'sh-129-1', 'active', '2026-01-01T00:00:00Z', '2026-01-01T00:00:00Z', '');
INSERT INTO tribal_evidence (id, fact_id, source_type, source_ref, author, authored_at, content_hash) VALUES (10646, 10646, 'inline_marker', 'pkg/saturated129/file.go', NULL, NULL, 'ev-129-1');
INSERT INTO tribal_facts (id, subject_id, kind, body, source_quote, confidence, corroboration, extractor, extractor_version, model, staleness_hash, status, created_at, last_verified, cluster_key) VALUES (10647, 10129, 'quirk', 'body-2', 'quote', 0.9, 1, 'test', '1', NULL, 'sh-129-2', 'active', '2026-01-01T00:00:00Z', '2026-01-01T00:00:00Z', '');
INSERT INTO tribal_evidence (id, fact_id, source_type, source_ref, author, authored_at, content_hash) VALUES (10647, 10647, 'inline_marker', 'pkg/saturated129/file.go', NULL, NULL, 'ev-129-2');
INSERT INTO tribal_facts (id, subject_id, kind, body, source_quote, confidence, corroboration, extractor, extractor_version, model, staleness_hash, status, created_at, last_verified, cluster_key) VALUES (10648, 10129, 'quirk', 'body-3', 'quote', 0.9, 1, 'test', '1', NULL, 'sh-129-3', 'active', '2026-01-01T00:00:00Z', '2026-01-01T00:00:00Z', '');
INSERT INTO tribal_evidence (id, fact_id, source_type, source_ref, author, authored_at, content_hash) VALUES (10648, 10648, 'inline_marker', 'pkg/saturated129/file.go', NULL, NULL, 'ev-129-3');
INSERT INTO tribal_facts (id, subject_id, kind, body, source_quote, confidence, corroboration, extractor, extractor_version, model, staleness_hash, status, created_at, last_verified, cluster_key) VALUES (10649, 10129, 'quirk', 'body-4', 'quote', 0.9, 1, 'test', '1', NULL, 'sh-129-4', 'active', '2026-01-01T00:00:00Z', '2026-01-01T00:00:00Z', '');
INSERT INTO tribal_evidence (id, fact_id, source_type, source_ref, author, authored_at, content_hash) VALUES (10649, 10649, 'inline_marker', 'pkg/saturated129/file.go', NULL, NULL, 'ev-129-4');
INSERT INTO symbols (id, repo, import_path, symbol_name, language, kind, visibility, display_name, scip_symbol) VALUES (10130, 'bench-repo', 'pkg/saturated130/file.go', 'sat_sym_130', 'go', 'func', 'public', NULL, NULL);
INSERT INTO tribal_facts (id, subject_id, kind, body, source_quote, confidence, corroboration, extractor, extractor_version, model, staleness_hash, status, created_at, last_verified, cluster_key) VALUES (10650, 10130, 'quirk', 'body-0', 'quote', 0.9, 1, 'test', '1', NULL, 'sh-130-0', 'active', '2026-01-01T00:00:00Z', '2026-01-01T00:00:00Z', '');
INSERT INTO tribal_evidence (id, fact_id, source_type, source_ref, author, authored_at, content_hash) VALUES (10650, 10650, 'inline_marker', 'pkg/saturated130/file.go', NULL, NULL, 'ev-130-0');
INSERT INTO tribal_facts (id, subject_id, kind, body, source_quote, confidence, corroboration, extractor, extractor_version, model, staleness_hash, status, created_at, last_verified, cluster_key) VALUES (10651, 10130, 'quirk', 'body-1', 'quote', 0.9, 1, 'test', '1', NULL, 'sh-130-1', 'active', '2026-01-01T00:00:00Z', '2026-01-01T00:00:00Z', '');
INSERT INTO tribal_evidence (id, fact_id, source_type, source_ref, author, authored_at, content_hash) VALUES (10651, 10651, 'inline_marker', 'pkg/saturated130/file.go', NULL, NULL, 'ev-130-1');
INSERT INTO tribal_facts (id, subject_id, kind, body, source_quote, confidence, corroboration, extractor, extractor_version, model, staleness_hash, status, created_at, last_verified, cluster_key) VALUES (10652, 10130, 'quirk', 'body-2', 'quote', 0.9, 1, 'test', '1', NULL, 'sh-130-2', 'active', '2026-01-01T00:00:00Z', '2026-01-01T00:00:00Z', '');
INSERT INTO tribal_evidence (id, fact_id, source_type, source_ref, author, authored_at, content_hash) VALUES (10652, 10652, 'inline_marker', 'pkg/saturated130/file.go', NULL, NULL, 'ev-130-2');
INSERT INTO tribal_facts (id, subject_id, kind, body, source_quote, confidence, corroboration, extractor, extractor_version, model, staleness_hash, status, created_at, last_verified, cluster_key) VALUES (10653, 10130, 'quirk', 'body-3', 'quote', 0.9, 1, 'test', '1', NULL, 'sh-130-3', 'active', '2026-01-01T00:00:00Z', '2026-01-01T00:00:00Z', '');
INSERT INTO tribal_evidence (id, fact_id, source_type, source_ref, author, authored_at, content_hash) VALUES (10653, 10653, 'inline_marker', 'pkg/saturated130/file.go', NULL, NULL, 'ev-130-3');
INSERT INTO tribal_facts (id, subject_id, kind, body, source_quote, confidence, corroboration, extractor, extractor_version, model, staleness_hash, status, created_at, last_verified, cluster_key) VALUES (10654, 10130, 'quirk', 'body-4', 'quote', 0.9, 1, 'test', '1', NULL, 'sh-130-4', 'active', '2026-01-01T00:00:00Z', '2026-01-01T00:00:00Z', '');
INSERT INTO tribal_evidence (id, fact_id, source_type, source_ref, author, authored_at, content_hash) VALUES (10654, 10654, 'inline_marker', 'pkg/saturated130/file.go', NULL, NULL, 'ev-130-4');
INSERT INTO symbols (id, repo, import_path, symbol_name, language, kind, visibility, display_name, scip_symbol) VALUES (10131, 'bench-repo', 'pkg/saturated131/file.go', 'sat_sym_131', 'go', 'func', 'public', NULL, NULL);
INSERT INTO tribal_facts (id, subject_id, kind, body, source_quote, confidence, corroboration, extractor, extractor_version, model, staleness_hash, status, created_at, last_verified, cluster_key) VALUES (10655, 10131, 'quirk', 'body-0', 'quote', 0.9, 1, 'test', '1', NULL, 'sh-131-0', 'active', '2026-01-01T00:00:00Z', '2026-01-01T00:00:00Z', '');
INSERT INTO tribal_evidence (id, fact_id, source_type, source_ref, author, authored_at, content_hash) VALUES (10655, 10655, 'inline_marker', 'pkg/saturated131/file.go', NULL, NULL, 'ev-131-0');
INSERT INTO tribal_facts (id, subject_id, kind, body, source_quote, confidence, corroboration, extractor, extractor_version, model, staleness_hash, status, created_at, last_verified, cluster_key) VALUES (10656, 10131, 'quirk', 'body-1', 'quote', 0.9, 1, 'test', '1', NULL, 'sh-131-1', 'active', '2026-01-01T00:00:00Z', '2026-01-01T00:00:00Z', '');
INSERT INTO tribal_evidence (id, fact_id, source_type, source_ref, author, authored_at, content_hash) VALUES (10656, 10656, 'inline_marker', 'pkg/saturated131/file.go', NULL, NULL, 'ev-131-1');
INSERT INTO tribal_facts (id, subject_id, kind, body, source_quote, confidence, corroboration, extractor, extractor_version, model, staleness_hash, status, created_at, last_verified, cluster_key) VALUES (10657, 10131, 'quirk', 'body-2', 'quote', 0.9, 1, 'test', '1', NULL, 'sh-131-2', 'active', '2026-01-01T00:00:00Z', '2026-01-01T00:00:00Z', '');
INSERT INTO tribal_evidence (id, fact_id, source_type, source_ref, author, authored_at, content_hash) VALUES (10657, 10657, 'inline_marker', 'pkg/saturated131/file.go', NULL, NULL, 'ev-131-2');
INSERT INTO tribal_facts (id, subject_id, kind, body, source_quote, confidence, corroboration, extractor, extractor_version, model, staleness_hash, status, created_at, last_verified, cluster_key) VALUES (10658, 10131, 'quirk', 'body-3', 'quote', 0.9, 1, 'test', '1', NULL, 'sh-131-3', 'active', '2026-01-01T00:00:00Z', '2026-01-01T00:00:00Z', '');
INSERT INTO tribal_evidence (id, fact_id, source_type, source_ref, author, authored_at, content_hash) VALUES (10658, 10658, 'inline_marker', 'pkg/saturated131/file.go', NULL, NULL, 'ev-131-3');
INSERT INTO tribal_facts (id, subject_id, kind, body, source_quote, confidence, corroboration, extractor, extractor_version, model, staleness_hash, status, created_at, last_verified, cluster_key) VALUES (10659, 10131, 'quirk', 'body-4', 'quote', 0.9, 1, 'test', '1', NULL, 'sh-131-4', 'active', '2026-01-01T00:00:00Z', '2026-01-01T00:00:00Z', '');
INSERT INTO tribal_evidence (id, fact_id, source_type, source_ref, author, authored_at, content_hash) VALUES (10659, 10659, 'inline_marker', 'pkg/saturated131/file.go', NULL, NULL, 'ev-131-4');
INSERT INTO symbols (id, repo, import_path, symbol_name, language, kind, visibility, display_name, scip_symbol) VALUES (10132, 'bench-repo', 'pkg/saturated132/file.go', 'sat_sym_132', 'go', 'func', 'public', NULL, NULL);
INSERT INTO tribal_facts (id, subject_id, kind, body, source_quote, confidence, corroboration, extractor, extractor_version, model, staleness_hash, status, created_at, last_verified, cluster_key) VALUES (10660, 10132, 'quirk', 'body-0', 'quote', 0.9, 1, 'test', '1', NULL, 'sh-132-0', 'active', '2026-01-01T00:00:00Z', '2026-01-01T00:00:00Z', '');
INSERT INTO tribal_evidence (id, fact_id, source_type, source_ref, author, authored_at, content_hash) VALUES (10660, 10660, 'inline_marker', 'pkg/saturated132/file.go', NULL, NULL, 'ev-132-0');
INSERT INTO tribal_facts (id, subject_id, kind, body, source_quote, confidence, corroboration, extractor, extractor_version, model, staleness_hash, status, created_at, last_verified, cluster_key) VALUES (10661, 10132, 'quirk', 'body-1', 'quote', 0.9, 1, 'test', '1', NULL, 'sh-132-1', 'active', '2026-01-01T00:00:00Z', '2026-01-01T00:00:00Z', '');
INSERT INTO tribal_evidence (id, fact_id, source_type, source_ref, author, authored_at, content_hash) VALUES (10661, 10661, 'inline_marker', 'pkg/saturated132/file.go', NULL, NULL, 'ev-132-1');
INSERT INTO tribal_facts (id, subject_id, kind, body, source_quote, confidence, corroboration, extractor, extractor_version, model, staleness_hash, status, created_at, last_verified, cluster_key) VALUES (10662, 10132, 'quirk', 'body-2', 'quote', 0.9, 1, 'test', '1', NULL, 'sh-132-2', 'active', '2026-01-01T00:00:00Z', '2026-01-01T00:00:00Z', '');
INSERT INTO tribal_evidence (id, fact_id, source_type, source_ref, author, authored_at, content_hash) VALUES (10662, 10662, 'inline_marker', 'pkg/saturated132/file.go', NULL, NULL, 'ev-132-2');
INSERT INTO tribal_facts (id, subject_id, kind, body, source_quote, confidence, corroboration, extractor, extractor_version, model, staleness_hash, status, created_at, last_verified, cluster_key) VALUES (10663, 10132, 'quirk', 'body-3', 'quote', 0.9, 1, 'test', '1', NULL, 'sh-132-3', 'active', '2026-01-01T00:00:00Z', '2026-01-01T00:00:00Z', '');
INSERT INTO tribal_evidence (id, fact_id, source_type, source_ref, author, authored_at, content_hash) VALUES (10663, 10663, 'inline_marker', 'pkg/saturated132/file.go', NULL, NULL, 'ev-132-3');
INSERT INTO tribal_facts (id, subject_id, kind, body, source_quote, confidence, corroboration, extractor, extractor_version, model, staleness_hash, status, created_at, last_verified, cluster_key) VALUES (10664, 10132, 'quirk', 'body-4', 'quote', 0.9, 1, 'test', '1', NULL, 'sh-132-4', 'active', '2026-01-01T00:00:00Z', '2026-01-01T00:00:00Z', '');
INSERT INTO tribal_evidence (id, fact_id, source_type, source_ref, author, authored_at, content_hash) VALUES (10664, 10664, 'inline_marker', 'pkg/saturated132/file.go', NULL, NULL, 'ev-132-4');
INSERT INTO symbols (id, repo, import_path, symbol_name, language, kind, visibility, display_name, scip_symbol) VALUES (10133, 'bench-repo', 'pkg/saturated133/file.go', 'sat_sym_133', 'go', 'func', 'public', NULL, NULL);
INSERT INTO tribal_facts (id, subject_id, kind, body, source_quote, confidence, corroboration, extractor, extractor_version, model, staleness_hash, status, created_at, last_verified, cluster_key) VALUES (10665, 10133, 'quirk', 'body-0', 'quote', 0.9, 1, 'test', '1', NULL, 'sh-133-0', 'active', '2026-01-01T00:00:00Z', '2026-01-01T00:00:00Z', '');
INSERT INTO tribal_evidence (id, fact_id, source_type, source_ref, author, authored_at, content_hash) VALUES (10665, 10665, 'inline_marker', 'pkg/saturated133/file.go', NULL, NULL, 'ev-133-0');
INSERT INTO tribal_facts (id, subject_id, kind, body, source_quote, confidence, corroboration, extractor, extractor_version, model, staleness_hash, status, created_at, last_verified, cluster_key) VALUES (10666, 10133, 'quirk', 'body-1', 'quote', 0.9, 1, 'test', '1', NULL, 'sh-133-1', 'active', '2026-01-01T00:00:00Z', '2026-01-01T00:00:00Z', '');
INSERT INTO tribal_evidence (id, fact_id, source_type, source_ref, author, authored_at, content_hash) VALUES (10666, 10666, 'inline_marker', 'pkg/saturated133/file.go', NULL, NULL, 'ev-133-1');
INSERT INTO tribal_facts (id, subject_id, kind, body, source_quote, confidence, corroboration, extractor, extractor_version, model, staleness_hash, status, created_at, last_verified, cluster_key) VALUES (10667, 10133, 'quirk', 'body-2', 'quote', 0.9, 1, 'test', '1', NULL, 'sh-133-2', 'active', '2026-01-01T00:00:00Z', '2026-01-01T00:00:00Z', '');
INSERT INTO tribal_evidence (id, fact_id, source_type, source_ref, author, authored_at, content_hash) VALUES (10667, 10667, 'inline_marker', 'pkg/saturated133/file.go', NULL, NULL, 'ev-133-2');
INSERT INTO tribal_facts (id, subject_id, kind, body, source_quote, confidence, corroboration, extractor, extractor_version, model, staleness_hash, status, created_at, last_verified, cluster_key) VALUES (10668, 10133, 'quirk', 'body-3', 'quote', 0.9, 1, 'test', '1', NULL, 'sh-133-3', 'active', '2026-01-01T00:00:00Z', '2026-01-01T00:00:00Z', '');
INSERT INTO tribal_evidence (id, fact_id, source_type, source_ref, author, authored_at, content_hash) VALUES (10668, 10668, 'inline_marker', 'pkg/saturated133/file.go', NULL, NULL, 'ev-133-3');
INSERT INTO tribal_facts (id, subject_id, kind, body, source_quote, confidence, corroboration, extractor, extractor_version, model, staleness_hash, status, created_at, last_verified, cluster_key) VALUES (10669, 10133, 'quirk', 'body-4', 'quote', 0.9, 1, 'test', '1', NULL, 'sh-133-4', 'active', '2026-01-01T00:00:00Z', '2026-01-01T00:00:00Z', '');
INSERT INTO tribal_evidence (id, fact_id, source_type, source_ref, author, authored_at, content_hash) VALUES (10669, 10669, 'inline_marker', 'pkg/saturated133/file.go', NULL, NULL, 'ev-133-4');
INSERT INTO symbols (id, repo, import_path, symbol_name, language, kind, visibility, display_name, scip_symbol) VALUES (10134, 'bench-repo', 'pkg/saturated134/file.go', 'sat_sym_134', 'go', 'func', 'public', NULL, NULL);
INSERT INTO tribal_facts (id, subject_id, kind, body, source_quote, confidence, corroboration, extractor, extractor_version, model, staleness_hash, status, created_at, last_verified, cluster_key) VALUES (10670, 10134, 'quirk', 'body-0', 'quote', 0.9, 1, 'test', '1', NULL, 'sh-134-0', 'active', '2026-01-01T00:00:00Z', '2026-01-01T00:00:00Z', '');
INSERT INTO tribal_evidence (id, fact_id, source_type, source_ref, author, authored_at, content_hash) VALUES (10670, 10670, 'inline_marker', 'pkg/saturated134/file.go', NULL, NULL, 'ev-134-0');
INSERT INTO tribal_facts (id, subject_id, kind, body, source_quote, confidence, corroboration, extractor, extractor_version, model, staleness_hash, status, created_at, last_verified, cluster_key) VALUES (10671, 10134, 'quirk', 'body-1', 'quote', 0.9, 1, 'test', '1', NULL, 'sh-134-1', 'active', '2026-01-01T00:00:00Z', '2026-01-01T00:00:00Z', '');
INSERT INTO tribal_evidence (id, fact_id, source_type, source_ref, author, authored_at, content_hash) VALUES (10671, 10671, 'inline_marker', 'pkg/saturated134/file.go', NULL, NULL, 'ev-134-1');
INSERT INTO tribal_facts (id, subject_id, kind, body, source_quote, confidence, corroboration, extractor, extractor_version, model, staleness_hash, status, created_at, last_verified, cluster_key) VALUES (10672, 10134, 'quirk', 'body-2', 'quote', 0.9, 1, 'test', '1', NULL, 'sh-134-2', 'active', '2026-01-01T00:00:00Z', '2026-01-01T00:00:00Z', '');
INSERT INTO tribal_evidence (id, fact_id, source_type, source_ref, author, authored_at, content_hash) VALUES (10672, 10672, 'inline_marker', 'pkg/saturated134/file.go', NULL, NULL, 'ev-134-2');
INSERT INTO tribal_facts (id, subject_id, kind, body, source_quote, confidence, corroboration, extractor, extractor_version, model, staleness_hash, status, created_at, last_verified, cluster_key) VALUES (10673, 10134, 'quirk', 'body-3', 'quote', 0.9, 1, 'test', '1', NULL, 'sh-134-3', 'active', '2026-01-01T00:00:00Z', '2026-01-01T00:00:00Z', '');
INSERT INTO tribal_evidence (id, fact_id, source_type, source_ref, author, authored_at, content_hash) VALUES (10673, 10673, 'inline_marker', 'pkg/saturated134/file.go', NULL, NULL, 'ev-134-3');
INSERT INTO tribal_facts (id, subject_id, kind, body, source_quote, confidence, corroboration, extractor, extractor_version, model, staleness_hash, status, created_at, last_verified, cluster_key) VALUES (10674, 10134, 'quirk', 'body-4', 'quote', 0.9, 1, 'test', '1', NULL, 'sh-134-4', 'active', '2026-01-01T00:00:00Z', '2026-01-01T00:00:00Z', '');
INSERT INTO tribal_evidence (id, fact_id, source_type, source_ref, author, authored_at, content_hash) VALUES (10674, 10674, 'inline_marker', 'pkg/saturated134/file.go', NULL, NULL, 'ev-134-4');
INSERT INTO symbols (id, repo, import_path, symbol_name, language, kind, visibility, display_name, scip_symbol) VALUES (10135, 'bench-repo', 'pkg/saturated135/file.go', 'sat_sym_135', 'go', 'func', 'public', NULL, NULL);
INSERT INTO tribal_facts (id, subject_id, kind, body, source_quote, confidence, corroboration, extractor, extractor_version, model, staleness_hash, status, created_at, last_verified, cluster_key) VALUES (10675, 10135, 'quirk', 'body-0', 'quote', 0.9, 1, 'test', '1', NULL, 'sh-135-0', 'active', '2026-01-01T00:00:00Z', '2026-01-01T00:00:00Z', '');
INSERT INTO tribal_evidence (id, fact_id, source_type, source_ref, author, authored_at, content_hash) VALUES (10675, 10675, 'inline_marker', 'pkg/saturated135/file.go', NULL, NULL, 'ev-135-0');
INSERT INTO tribal_facts (id, subject_id, kind, body, source_quote, confidence, corroboration, extractor, extractor_version, model, staleness_hash, status, created_at, last_verified, cluster_key) VALUES (10676, 10135, 'quirk', 'body-1', 'quote', 0.9, 1, 'test', '1', NULL, 'sh-135-1', 'active', '2026-01-01T00:00:00Z', '2026-01-01T00:00:00Z', '');
INSERT INTO tribal_evidence (id, fact_id, source_type, source_ref, author, authored_at, content_hash) VALUES (10676, 10676, 'inline_marker', 'pkg/saturated135/file.go', NULL, NULL, 'ev-135-1');
INSERT INTO tribal_facts (id, subject_id, kind, body, source_quote, confidence, corroboration, extractor, extractor_version, model, staleness_hash, status, created_at, last_verified, cluster_key) VALUES (10677, 10135, 'quirk', 'body-2', 'quote', 0.9, 1, 'test', '1', NULL, 'sh-135-2', 'active', '2026-01-01T00:00:00Z', '2026-01-01T00:00:00Z', '');
INSERT INTO tribal_evidence (id, fact_id, source_type, source_ref, author, authored_at, content_hash) VALUES (10677, 10677, 'inline_marker', 'pkg/saturated135/file.go', NULL, NULL, 'ev-135-2');
INSERT INTO tribal_facts (id, subject_id, kind, body, source_quote, confidence, corroboration, extractor, extractor_version, model, staleness_hash, status, created_at, last_verified, cluster_key) VALUES (10678, 10135, 'quirk', 'body-3', 'quote', 0.9, 1, 'test', '1', NULL, 'sh-135-3', 'active', '2026-01-01T00:00:00Z', '2026-01-01T00:00:00Z', '');
INSERT INTO tribal_evidence (id, fact_id, source_type, source_ref, author, authored_at, content_hash) VALUES (10678, 10678, 'inline_marker', 'pkg/saturated135/file.go', NULL, NULL, 'ev-135-3');
INSERT INTO tribal_facts (id, subject_id, kind, body, source_quote, confidence, corroboration, extractor, extractor_version, model, staleness_hash, status, created_at, last_verified, cluster_key) VALUES (10679, 10135, 'quirk', 'body-4', 'quote', 0.9, 1, 'test', '1', NULL, 'sh-135-4', 'active', '2026-01-01T00:00:00Z', '2026-01-01T00:00:00Z', '');
INSERT INTO tribal_evidence (id, fact_id, source_type, source_ref, author, authored_at, content_hash) VALUES (10679, 10679, 'inline_marker', 'pkg/saturated135/file.go', NULL, NULL, 'ev-135-4');
INSERT INTO symbols (id, repo, import_path, symbol_name, language, kind, visibility, display_name, scip_symbol) VALUES (10136, 'bench-repo', 'pkg/saturated136/file.go', 'sat_sym_136', 'go', 'func', 'public', NULL, NULL);
INSERT INTO tribal_facts (id, subject_id, kind, body, source_quote, confidence, corroboration, extractor, extractor_version, model, staleness_hash, status, created_at, last_verified, cluster_key) VALUES (10680, 10136, 'quirk', 'body-0', 'quote', 0.9, 1, 'test', '1', NULL, 'sh-136-0', 'active', '2026-01-01T00:00:00Z', '2026-01-01T00:00:00Z', '');
INSERT INTO tribal_evidence (id, fact_id, source_type, source_ref, author, authored_at, content_hash) VALUES (10680, 10680, 'inline_marker', 'pkg/saturated136/file.go', NULL, NULL, 'ev-136-0');
INSERT INTO tribal_facts (id, subject_id, kind, body, source_quote, confidence, corroboration, extractor, extractor_version, model, staleness_hash, status, created_at, last_verified, cluster_key) VALUES (10681, 10136, 'quirk', 'body-1', 'quote', 0.9, 1, 'test', '1', NULL, 'sh-136-1', 'active', '2026-01-01T00:00:00Z', '2026-01-01T00:00:00Z', '');
INSERT INTO tribal_evidence (id, fact_id, source_type, source_ref, author, authored_at, content_hash) VALUES (10681, 10681, 'inline_marker', 'pkg/saturated136/file.go', NULL, NULL, 'ev-136-1');
INSERT INTO tribal_facts (id, subject_id, kind, body, source_quote, confidence, corroboration, extractor, extractor_version, model, staleness_hash, status, created_at, last_verified, cluster_key) VALUES (10682, 10136, 'quirk', 'body-2', 'quote', 0.9, 1, 'test', '1', NULL, 'sh-136-2', 'active', '2026-01-01T00:00:00Z', '2026-01-01T00:00:00Z', '');
INSERT INTO tribal_evidence (id, fact_id, source_type, source_ref, author, authored_at, content_hash) VALUES (10682, 10682, 'inline_marker', 'pkg/saturated136/file.go', NULL, NULL, 'ev-136-2');
INSERT INTO tribal_facts (id, subject_id, kind, body, source_quote, confidence, corroboration, extractor, extractor_version, model, staleness_hash, status, created_at, last_verified, cluster_key) VALUES (10683, 10136, 'quirk', 'body-3', 'quote', 0.9, 1, 'test', '1', NULL, 'sh-136-3', 'active', '2026-01-01T00:00:00Z', '2026-01-01T00:00:00Z', '');
INSERT INTO tribal_evidence (id, fact_id, source_type, source_ref, author, authored_at, content_hash) VALUES (10683, 10683, 'inline_marker', 'pkg/saturated136/file.go', NULL, NULL, 'ev-136-3');
INSERT INTO tribal_facts (id, subject_id, kind, body, source_quote, confidence, corroboration, extractor, extractor_version, model, staleness_hash, status, created_at, last_verified, cluster_key) VALUES (10684, 10136, 'quirk', 'body-4', 'quote', 0.9, 1, 'test', '1', NULL, 'sh-136-4', 'active', '2026-01-01T00:00:00Z', '2026-01-01T00:00:00Z', '');
INSERT INTO tribal_evidence (id, fact_id, source_type, source_ref, author, authored_at, content_hash) VALUES (10684, 10684, 'inline_marker', 'pkg/saturated136/file.go', NULL, NULL, 'ev-136-4');
INSERT INTO symbols (id, repo, import_path, symbol_name, language, kind, visibility, display_name, scip_symbol) VALUES (10137, 'bench-repo', 'pkg/saturated137/file.go', 'sat_sym_137', 'go', 'func', 'public', NULL, NULL);
INSERT INTO tribal_facts (id, subject_id, kind, body, source_quote, confidence, corroboration, extractor, extractor_version, model, staleness_hash, status, created_at, last_verified, cluster_key) VALUES (10685, 10137, 'quirk', 'body-0', 'quote', 0.9, 1, 'test', '1', NULL, 'sh-137-0', 'active', '2026-01-01T00:00:00Z', '2026-01-01T00:00:00Z', '');
INSERT INTO tribal_evidence (id, fact_id, source_type, source_ref, author, authored_at, content_hash) VALUES (10685, 10685, 'inline_marker', 'pkg/saturated137/file.go', NULL, NULL, 'ev-137-0');
INSERT INTO tribal_facts (id, subject_id, kind, body, source_quote, confidence, corroboration, extractor, extractor_version, model, staleness_hash, status, created_at, last_verified, cluster_key) VALUES (10686, 10137, 'quirk', 'body-1', 'quote', 0.9, 1, 'test', '1', NULL, 'sh-137-1', 'active', '2026-01-01T00:00:00Z', '2026-01-01T00:00:00Z', '');
INSERT INTO tribal_evidence (id, fact_id, source_type, source_ref, author, authored_at, content_hash) VALUES (10686, 10686, 'inline_marker', 'pkg/saturated137/file.go', NULL, NULL, 'ev-137-1');
INSERT INTO tribal_facts (id, subject_id, kind, body, source_quote, confidence, corroboration, extractor, extractor_version, model, staleness_hash, status, created_at, last_verified, cluster_key) VALUES (10687, 10137, 'quirk', 'body-2', 'quote', 0.9, 1, 'test', '1', NULL, 'sh-137-2', 'active', '2026-01-01T00:00:00Z', '2026-01-01T00:00:00Z', '');
INSERT INTO tribal_evidence (id, fact_id, source_type, source_ref, author, authored_at, content_hash) VALUES (10687, 10687, 'inline_marker', 'pkg/saturated137/file.go', NULL, NULL, 'ev-137-2');
INSERT INTO tribal_facts (id, subject_id, kind, body, source_quote, confidence, corroboration, extractor, extractor_version, model, staleness_hash, status, created_at, last_verified, cluster_key) VALUES (10688, 10137, 'quirk', 'body-3', 'quote', 0.9, 1, 'test', '1', NULL, 'sh-137-3', 'active', '2026-01-01T00:00:00Z', '2026-01-01T00:00:00Z', '');
INSERT INTO tribal_evidence (id, fact_id, source_type, source_ref, author, authored_at, content_hash) VALUES (10688, 10688, 'inline_marker', 'pkg/saturated137/file.go', NULL, NULL, 'ev-137-3');
INSERT INTO tribal_facts (id, subject_id, kind, body, source_quote, confidence, corroboration, extractor, extractor_version, model, staleness_hash, status, created_at, last_verified, cluster_key) VALUES (10689, 10137, 'quirk', 'body-4', 'quote', 0.9, 1, 'test', '1', NULL, 'sh-137-4', 'active', '2026-01-01T00:00:00Z', '2026-01-01T00:00:00Z', '');
INSERT INTO tribal_evidence (id, fact_id, source_type, source_ref, author, authored_at, content_hash) VALUES (10689, 10689, 'inline_marker', 'pkg/saturated137/file.go', NULL, NULL, 'ev-137-4');
INSERT INTO symbols (id, repo, import_path, symbol_name, language, kind, visibility, display_name, scip_symbol) VALUES (10138, 'bench-repo', 'pkg/saturated138/file.go', 'sat_sym_138', 'go', 'func', 'public', NULL, NULL);
INSERT INTO tribal_facts (id, subject_id, kind, body, source_quote, confidence, corroboration, extractor, extractor_version, model, staleness_hash, status, created_at, last_verified, cluster_key) VALUES (10690, 10138, 'quirk', 'body-0', 'quote', 0.9, 1, 'test', '1', NULL, 'sh-138-0', 'active', '2026-01-01T00:00:00Z', '2026-01-01T00:00:00Z', '');
INSERT INTO tribal_evidence (id, fact_id, source_type, source_ref, author, authored_at, content_hash) VALUES (10690, 10690, 'inline_marker', 'pkg/saturated138/file.go', NULL, NULL, 'ev-138-0');
INSERT INTO tribal_facts (id, subject_id, kind, body, source_quote, confidence, corroboration, extractor, extractor_version, model, staleness_hash, status, created_at, last_verified, cluster_key) VALUES (10691, 10138, 'quirk', 'body-1', 'quote', 0.9, 1, 'test', '1', NULL, 'sh-138-1', 'active', '2026-01-01T00:00:00Z', '2026-01-01T00:00:00Z', '');
INSERT INTO tribal_evidence (id, fact_id, source_type, source_ref, author, authored_at, content_hash) VALUES (10691, 10691, 'inline_marker', 'pkg/saturated138/file.go', NULL, NULL, 'ev-138-1');
INSERT INTO tribal_facts (id, subject_id, kind, body, source_quote, confidence, corroboration, extractor, extractor_version, model, staleness_hash, status, created_at, last_verified, cluster_key) VALUES (10692, 10138, 'quirk', 'body-2', 'quote', 0.9, 1, 'test', '1', NULL, 'sh-138-2', 'active', '2026-01-01T00:00:00Z', '2026-01-01T00:00:00Z', '');
INSERT INTO tribal_evidence (id, fact_id, source_type, source_ref, author, authored_at, content_hash) VALUES (10692, 10692, 'inline_marker', 'pkg/saturated138/file.go', NULL, NULL, 'ev-138-2');
INSERT INTO tribal_facts (id, subject_id, kind, body, source_quote, confidence, corroboration, extractor, extractor_version, model, staleness_hash, status, created_at, last_verified, cluster_key) VALUES (10693, 10138, 'quirk', 'body-3', 'quote', 0.9, 1, 'test', '1', NULL, 'sh-138-3', 'active', '2026-01-01T00:00:00Z', '2026-01-01T00:00:00Z', '');
INSERT INTO tribal_evidence (id, fact_id, source_type, source_ref, author, authored_at, content_hash) VALUES (10693, 10693, 'inline_marker', 'pkg/saturated138/file.go', NULL, NULL, 'ev-138-3');
INSERT INTO tribal_facts (id, subject_id, kind, body, source_quote, confidence, corroboration, extractor, extractor_version, model, staleness_hash, status, created_at, last_verified, cluster_key) VALUES (10694, 10138, 'quirk', 'body-4', 'quote', 0.9, 1, 'test', '1', NULL, 'sh-138-4', 'active', '2026-01-01T00:00:00Z', '2026-01-01T00:00:00Z', '');
INSERT INTO tribal_evidence (id, fact_id, source_type, source_ref, author, authored_at, content_hash) VALUES (10694, 10694, 'inline_marker', 'pkg/saturated138/file.go', NULL, NULL, 'ev-138-4');
INSERT INTO symbols (id, repo, import_path, symbol_name, language, kind, visibility, display_name, scip_symbol) VALUES (10139, 'bench-repo', 'pkg/saturated139/file.go', 'sat_sym_139', 'go', 'func', 'public', NULL, NULL);
INSERT INTO tribal_facts (id, subject_id, kind, body, source_quote, confidence, corroboration, extractor, extractor_version, model, staleness_hash, status, created_at, last_verified, cluster_key) VALUES (10695, 10139, 'quirk', 'body-0', 'quote', 0.9, 1, 'test', '1', NULL, 'sh-139-0', 'active', '2026-01-01T00:00:00Z', '2026-01-01T00:00:00Z', '');
INSERT INTO tribal_evidence (id, fact_id, source_type, source_ref, author, authored_at, content_hash) VALUES (10695, 10695, 'inline_marker', 'pkg/saturated139/file.go', NULL, NULL, 'ev-139-0');
INSERT INTO tribal_facts (id, subject_id, kind, body, source_quote, confidence, corroboration, extractor, extractor_version, model, staleness_hash, status, created_at, last_verified, cluster_key) VALUES (10696, 10139, 'quirk', 'body-1', 'quote', 0.9, 1, 'test', '1', NULL, 'sh-139-1', 'active', '2026-01-01T00:00:00Z', '2026-01-01T00:00:00Z', '');
INSERT INTO tribal_evidence (id, fact_id, source_type, source_ref, author, authored_at, content_hash) VALUES (10696, 10696, 'inline_marker', 'pkg/saturated139/file.go', NULL, NULL, 'ev-139-1');
INSERT INTO tribal_facts (id, subject_id, kind, body, source_quote, confidence, corroboration, extractor, extractor_version, model, staleness_hash, status, created_at, last_verified, cluster_key) VALUES (10697, 10139, 'quirk', 'body-2', 'quote', 0.9, 1, 'test', '1', NULL, 'sh-139-2', 'active', '2026-01-01T00:00:00Z', '2026-01-01T00:00:00Z', '');
INSERT INTO tribal_evidence (id, fact_id, source_type, source_ref, author, authored_at, content_hash) VALUES (10697, 10697, 'inline_marker', 'pkg/saturated139/file.go', NULL, NULL, 'ev-139-2');
INSERT INTO tribal_facts (id, subject_id, kind, body, source_quote, confidence, corroboration, extractor, extractor_version, model, staleness_hash, status, created_at, last_verified, cluster_key) VALUES (10698, 10139, 'quirk', 'body-3', 'quote', 0.9, 1, 'test', '1', NULL, 'sh-139-3', 'active', '2026-01-01T00:00:00Z', '2026-01-01T00:00:00Z', '');
INSERT INTO tribal_evidence (id, fact_id, source_type, source_ref, author, authored_at, content_hash) VALUES (10698, 10698, 'inline_marker', 'pkg/saturated139/file.go', NULL, NULL, 'ev-139-3');
INSERT INTO tribal_facts (id, subject_id, kind, body, source_quote, confidence, corroboration, extractor, extractor_version, model, staleness_hash, status, created_at, last_verified, cluster_key) VALUES (10699, 10139, 'quirk', 'body-4', 'quote', 0.9, 1, 'test', '1', NULL, 'sh-139-4', 'active', '2026-01-01T00:00:00Z', '2026-01-01T00:00:00Z', '');
INSERT INTO tribal_evidence (id, fact_id, source_type, source_ref, author, authored_at, content_hash) VALUES (10699, 10699, 'inline_marker', 'pkg/saturated139/file.go', NULL, NULL, 'ev-139-4');
INSERT INTO symbols (id, repo, import_path, symbol_name, language, kind, visibility, display_name, scip_symbol) VALUES (10140, 'bench-repo', 'pkg/saturated140/file.go', 'sat_sym_140', 'go', 'func', 'public', NULL, NULL);
INSERT INTO tribal_facts (id, subject_id, kind, body, source_quote, confidence, corroboration, extractor, extractor_version, model, staleness_hash, status, created_at, last_verified, cluster_key) VALUES (10700, 10140, 'quirk', 'body-0', 'quote', 0.9, 1, 'test', '1', NULL, 'sh-140-0', 'active', '2026-01-01T00:00:00Z', '2026-01-01T00:00:00Z', '');
INSERT INTO tribal_evidence (id, fact_id, source_type, source_ref, author, authored_at, content_hash) VALUES (10700, 10700, 'inline_marker', 'pkg/saturated140/file.go', NULL, NULL, 'ev-140-0');
INSERT INTO tribal_facts (id, subject_id, kind, body, source_quote, confidence, corroboration, extractor, extractor_version, model, staleness_hash, status, created_at, last_verified, cluster_key) VALUES (10701, 10140, 'quirk', 'body-1', 'quote', 0.9, 1, 'test', '1', NULL, 'sh-140-1', 'active', '2026-01-01T00:00:00Z', '2026-01-01T00:00:00Z', '');
INSERT INTO tribal_evidence (id, fact_id, source_type, source_ref, author, authored_at, content_hash) VALUES (10701, 10701, 'inline_marker', 'pkg/saturated140/file.go', NULL, NULL, 'ev-140-1');
INSERT INTO tribal_facts (id, subject_id, kind, body, source_quote, confidence, corroboration, extractor, extractor_version, model, staleness_hash, status, created_at, last_verified, cluster_key) VALUES (10702, 10140, 'quirk', 'body-2', 'quote', 0.9, 1, 'test', '1', NULL, 'sh-140-2', 'active', '2026-01-01T00:00:00Z', '2026-01-01T00:00:00Z', '');
INSERT INTO tribal_evidence (id, fact_id, source_type, source_ref, author, authored_at, content_hash) VALUES (10702, 10702, 'inline_marker', 'pkg/saturated140/file.go', NULL, NULL, 'ev-140-2');
INSERT INTO tribal_facts (id, subject_id, kind, body, source_quote, confidence, corroboration, extractor, extractor_version, model, staleness_hash, status, created_at, last_verified, cluster_key) VALUES (10703, 10140, 'quirk', 'body-3', 'quote', 0.9, 1, 'test', '1', NULL, 'sh-140-3', 'active', '2026-01-01T00:00:00Z', '2026-01-01T00:00:00Z', '');
INSERT INTO tribal_evidence (id, fact_id, source_type, source_ref, author, authored_at, content_hash) VALUES (10703, 10703, 'inline_marker', 'pkg/saturated140/file.go', NULL, NULL, 'ev-140-3');
INSERT INTO tribal_facts (id, subject_id, kind, body, source_quote, confidence, corroboration, extractor, extractor_version, model, staleness_hash, status, created_at, last_verified, cluster_key) VALUES (10704, 10140, 'quirk', 'body-4', 'quote', 0.9, 1, 'test', '1', NULL, 'sh-140-4', 'active', '2026-01-01T00:00:00Z', '2026-01-01T00:00:00Z', '');
INSERT INTO tribal_evidence (id, fact_id, source_type, source_ref, author, authored_at, content_hash) VALUES (10704, 10704, 'inline_marker', 'pkg/saturated140/file.go', NULL, NULL, 'ev-140-4');
INSERT INTO symbols (id, repo, import_path, symbol_name, language, kind, visibility, display_name, scip_symbol) VALUES (10141, 'bench-repo', 'pkg/saturated141/file.go', 'sat_sym_141', 'go', 'func', 'public', NULL, NULL);
INSERT INTO tribal_facts (id, subject_id, kind, body, source_quote, confidence, corroboration, extractor, extractor_version, model, staleness_hash, status, created_at, last_verified, cluster_key) VALUES (10705, 10141, 'quirk', 'body-0', 'quote', 0.9, 1, 'test', '1', NULL, 'sh-141-0', 'active', '2026-01-01T00:00:00Z', '2026-01-01T00:00:00Z', '');
INSERT INTO tribal_evidence (id, fact_id, source_type, source_ref, author, authored_at, content_hash) VALUES (10705, 10705, 'inline_marker', 'pkg/saturated141/file.go', NULL, NULL, 'ev-141-0');
INSERT INTO tribal_facts (id, subject_id, kind, body, source_quote, confidence, corroboration, extractor, extractor_version, model, staleness_hash, status, created_at, last_verified, cluster_key) VALUES (10706, 10141, 'quirk', 'body-1', 'quote', 0.9, 1, 'test', '1', NULL, 'sh-141-1', 'active', '2026-01-01T00:00:00Z', '2026-01-01T00:00:00Z', '');
INSERT INTO tribal_evidence (id, fact_id, source_type, source_ref, author, authored_at, content_hash) VALUES (10706, 10706, 'inline_marker', 'pkg/saturated141/file.go', NULL, NULL, 'ev-141-1');
INSERT INTO tribal_facts (id, subject_id, kind, body, source_quote, confidence, corroboration, extractor, extractor_version, model, staleness_hash, status, created_at, last_verified, cluster_key) VALUES (10707, 10141, 'quirk', 'body-2', 'quote', 0.9, 1, 'test', '1', NULL, 'sh-141-2', 'active', '2026-01-01T00:00:00Z', '2026-01-01T00:00:00Z', '');
INSERT INTO tribal_evidence (id, fact_id, source_type, source_ref, author, authored_at, content_hash) VALUES (10707, 10707, 'inline_marker', 'pkg/saturated141/file.go', NULL, NULL, 'ev-141-2');
INSERT INTO tribal_facts (id, subject_id, kind, body, source_quote, confidence, corroboration, extractor, extractor_version, model, staleness_hash, status, created_at, last_verified, cluster_key) VALUES (10708, 10141, 'quirk', 'body-3', 'quote', 0.9, 1, 'test', '1', NULL, 'sh-141-3', 'active', '2026-01-01T00:00:00Z', '2026-01-01T00:00:00Z', '');
INSERT INTO tribal_evidence (id, fact_id, source_type, source_ref, author, authored_at, content_hash) VALUES (10708, 10708, 'inline_marker', 'pkg/saturated141/file.go', NULL, NULL, 'ev-141-3');
INSERT INTO tribal_facts (id, subject_id, kind, body, source_quote, confidence, corroboration, extractor, extractor_version, model, staleness_hash, status, created_at, last_verified, cluster_key) VALUES (10709, 10141, 'quirk', 'body-4', 'quote', 0.9, 1, 'test', '1', NULL, 'sh-141-4', 'active', '2026-01-01T00:00:00Z', '2026-01-01T00:00:00Z', '');
INSERT INTO tribal_evidence (id, fact_id, source_type, source_ref, author, authored_at, content_hash) VALUES (10709, 10709, 'inline_marker', 'pkg/saturated141/file.go', NULL, NULL, 'ev-141-4');
INSERT INTO symbols (id, repo, import_path, symbol_name, language, kind, visibility, display_name, scip_symbol) VALUES (10142, 'bench-repo', 'pkg/saturated142/file.go', 'sat_sym_142', 'go', 'func', 'public', NULL, NULL);
INSERT INTO tribal_facts (id, subject_id, kind, body, source_quote, confidence, corroboration, extractor, extractor_version, model, staleness_hash, status, created_at, last_verified, cluster_key) VALUES (10710, 10142, 'quirk', 'body-0', 'quote', 0.9, 1, 'test', '1', NULL, 'sh-142-0', 'active', '2026-01-01T00:00:00Z', '2026-01-01T00:00:00Z', '');
INSERT INTO tribal_evidence (id, fact_id, source_type, source_ref, author, authored_at, content_hash) VALUES (10710, 10710, 'inline_marker', 'pkg/saturated142/file.go', NULL, NULL, 'ev-142-0');
INSERT INTO tribal_facts (id, subject_id, kind, body, source_quote, confidence, corroboration, extractor, extractor_version, model, staleness_hash, status, created_at, last_verified, cluster_key) VALUES (10711, 10142, 'quirk', 'body-1', 'quote', 0.9, 1, 'test', '1', NULL, 'sh-142-1', 'active', '2026-01-01T00:00:00Z', '2026-01-01T00:00:00Z', '');
INSERT INTO tribal_evidence (id, fact_id, source_type, source_ref, author, authored_at, content_hash) VALUES (10711, 10711, 'inline_marker', 'pkg/saturated142/file.go', NULL, NULL, 'ev-142-1');
INSERT INTO tribal_facts (id, subject_id, kind, body, source_quote, confidence, corroboration, extractor, extractor_version, model, staleness_hash, status, created_at, last_verified, cluster_key) VALUES (10712, 10142, 'quirk', 'body-2', 'quote', 0.9, 1, 'test', '1', NULL, 'sh-142-2', 'active', '2026-01-01T00:00:00Z', '2026-01-01T00:00:00Z', '');
INSERT INTO tribal_evidence (id, fact_id, source_type, source_ref, author, authored_at, content_hash) VALUES (10712, 10712, 'inline_marker', 'pkg/saturated142/file.go', NULL, NULL, 'ev-142-2');
INSERT INTO tribal_facts (id, subject_id, kind, body, source_quote, confidence, corroboration, extractor, extractor_version, model, staleness_hash, status, created_at, last_verified, cluster_key) VALUES (10713, 10142, 'quirk', 'body-3', 'quote', 0.9, 1, 'test', '1', NULL, 'sh-142-3', 'active', '2026-01-01T00:00:00Z', '2026-01-01T00:00:00Z', '');
INSERT INTO tribal_evidence (id, fact_id, source_type, source_ref, author, authored_at, content_hash) VALUES (10713, 10713, 'inline_marker', 'pkg/saturated142/file.go', NULL, NULL, 'ev-142-3');
INSERT INTO tribal_facts (id, subject_id, kind, body, source_quote, confidence, corroboration, extractor, extractor_version, model, staleness_hash, status, created_at, last_verified, cluster_key) VALUES (10714, 10142, 'quirk', 'body-4', 'quote', 0.9, 1, 'test', '1', NULL, 'sh-142-4', 'active', '2026-01-01T00:00:00Z', '2026-01-01T00:00:00Z', '');
INSERT INTO tribal_evidence (id, fact_id, source_type, source_ref, author, authored_at, content_hash) VALUES (10714, 10714, 'inline_marker', 'pkg/saturated142/file.go', NULL, NULL, 'ev-142-4');
INSERT INTO symbols (id, repo, import_path, symbol_name, language, kind, visibility, display_name, scip_symbol) VALUES (10143, 'bench-repo', 'pkg/saturated143/file.go', 'sat_sym_143', 'go', 'func', 'public', NULL, NULL);
INSERT INTO tribal_facts (id, subject_id, kind, body, source_quote, confidence, corroboration, extractor, extractor_version, model, staleness_hash, status, created_at, last_verified, cluster_key) VALUES (10715, 10143, 'quirk', 'body-0', 'quote', 0.9, 1, 'test', '1', NULL, 'sh-143-0', 'active', '2026-01-01T00:00:00Z', '2026-01-01T00:00:00Z', '');
INSERT INTO tribal_evidence (id, fact_id, source_type, source_ref, author, authored_at, content_hash) VALUES (10715, 10715, 'inline_marker', 'pkg/saturated143/file.go', NULL, NULL, 'ev-143-0');
INSERT INTO tribal_facts (id, subject_id, kind, body, source_quote, confidence, corroboration, extractor, extractor_version, model, staleness_hash, status, created_at, last_verified, cluster_key) VALUES (10716, 10143, 'quirk', 'body-1', 'quote', 0.9, 1, 'test', '1', NULL, 'sh-143-1', 'active', '2026-01-01T00:00:00Z', '2026-01-01T00:00:00Z', '');
INSERT INTO tribal_evidence (id, fact_id, source_type, source_ref, author, authored_at, content_hash) VALUES (10716, 10716, 'inline_marker', 'pkg/saturated143/file.go', NULL, NULL, 'ev-143-1');
INSERT INTO tribal_facts (id, subject_id, kind, body, source_quote, confidence, corroboration, extractor, extractor_version, model, staleness_hash, status, created_at, last_verified, cluster_key) VALUES (10717, 10143, 'quirk', 'body-2', 'quote', 0.9, 1, 'test', '1', NULL, 'sh-143-2', 'active', '2026-01-01T00:00:00Z', '2026-01-01T00:00:00Z', '');
INSERT INTO tribal_evidence (id, fact_id, source_type, source_ref, author, authored_at, content_hash) VALUES (10717, 10717, 'inline_marker', 'pkg/saturated143/file.go', NULL, NULL, 'ev-143-2');
INSERT INTO tribal_facts (id, subject_id, kind, body, source_quote, confidence, corroboration, extractor, extractor_version, model, staleness_hash, status, created_at, last_verified, cluster_key) VALUES (10718, 10143, 'quirk', 'body-3', 'quote', 0.9, 1, 'test', '1', NULL, 'sh-143-3', 'active', '2026-01-01T00:00:00Z', '2026-01-01T00:00:00Z', '');
INSERT INTO tribal_evidence (id, fact_id, source_type, source_ref, author, authored_at, content_hash) VALUES (10718, 10718, 'inline_marker', 'pkg/saturated143/file.go', NULL, NULL, 'ev-143-3');
INSERT INTO tribal_facts (id, subject_id, kind, body, source_quote, confidence, corroboration, extractor, extractor_version, model, staleness_hash, status, created_at, last_verified, cluster_key) VALUES (10719, 10143, 'quirk', 'body-4', 'quote', 0.9, 1, 'test', '1', NULL, 'sh-143-4', 'active', '2026-01-01T00:00:00Z', '2026-01-01T00:00:00Z', '');
INSERT INTO tribal_evidence (id, fact_id, source_type, source_ref, author, authored_at, content_hash) VALUES (10719, 10719, 'inline_marker', 'pkg/saturated143/file.go', NULL, NULL, 'ev-143-4');
INSERT INTO symbols (id, repo, import_path, symbol_name, language, kind, visibility, display_name, scip_symbol) VALUES (10144, 'bench-repo', 'pkg/saturated144/file.go', 'sat_sym_144', 'go', 'func', 'public', NULL, NULL);
INSERT INTO tribal_facts (id, subject_id, kind, body, source_quote, confidence, corroboration, extractor, extractor_version, model, staleness_hash, status, created_at, last_verified, cluster_key) VALUES (10720, 10144, 'quirk', 'body-0', 'quote', 0.9, 1, 'test', '1', NULL, 'sh-144-0', 'active', '2026-01-01T00:00:00Z', '2026-01-01T00:00:00Z', '');
INSERT INTO tribal_evidence (id, fact_id, source_type, source_ref, author, authored_at, content_hash) VALUES (10720, 10720, 'inline_marker', 'pkg/saturated144/file.go', NULL, NULL, 'ev-144-0');
INSERT INTO tribal_facts (id, subject_id, kind, body, source_quote, confidence, corroboration, extractor, extractor_version, model, staleness_hash, status, created_at, last_verified, cluster_key) VALUES (10721, 10144, 'quirk', 'body-1', 'quote', 0.9, 1, 'test', '1', NULL, 'sh-144-1', 'active', '2026-01-01T00:00:00Z', '2026-01-01T00:00:00Z', '');
INSERT INTO tribal_evidence (id, fact_id, source_type, source_ref, author, authored_at, content_hash) VALUES (10721, 10721, 'inline_marker', 'pkg/saturated144/file.go', NULL, NULL, 'ev-144-1');
INSERT INTO tribal_facts (id, subject_id, kind, body, source_quote, confidence, corroboration, extractor, extractor_version, model, staleness_hash, status, created_at, last_verified, cluster_key) VALUES (10722, 10144, 'quirk', 'body-2', 'quote', 0.9, 1, 'test', '1', NULL, 'sh-144-2', 'active', '2026-01-01T00:00:00Z', '2026-01-01T00:00:00Z', '');
INSERT INTO tribal_evidence (id, fact_id, source_type, source_ref, author, authored_at, content_hash) VALUES (10722, 10722, 'inline_marker', 'pkg/saturated144/file.go', NULL, NULL, 'ev-144-2');
INSERT INTO tribal_facts (id, subject_id, kind, body, source_quote, confidence, corroboration, extractor, extractor_version, model, staleness_hash, status, created_at, last_verified, cluster_key) VALUES (10723, 10144, 'quirk', 'body-3', 'quote', 0.9, 1, 'test', '1', NULL, 'sh-144-3', 'active', '2026-01-01T00:00:00Z', '2026-01-01T00:00:00Z', '');
INSERT INTO tribal_evidence (id, fact_id, source_type, source_ref, author, authored_at, content_hash) VALUES (10723, 10723, 'inline_marker', 'pkg/saturated144/file.go', NULL, NULL, 'ev-144-3');
INSERT INTO tribal_facts (id, subject_id, kind, body, source_quote, confidence, corroboration, extractor, extractor_version, model, staleness_hash, status, created_at, last_verified, cluster_key) VALUES (10724, 10144, 'quirk', 'body-4', 'quote', 0.9, 1, 'test', '1', NULL, 'sh-144-4', 'active', '2026-01-01T00:00:00Z', '2026-01-01T00:00:00Z', '');
INSERT INTO tribal_evidence (id, fact_id, source_type, source_ref, author, authored_at, content_hash) VALUES (10724, 10724, 'inline_marker', 'pkg/saturated144/file.go', NULL, NULL, 'ev-144-4');
INSERT INTO symbols (id, repo, import_path, symbol_name, language, kind, visibility, display_name, scip_symbol) VALUES (10145, 'bench-repo', 'pkg/saturated145/file.go', 'sat_sym_145', 'go', 'func', 'public', NULL, NULL);
INSERT INTO tribal_facts (id, subject_id, kind, body, source_quote, confidence, corroboration, extractor, extractor_version, model, staleness_hash, status, created_at, last_verified, cluster_key) VALUES (10725, 10145, 'quirk', 'body-0', 'quote', 0.9, 1, 'test', '1', NULL, 'sh-145-0', 'active', '2026-01-01T00:00:00Z', '2026-01-01T00:00:00Z', '');
INSERT INTO tribal_evidence (id, fact_id, source_type, source_ref, author, authored_at, content_hash) VALUES (10725, 10725, 'inline_marker', 'pkg/saturated145/file.go', NULL, NULL, 'ev-145-0');
INSERT INTO tribal_facts (id, subject_id, kind, body, source_quote, confidence, corroboration, extractor, extractor_version, model, staleness_hash, status, created_at, last_verified, cluster_key) VALUES (10726, 10145, 'quirk', 'body-1', 'quote', 0.9, 1, 'test', '1', NULL, 'sh-145-1', 'active', '2026-01-01T00:00:00Z', '2026-01-01T00:00:00Z', '');
INSERT INTO tribal_evidence (id, fact_id, source_type, source_ref, author, authored_at, content_hash) VALUES (10726, 10726, 'inline_marker', 'pkg/saturated145/file.go', NULL, NULL, 'ev-145-1');
INSERT INTO tribal_facts (id, subject_id, kind, body, source_quote, confidence, corroboration, extractor, extractor_version, model, staleness_hash, status, created_at, last_verified, cluster_key) VALUES (10727, 10145, 'quirk', 'body-2', 'quote', 0.9, 1, 'test', '1', NULL, 'sh-145-2', 'active', '2026-01-01T00:00:00Z', '2026-01-01T00:00:00Z', '');
INSERT INTO tribal_evidence (id, fact_id, source_type, source_ref, author, authored_at, content_hash) VALUES (10727, 10727, 'inline_marker', 'pkg/saturated145/file.go', NULL, NULL, 'ev-145-2');
INSERT INTO tribal_facts (id, subject_id, kind, body, source_quote, confidence, corroboration, extractor, extractor_version, model, staleness_hash, status, created_at, last_verified, cluster_key) VALUES (10728, 10145, 'quirk', 'body-3', 'quote', 0.9, 1, 'test', '1', NULL, 'sh-145-3', 'active', '2026-01-01T00:00:00Z', '2026-01-01T00:00:00Z', '');
INSERT INTO tribal_evidence (id, fact_id, source_type, source_ref, author, authored_at, content_hash) VALUES (10728, 10728, 'inline_marker', 'pkg/saturated145/file.go', NULL, NULL, 'ev-145-3');
INSERT INTO tribal_facts (id, subject_id, kind, body, source_quote, confidence, corroboration, extractor, extractor_version, model, staleness_hash, status, created_at, last_verified, cluster_key) VALUES (10729, 10145, 'quirk', 'body-4', 'quote', 0.9, 1, 'test', '1', NULL, 'sh-145-4', 'active', '2026-01-01T00:00:00Z', '2026-01-01T00:00:00Z', '');
INSERT INTO tribal_evidence (id, fact_id, source_type, source_ref, author, authored_at, content_hash) VALUES (10729, 10729, 'inline_marker', 'pkg/saturated145/file.go', NULL, NULL, 'ev-145-4');
INSERT INTO symbols (id, repo, import_path, symbol_name, language, kind, visibility, display_name, scip_symbol) VALUES (10146, 'bench-repo', 'pkg/saturated146/file.go', 'sat_sym_146', 'go', 'func', 'public', NULL, NULL);
INSERT INTO tribal_facts (id, subject_id, kind, body, source_quote, confidence, corroboration, extractor, extractor_version, model, staleness_hash, status, created_at, last_verified, cluster_key) VALUES (10730, 10146, 'quirk', 'body-0', 'quote', 0.9, 1, 'test', '1', NULL, 'sh-146-0', 'active', '2026-01-01T00:00:00Z', '2026-01-01T00:00:00Z', '');
INSERT INTO tribal_evidence (id, fact_id, source_type, source_ref, author, authored_at, content_hash) VALUES (10730, 10730, 'inline_marker', 'pkg/saturated146/file.go', NULL, NULL, 'ev-146-0');
INSERT INTO tribal_facts (id, subject_id, kind, body, source_quote, confidence, corroboration, extractor, extractor_version, model, staleness_hash, status, created_at, last_verified, cluster_key) VALUES (10731, 10146, 'quirk', 'body-1', 'quote', 0.9, 1, 'test', '1', NULL, 'sh-146-1', 'active', '2026-01-01T00:00:00Z', '2026-01-01T00:00:00Z', '');
INSERT INTO tribal_evidence (id, fact_id, source_type, source_ref, author, authored_at, content_hash) VALUES (10731, 10731, 'inline_marker', 'pkg/saturated146/file.go', NULL, NULL, 'ev-146-1');
INSERT INTO tribal_facts (id, subject_id, kind, body, source_quote, confidence, corroboration, extractor, extractor_version, model, staleness_hash, status, created_at, last_verified, cluster_key) VALUES (10732, 10146, 'quirk', 'body-2', 'quote', 0.9, 1, 'test', '1', NULL, 'sh-146-2', 'active', '2026-01-01T00:00:00Z', '2026-01-01T00:00:00Z', '');
INSERT INTO tribal_evidence (id, fact_id, source_type, source_ref, author, authored_at, content_hash) VALUES (10732, 10732, 'inline_marker', 'pkg/saturated146/file.go', NULL, NULL, 'ev-146-2');
INSERT INTO tribal_facts (id, subject_id, kind, body, source_quote, confidence, corroboration, extractor, extractor_version, model, staleness_hash, status, created_at, last_verified, cluster_key) VALUES (10733, 10146, 'quirk', 'body-3', 'quote', 0.9, 1, 'test', '1', NULL, 'sh-146-3', 'active', '2026-01-01T00:00:00Z', '2026-01-01T00:00:00Z', '');
INSERT INTO tribal_evidence (id, fact_id, source_type, source_ref, author, authored_at, content_hash) VALUES (10733, 10733, 'inline_marker', 'pkg/saturated146/file.go', NULL, NULL, 'ev-146-3');
INSERT INTO tribal_facts (id, subject_id, kind, body, source_quote, confidence, corroboration, extractor, extractor_version, model, staleness_hash, status, created_at, last_verified, cluster_key) VALUES (10734, 10146, 'quirk', 'body-4', 'quote', 0.9, 1, 'test', '1', NULL, 'sh-146-4', 'active', '2026-01-01T00:00:00Z', '2026-01-01T00:00:00Z', '');
INSERT INTO tribal_evidence (id, fact_id, source_type, source_ref, author, authored_at, content_hash) VALUES (10734, 10734, 'inline_marker', 'pkg/saturated146/file.go', NULL, NULL, 'ev-146-4');
INSERT INTO symbols (id, repo, import_path, symbol_name, language, kind, visibility, display_name, scip_symbol) VALUES (10147, 'bench-repo', 'pkg/saturated147/file.go', 'sat_sym_147', 'go', 'func', 'public', NULL, NULL);
INSERT INTO tribal_facts (id, subject_id, kind, body, source_quote, confidence, corroboration, extractor, extractor_version, model, staleness_hash, status, created_at, last_verified, cluster_key) VALUES (10735, 10147, 'quirk', 'body-0', 'quote', 0.9, 1, 'test', '1', NULL, 'sh-147-0', 'active', '2026-01-01T00:00:00Z', '2026-01-01T00:00:00Z', '');
INSERT INTO tribal_evidence (id, fact_id, source_type, source_ref, author, authored_at, content_hash) VALUES (10735, 10735, 'inline_marker', 'pkg/saturated147/file.go', NULL, NULL, 'ev-147-0');
INSERT INTO tribal_facts (id, subject_id, kind, body, source_quote, confidence, corroboration, extractor, extractor_version, model, staleness_hash, status, created_at, last_verified, cluster_key) VALUES (10736, 10147, 'quirk', 'body-1', 'quote', 0.9, 1, 'test', '1', NULL, 'sh-147-1', 'active', '2026-01-01T00:00:00Z', '2026-01-01T00:00:00Z', '');
INSERT INTO tribal_evidence (id, fact_id, source_type, source_ref, author, authored_at, content_hash) VALUES (10736, 10736, 'inline_marker', 'pkg/saturated147/file.go', NULL, NULL, 'ev-147-1');
INSERT INTO tribal_facts (id, subject_id, kind, body, source_quote, confidence, corroboration, extractor, extractor_version, model, staleness_hash, status, created_at, last_verified, cluster_key) VALUES (10737, 10147, 'quirk', 'body-2', 'quote', 0.9, 1, 'test', '1', NULL, 'sh-147-2', 'active', '2026-01-01T00:00:00Z', '2026-01-01T00:00:00Z', '');
INSERT INTO tribal_evidence (id, fact_id, source_type, source_ref, author, authored_at, content_hash) VALUES (10737, 10737, 'inline_marker', 'pkg/saturated147/file.go', NULL, NULL, 'ev-147-2');
INSERT INTO tribal_facts (id, subject_id, kind, body, source_quote, confidence, corroboration, extractor, extractor_version, model, staleness_hash, status, created_at, last_verified, cluster_key) VALUES (10738, 10147, 'quirk', 'body-3', 'quote', 0.9, 1, 'test', '1', NULL, 'sh-147-3', 'active', '2026-01-01T00:00:00Z', '2026-01-01T00:00:00Z', '');
INSERT INTO tribal_evidence (id, fact_id, source_type, source_ref, author, authored_at, content_hash) VALUES (10738, 10738, 'inline_marker', 'pkg/saturated147/file.go', NULL, NULL, 'ev-147-3');
INSERT INTO tribal_facts (id, subject_id, kind, body, source_quote, confidence, corroboration, extractor, extractor_version, model, staleness_hash, status, created_at, last_verified, cluster_key) VALUES (10739, 10147, 'quirk', 'body-4', 'quote', 0.9, 1, 'test', '1', NULL, 'sh-147-4', 'active', '2026-01-01T00:00:00Z', '2026-01-01T00:00:00Z', '');
INSERT INTO tribal_evidence (id, fact_id, source_type, source_ref, author, authored_at, content_hash) VALUES (10739, 10739, 'inline_marker', 'pkg/saturated147/file.go', NULL, NULL, 'ev-147-4');
INSERT INTO symbols (id, repo, import_path, symbol_name, language, kind, visibility, display_name, scip_symbol) VALUES (10148, 'bench-repo', 'pkg/saturated148/file.go', 'sat_sym_148', 'go', 'func', 'public', NULL, NULL);
INSERT INTO tribal_facts (id, subject_id, kind, body, source_quote, confidence, corroboration, extractor, extractor_version, model, staleness_hash, status, created_at, last_verified, cluster_key) VALUES (10740, 10148, 'quirk', 'body-0', 'quote', 0.9, 1, 'test', '1', NULL, 'sh-148-0', 'active', '2026-01-01T00:00:00Z', '2026-01-01T00:00:00Z', '');
INSERT INTO tribal_evidence (id, fact_id, source_type, source_ref, author, authored_at, content_hash) VALUES (10740, 10740, 'inline_marker', 'pkg/saturated148/file.go', NULL, NULL, 'ev-148-0');
INSERT INTO tribal_facts (id, subject_id, kind, body, source_quote, confidence, corroboration, extractor, extractor_version, model, staleness_hash, status, created_at, last_verified, cluster_key) VALUES (10741, 10148, 'quirk', 'body-1', 'quote', 0.9, 1, 'test', '1', NULL, 'sh-148-1', 'active', '2026-01-01T00:00:00Z', '2026-01-01T00:00:00Z', '');
INSERT INTO tribal_evidence (id, fact_id, source_type, source_ref, author, authored_at, content_hash) VALUES (10741, 10741, 'inline_marker', 'pkg/saturated148/file.go', NULL, NULL, 'ev-148-1');
INSERT INTO tribal_facts (id, subject_id, kind, body, source_quote, confidence, corroboration, extractor, extractor_version, model, staleness_hash, status, created_at, last_verified, cluster_key) VALUES (10742, 10148, 'quirk', 'body-2', 'quote', 0.9, 1, 'test', '1', NULL, 'sh-148-2', 'active', '2026-01-01T00:00:00Z', '2026-01-01T00:00:00Z', '');
INSERT INTO tribal_evidence (id, fact_id, source_type, source_ref, author, authored_at, content_hash) VALUES (10742, 10742, 'inline_marker', 'pkg/saturated148/file.go', NULL, NULL, 'ev-148-2');
INSERT INTO tribal_facts (id, subject_id, kind, body, source_quote, confidence, corroboration, extractor, extractor_version, model, staleness_hash, status, created_at, last_verified, cluster_key) VALUES (10743, 10148, 'quirk', 'body-3', 'quote', 0.9, 1, 'test', '1', NULL, 'sh-148-3', 'active', '2026-01-01T00:00:00Z', '2026-01-01T00:00:00Z', '');
INSERT INTO tribal_evidence (id, fact_id, source_type, source_ref, author, authored_at, content_hash) VALUES (10743, 10743, 'inline_marker', 'pkg/saturated148/file.go', NULL, NULL, 'ev-148-3');
INSERT INTO tribal_facts (id, subject_id, kind, body, source_quote, confidence, corroboration, extractor, extractor_version, model, staleness_hash, status, created_at, last_verified, cluster_key) VALUES (10744, 10148, 'quirk', 'body-4', 'quote', 0.9, 1, 'test', '1', NULL, 'sh-148-4', 'active', '2026-01-01T00:00:00Z', '2026-01-01T00:00:00Z', '');
INSERT INTO tribal_evidence (id, fact_id, source_type, source_ref, author, authored_at, content_hash) VALUES (10744, 10744, 'inline_marker', 'pkg/saturated148/file.go', NULL, NULL, 'ev-148-4');
INSERT INTO symbols (id, repo, import_path, symbol_name, language, kind, visibility, display_name, scip_symbol) VALUES (10149, 'bench-repo', 'pkg/saturated149/file.go', 'sat_sym_149', 'go', 'func', 'public', NULL, NULL);
INSERT INTO tribal_facts (id, subject_id, kind, body, source_quote, confidence, corroboration, extractor, extractor_version, model, staleness_hash, status, created_at, last_verified, cluster_key) VALUES (10745, 10149, 'quirk', 'body-0', 'quote', 0.9, 1, 'test', '1', NULL, 'sh-149-0', 'active', '2026-01-01T00:00:00Z', '2026-01-01T00:00:00Z', '');
INSERT INTO tribal_evidence (id, fact_id, source_type, source_ref, author, authored_at, content_hash) VALUES (10745, 10745, 'inline_marker', 'pkg/saturated149/file.go', NULL, NULL, 'ev-149-0');
INSERT INTO tribal_facts (id, subject_id, kind, body, source_quote, confidence, corroboration, extractor, extractor_version, model, staleness_hash, status, created_at, last_verified, cluster_key) VALUES (10746, 10149, 'quirk', 'body-1', 'quote', 0.9, 1, 'test', '1', NULL, 'sh-149-1', 'active', '2026-01-01T00:00:00Z', '2026-01-01T00:00:00Z', '');
INSERT INTO tribal_evidence (id, fact_id, source_type, source_ref, author, authored_at, content_hash) VALUES (10746, 10746, 'inline_marker', 'pkg/saturated149/file.go', NULL, NULL, 'ev-149-1');
INSERT INTO tribal_facts (id, subject_id, kind, body, source_quote, confidence, corroboration, extractor, extractor_version, model, staleness_hash, status, created_at, last_verified, cluster_key) VALUES (10747, 10149, 'quirk', 'body-2', 'quote', 0.9, 1, 'test', '1', NULL, 'sh-149-2', 'active', '2026-01-01T00:00:00Z', '2026-01-01T00:00:00Z', '');
INSERT INTO tribal_evidence (id, fact_id, source_type, source_ref, author, authored_at, content_hash) VALUES (10747, 10747, 'inline_marker', 'pkg/saturated149/file.go', NULL, NULL, 'ev-149-2');
INSERT INTO tribal_facts (id, subject_id, kind, body, source_quote, confidence, corroboration, extractor, extractor_version, model, staleness_hash, status, created_at, last_verified, cluster_key) VALUES (10748, 10149, 'quirk', 'body-3', 'quote', 0.9, 1, 'test', '1', NULL, 'sh-149-3', 'active', '2026-01-01T00:00:00Z', '2026-01-01T00:00:00Z', '');
INSERT INTO tribal_evidence (id, fact_id, source_type, source_ref, author, authored_at, content_hash) VALUES (10748, 10748, 'inline_marker', 'pkg/saturated149/file.go', NULL, NULL, 'ev-149-3');
INSERT INTO tribal_facts (id, subject_id, kind, body, source_quote, confidence, corroboration, extractor, extractor_version, model, staleness_hash, status, created_at, last_verified, cluster_key) VALUES (10749, 10149, 'quirk', 'body-4', 'quote', 0.9, 1, 'test', '1', NULL, 'sh-149-4', 'active', '2026-01-01T00:00:00Z', '2026-01-01T00:00:00Z', '');
INSERT INTO tribal_evidence (id, fact_id, source_type, source_ref, author, authored_at, content_hash) VALUES (10749, 10749, 'inline_marker', 'pkg/saturated149/file.go', NULL, NULL, 'ev-149-4');
INSERT INTO symbols (id, repo, import_path, symbol_name, language, kind, visibility, display_name, scip_symbol) VALUES (10150, 'bench-repo', 'pkg/mod0/file.go', 'mod_sym_0_0', 'go', 'func', 'public', NULL, NULL);
INSERT INTO claims (id, subject_id, predicate, object_text, object_id, source_file, source_line, confidence, claim_tier, extractor, extractor_version, last_verified) VALUES (10750, 10150, 'defines', 'c-0', NULL, 'pkg/mod0/file.go', 1, 1.0, 'structural', 'test', '1', '2026-01-01T00:00:00Z');
INSERT INTO symbols (id, repo, import_path, symbol_name, language, kind, visibility, display_name, scip_symbol) VALUES (10151, 'bench-repo', 'pkg/mod0/file.go', 'mod_sym_0_1', 'go', 'func', 'public', NULL, NULL);
INSERT INTO claims (id, subject_id, predicate, object_text, object_id, source_file, source_line, confidence, claim_tier, extractor, extractor_version, last_verified) VALUES (10751, 10151, 'defines', 'c-1', NULL, 'pkg/mod0/file.go', 2, 1.0, 'structural', 'test', '1', '2026-01-01T00:00:00Z');
INSERT INTO symbols (id, repo, import_path, symbol_name, language, kind, visibility, display_name, scip_symbol) VALUES (10152, 'bench-repo', 'pkg/mod0/file.go', 'mod_sym_0_2', 'go', 'func', 'public', NULL, NULL);
INSERT INTO claims (id, subject_id, predicate, object_text, object_id, source_file, source_line, confidence, claim_tier, extractor, extractor_version, last_verified) VALUES (10752, 10152, 'defines', 'c-2', NULL, 'pkg/mod0/file.go', 3, 1.0, 'structural', 'test', '1', '2026-01-01T00:00:00Z');
INSERT INTO symbols (id, repo, import_path, symbol_name, language, kind, visibility, display_name, scip_symbol) VALUES (10153, 'bench-repo', 'pkg/mod10/file.go', 'mod_sym_10_0', 'go', 'func', 'public', NULL, NULL);
INSERT INTO claims (id, subject_id, predicate, object_text, object_id, source_file, source_line, confidence, claim_tier, extractor, extractor_version, last_verified) VALUES (10753, 10153, 'defines', 'c-0', NULL, 'pkg/mod10/file.go', 1, 1.0, 'structural', 'test', '1', '2026-01-01T00:00:00Z');
INSERT INTO symbols (id, repo, import_path, symbol_name, language, kind, visibility, display_name, scip_symbol) VALUES (10154, 'bench-repo', 'pkg/mod10/file.go', 'mod_sym_10_1', 'go', 'func', 'public', NULL, NULL);
INSERT INTO claims (id, subject_id, predicate, object_text, object_id, source_file, source_line, confidence, claim_tier, extractor, extractor_version, last_verified) VALUES (10754, 10154, 'defines', 'c-1', NULL, 'pkg/mod10/file.go', 2, 1.0, 'structural', 'test', '1', '2026-01-01T00:00:00Z');
INSERT INTO symbols (id, repo, import_path, symbol_name, language, kind, visibility, display_name, scip_symbol) VALUES (10155, 'bench-repo', 'pkg/mod10/file.go', 'mod_sym_10_2', 'go', 'func', 'public', NULL, NULL);
INSERT INTO claims (id, subject_id, predicate, object_text, object_id, source_file, source_line, confidence, claim_tier, extractor, extractor_version, last_verified) VALUES (10755, 10155, 'defines', 'c-2', NULL, 'pkg/mod10/file.go', 3, 1.0, 'structural', 'test', '1', '2026-01-01T00:00:00Z');
INSERT INTO symbols (id, repo, import_path, symbol_name, language, kind, visibility, display_name, scip_symbol) VALUES (10156, 'bench-repo', 'pkg/mod20/file.go', 'mod_sym_20_0', 'go', 'func', 'public', NULL, NULL);
INSERT INTO claims (id, subject_id, predicate, object_text, object_id, source_file, source_line, confidence, claim_tier, extractor, extractor_version, last_verified) VALUES (10756, 10156, 'defines', 'c-0', NULL, 'pkg/mod20/file.go', 1, 1.0, 'structural', 'test', '1', '2026-01-01T00:00:00Z');
INSERT INTO symbols (id, repo, import_path, symbol_name, language, kind, visibility, display_name, scip_symbol) VALUES (10157, 'bench-repo', 'pkg/mod20/file.go', 'mod_sym_20_1', 'go', 'func', 'public', NULL, NULL);
INSERT INTO claims (id, subject_id, predicate, object_text, object_id, source_file, source_line, confidence, claim_tier, extractor, extractor_version, last_verified) VALUES (10757, 10157, 'defines', 'c-1', NULL, 'pkg/mod20/file.go', 2, 1.0, 'structural', 'test', '1', '2026-01-01T00:00:00Z');
INSERT INTO symbols (id, repo, import_path, symbol_name, language, kind, visibility, display_name, scip_symbol) VALUES (10158, 'bench-repo', 'pkg/mod20/file.go', 'mod_sym_20_2', 'go', 'func', 'public', NULL, NULL);
INSERT INTO claims (id, subject_id, predicate, object_text, object_id, source_file, source_line, confidence, claim_tier, extractor, extractor_version, last_verified) VALUES (10758, 10158, 'defines', 'c-2', NULL, 'pkg/mod20/file.go', 3, 1.0, 'structural', 'test', '1', '2026-01-01T00:00:00Z');
INSERT INTO symbols (id, repo, import_path, symbol_name, language, kind, visibility, display_name, scip_symbol) VALUES (10159, 'bench-repo', 'pkg/mod30/file.go', 'mod_sym_30_0', 'go', 'func', 'public', NULL, NULL);
INSERT INTO claims (id, subject_id, predicate, object_text, object_id, source_file, source_line, confidence, claim_tier, extractor, extractor_version, last_verified) VALUES (10759, 10159, 'defines', 'c-0', NULL, 'pkg/mod30/file.go', 1, 1.0, 'structural', 'test', '1', '2026-01-01T00:00:00Z');
INSERT INTO symbols (id, repo, import_path, symbol_name, language, kind, visibility, display_name, scip_symbol) VALUES (10160, 'bench-repo', 'pkg/mod30/file.go', 'mod_sym_30_1', 'go', 'func', 'public', NULL, NULL);
INSERT INTO claims (id, subject_id, predicate, object_text, object_id, source_file, source_line, confidence, claim_tier, extractor, extractor_version, last_verified) VALUES (10760, 10160, 'defines', 'c-1', NULL, 'pkg/mod30/file.go', 2, 1.0, 'structural', 'test', '1', '2026-01-01T00:00:00Z');
INSERT INTO symbols (id, repo, import_path, symbol_name, language, kind, visibility, display_name, scip_symbol) VALUES (10161, 'bench-repo', 'pkg/mod30/file.go', 'mod_sym_30_2', 'go', 'func', 'public', NULL, NULL);
INSERT INTO claims (id, subject_id, predicate, object_text, object_id, source_file, source_line, confidence, claim_tier, extractor, extractor_version, last_verified) VALUES (10761, 10161, 'defines', 'c-2', NULL, 'pkg/mod30/file.go', 3, 1.0, 'structural', 'test', '1', '2026-01-01T00:00:00Z');
INSERT INTO symbols (id, repo, import_path, symbol_name, language, kind, visibility, display_name, scip_symbol) VALUES (10162, 'bench-repo', 'pkg/mod40/file.go', 'mod_sym_40_0', 'go', 'func', 'public', NULL, NULL);
INSERT INTO claims (id, subject_id, predicate, object_text, object_id, source_file, source_line, confidence, claim_tier, extractor, extractor_version, last_verified) VALUES (10762, 10162, 'defines', 'c-0', NULL, 'pkg/mod40/file.go', 1, 1.0, 'structural', 'test', '1', '2026-01-01T00:00:00Z');
INSERT INTO symbols (id, repo, import_path, symbol_name, language, kind, visibility, display_name, scip_symbol) VALUES (10163, 'bench-repo', 'pkg/mod40/file.go', 'mod_sym_40_1', 'go', 'func', 'public', NULL, NULL);
INSERT INTO claims (id, subject_id, predicate, object_text, object_id, source_file, source_line, confidence, claim_tier, extractor, extractor_version, last_verified) VALUES (10763, 10163, 'defines', 'c-1', NULL, 'pkg/mod40/file.go', 2, 1.0, 'structural', 'test', '1', '2026-01-01T00:00:00Z');
INSERT INTO symbols (id, repo, import_path, symbol_name, language, kind, visibility, display_name, scip_symbol) VALUES (10164, 'bench-repo', 'pkg/mod40/file.go', 'mod_sym_40_2', 'go', 'func', 'public', NULL, NULL);
INSERT INTO claims (id, subject_id, predicate, object_text, object_id, source_file, source_line, confidence, claim_tier, extractor, extractor_version, last_verified) VALUES (10764, 10164, 'defines', 'c-2', NULL, 'pkg/mod40/file.go', 3, 1.0, 'structural', 'test', '1', '2026-01-01T00:00:00Z');
INSERT INTO symbols (id, repo, import_path, symbol_name, language, kind, visibility, display_name, scip_symbol) VALUES (10165, 'bench-repo', 'pkg/mod50/file.go', 'mod_sym_50_0', 'go', 'func', 'public', NULL, NULL);
INSERT INTO claims (id, subject_id, predicate, object_text, object_id, source_file, source_line, confidence, claim_tier, extractor, extractor_version, last_verified) VALUES (10765, 10165, 'defines', 'c-0', NULL, 'pkg/mod50/file.go', 1, 1.0, 'structural', 'test', '1', '2026-01-01T00:00:00Z');
INSERT INTO symbols (id, repo, import_path, symbol_name, language, kind, visibility, display_name, scip_symbol) VALUES (10166, 'bench-repo', 'pkg/mod50/file.go', 'mod_sym_50_1', 'go', 'func', 'public', NULL, NULL);
INSERT INTO claims (id, subject_id, predicate, object_text, object_id, source_file, source_line, confidence, claim_tier, extractor, extractor_version, last_verified) VALUES (10766, 10166, 'defines', 'c-1', NULL, 'pkg/mod50/file.go', 2, 1.0, 'structural', 'test', '1', '2026-01-01T00:00:00Z');
INSERT INTO symbols (id, repo, import_path, symbol_name, language, kind, visibility, display_name, scip_symbol) VALUES (10167, 'bench-repo', 'pkg/mod50/file.go', 'mod_sym_50_2', 'go', 'func', 'public', NULL, NULL);
INSERT INTO claims (id, subject_id, predicate, object_text, object_id, source_file, source_line, confidence, claim_tier, extractor, extractor_version, last_verified) VALUES (10767, 10167, 'defines', 'c-2', NULL, 'pkg/mod50/file.go', 3, 1.0, 'structural', 'test', '1', '2026-01-01T00:00:00Z');
INSERT INTO symbols (id, repo, import_path, symbol_name, language, kind, visibility, display_name, scip_symbol) VALUES (10168, 'bench-repo', 'pkg/mod60/file.go', 'mod_sym_60_0', 'go', 'func', 'public', NULL, NULL);
INSERT INTO claims (id, subject_id, predicate, object_text, object_id, source_file, source_line, confidence, claim_tier, extractor, extractor_version, last_verified) VALUES (10768, 10168, 'defines', 'c-0', NULL, 'pkg/mod60/file.go', 1, 1.0, 'structural', 'test', '1', '2026-01-01T00:00:00Z');
INSERT INTO symbols (id, repo, import_path, symbol_name, language, kind, visibility, display_name, scip_symbol) VALUES (10169, 'bench-repo', 'pkg/mod60/file.go', 'mod_sym_60_1', 'go', 'func', 'public', NULL, NULL);
INSERT INTO claims (id, subject_id, predicate, object_text, object_id, source_file, source_line, confidence, claim_tier, extractor, extractor_version, last_verified) VALUES (10769, 10169, 'defines', 'c-1', NULL, 'pkg/mod60/file.go', 2, 1.0, 'structural', 'test', '1', '2026-01-01T00:00:00Z');
INSERT INTO symbols (id, repo, import_path, symbol_name, language, kind, visibility, display_name, scip_symbol) VALUES (10170, 'bench-repo', 'pkg/mod60/file.go', 'mod_sym_60_2', 'go', 'func', 'public', NULL, NULL);
INSERT INTO claims (id, subject_id, predicate, object_text, object_id, source_file, source_line, confidence, claim_tier, extractor, extractor_version, last_verified) VALUES (10770, 10170, 'defines', 'c-2', NULL, 'pkg/mod60/file.go', 3, 1.0, 'structural', 'test', '1', '2026-01-01T00:00:00Z');
INSERT INTO symbols (id, repo, import_path, symbol_name, language, kind, visibility, display_name, scip_symbol) VALUES (10171, 'bench-repo', 'pkg/mod70/file.go', 'mod_sym_70_0', 'go', 'func', 'public', NULL, NULL);
INSERT INTO claims (id, subject_id, predicate, object_text, object_id, source_file, source_line, confidence, claim_tier, extractor, extractor_version, last_verified) VALUES (10771, 10171, 'defines', 'c-0', NULL, 'pkg/mod70/file.go', 1, 1.0, 'structural', 'test', '1', '2026-01-01T00:00:00Z');
INSERT INTO symbols (id, repo, import_path, symbol_name, language, kind, visibility, display_name, scip_symbol) VALUES (10172, 'bench-repo', 'pkg/mod70/file.go', 'mod_sym_70_1', 'go', 'func', 'public', NULL, NULL);
INSERT INTO claims (id, subject_id, predicate, object_text, object_id, source_file, source_line, confidence, claim_tier, extractor, extractor_version, last_verified) VALUES (10772, 10172, 'defines', 'c-1', NULL, 'pkg/mod70/file.go', 2, 1.0, 'structural', 'test', '1', '2026-01-01T00:00:00Z');
INSERT INTO symbols (id, repo, import_path, symbol_name, language, kind, visibility, display_name, scip_symbol) VALUES (10173, 'bench-repo', 'pkg/mod70/file.go', 'mod_sym_70_2', 'go', 'func', 'public', NULL, NULL);
INSERT INTO claims (id, subject_id, predicate, object_text, object_id, source_file, source_line, confidence, claim_tier, extractor, extractor_version, last_verified) VALUES (10773, 10173, 'defines', 'c-2', NULL, 'pkg/mod70/file.go', 3, 1.0, 'structural', 'test', '1', '2026-01-01T00:00:00Z');
INSERT INTO symbols (id, repo, import_path, symbol_name, language, kind, visibility, display_name, scip_symbol) VALUES (10174, 'bench-repo', 'pkg/mod80/file.go', 'mod_sym_80_0', 'go', 'func', 'public', NULL, NULL);
INSERT INTO claims (id, subject_id, predicate, object_text, object_id, source_file, source_line, confidence, claim_tier, extractor, extractor_version, last_verified) VALUES (10774, 10174, 'defines', 'c-0', NULL, 'pkg/mod80/file.go', 1, 1.0, 'structural', 'test', '1', '2026-01-01T00:00:00Z');
INSERT INTO symbols (id, repo, import_path, symbol_name, language, kind, visibility, display_name, scip_symbol) VALUES (10175, 'bench-repo', 'pkg/mod80/file.go', 'mod_sym_80_1', 'go', 'func', 'public', NULL, NULL);
INSERT INTO claims (id, subject_id, predicate, object_text, object_id, source_file, source_line, confidence, claim_tier, extractor, extractor_version, last_verified) VALUES (10775, 10175, 'defines', 'c-1', NULL, 'pkg/mod80/file.go', 2, 1.0, 'structural', 'test', '1', '2026-01-01T00:00:00Z');
INSERT INTO symbols (id, repo, import_path, symbol_name, language, kind, visibility, display_name, scip_symbol) VALUES (10176, 'bench-repo', 'pkg/mod80/file.go', 'mod_sym_80_2', 'go', 'func', 'public', NULL, NULL);
INSERT INTO claims (id, subject_id, predicate, object_text, object_id, source_file, source_line, confidence, claim_tier, extractor, extractor_version, last_verified) VALUES (10776, 10176, 'defines', 'c-2', NULL, 'pkg/mod80/file.go', 3, 1.0, 'structural', 'test', '1', '2026-01-01T00:00:00Z');
INSERT INTO symbols (id, repo, import_path, symbol_name, language, kind, visibility, display_name, scip_symbol) VALUES (10177, 'bench-repo', 'pkg/mod90/file.go', 'mod_sym_90_0', 'go', 'func', 'public', NULL, NULL);
INSERT INTO claims (id, subject_id, predicate, object_text, object_id, source_file, source_line, confidence, claim_tier, extractor, extractor_version, last_verified) VALUES (10777, 10177, 'defines', 'c-0', NULL, 'pkg/mod90/file.go', 1, 1.0, 'structural', 'test', '1', '2026-01-01T00:00:00Z');
INSERT INTO symbols (id, repo, import_path, symbol_name, language, kind, visibility, display_name, scip_symbol) VALUES (10178, 'bench-repo', 'pkg/mod90/file.go', 'mod_sym_90_1', 'go', 'func', 'public', NULL, NULL);
INSERT INTO claims (id, subject_id, predicate, object_text, object_id, source_file, source_line, confidence, claim_tier, extractor, extractor_version, last_verified) VALUES (10778, 10178, 'defines', 'c-1', NULL, 'pkg/mod90/file.go', 2, 1.0, 'structural', 'test', '1', '2026-01-01T00:00:00Z');
INSERT INTO symbols (id, repo, import_path, symbol_name, language, kind, visibility, display_name, scip_symbol) VALUES (10179, 'bench-repo', 'pkg/mod90/file.go', 'mod_sym_90_2', 'go', 'func', 'public', NULL, NULL);
INSERT INTO claims (id, subject_id, predicate, object_text, object_id, source_file, source_line, confidence, claim_tier, extractor, extractor_version, last_verified) VALUES (10779, 10179, 'defines', 'c-2', NULL, 'pkg/mod90/file.go', 3, 1.0, 'structural', 'test', '1', '2026-01-01T00:00:00Z');
INSERT INTO symbols (id, repo, import_path, symbol_name, language, kind, visibility, display_name, scip_symbol) VALUES (10180, 'bench-repo', 'pkg/mod100/file.go', 'mod_sym_100_0', 'go', 'func', 'public', NULL, NULL);
INSERT INTO claims (id, subject_id, predicate, object_text, object_id, source_file, source_line, confidence, claim_tier, extractor, extractor_version, last_verified) VALUES (10780, 10180, 'defines', 'c-0', NULL, 'pkg/mod100/file.go', 1, 1.0, 'structural', 'test', '1', '2026-01-01T00:00:00Z');
INSERT INTO symbols (id, repo, import_path, symbol_name, language, kind, visibility, display_name, scip_symbol) VALUES (10181, 'bench-repo', 'pkg/mod100/file.go', 'mod_sym_100_1', 'go', 'func', 'public', NULL, NULL);
INSERT INTO claims (id, subject_id, predicate, object_text, object_id, source_file, source_line, confidence, claim_tier, extractor, extractor_version, last_verified) VALUES (10781, 10181, 'defines', 'c-1', NULL, 'pkg/mod100/file.go', 2, 1.0, 'structural', 'test', '1', '2026-01-01T00:00:00Z');
INSERT INTO symbols (id, repo, import_path, symbol_name, language, kind, visibility, display_name, scip_symbol) VALUES (10182, 'bench-repo', 'pkg/mod100/file.go', 'mod_sym_100_2', 'go', 'func', 'public', NULL, NULL);
INSERT INTO claims (id, subject_id, predicate, object_text, object_id, source_file, source_line, confidence, claim_tier, extractor, extractor_version, last_verified) VALUES (10782, 10182, 'defines', 'c-2', NULL, 'pkg/mod100/file.go', 3, 1.0, 'structural', 'test', '1', '2026-01-01T00:00:00Z');
INSERT INTO symbols (id, repo, import_path, symbol_name, language, kind, visibility, display_name, scip_symbol) VALUES (10183, 'bench-repo', 'pkg/mod110/file.go', 'mod_sym_110_0', 'go', 'func', 'public', NULL, NULL);
INSERT INTO claims (id, subject_id, predicate, object_text, object_id, source_file, source_line, confidence, claim_tier, extractor, extractor_version, last_verified) VALUES (10783, 10183, 'defines', 'c-0', NULL, 'pkg/mod110/file.go', 1, 1.0, 'structural', 'test', '1', '2026-01-01T00:00:00Z');
INSERT INTO symbols (id, repo, import_path, symbol_name, language, kind, visibility, display_name, scip_symbol) VALUES (10184, 'bench-repo', 'pkg/mod110/file.go', 'mod_sym_110_1', 'go', 'func', 'public', NULL, NULL);
INSERT INTO claims (id, subject_id, predicate, object_text, object_id, source_file, source_line, confidence, claim_tier, extractor, extractor_version, last_verified) VALUES (10784, 10184, 'defines', 'c-1', NULL, 'pkg/mod110/file.go', 2, 1.0, 'structural', 'test', '1', '2026-01-01T00:00:00Z');
INSERT INTO symbols (id, repo, import_path, symbol_name, language, kind, visibility, display_name, scip_symbol) VALUES (10185, 'bench-repo', 'pkg/mod110/file.go', 'mod_sym_110_2', 'go', 'func', 'public', NULL, NULL);
INSERT INTO claims (id, subject_id, predicate, object_text, object_id, source_file, source_line, confidence, claim_tier, extractor, extractor_version, last_verified) VALUES (10785, 10185, 'defines', 'c-2', NULL, 'pkg/mod110/file.go', 3, 1.0, 'structural', 'test', '1', '2026-01-01T00:00:00Z');
INSERT INTO symbols (id, repo, import_path, symbol_name, language, kind, visibility, display_name, scip_symbol) VALUES (10186, 'bench-repo', 'pkg/mod120/file.go', 'mod_sym_120_0', 'go', 'func', 'public', NULL, NULL);
INSERT INTO claims (id, subject_id, predicate, object_text, object_id, source_file, source_line, confidence, claim_tier, extractor, extractor_version, last_verified) VALUES (10786, 10186, 'defines', 'c-0', NULL, 'pkg/mod120/file.go', 1, 1.0, 'structural', 'test', '1', '2026-01-01T00:00:00Z');
INSERT INTO symbols (id, repo, import_path, symbol_name, language, kind, visibility, display_name, scip_symbol) VALUES (10187, 'bench-repo', 'pkg/mod120/file.go', 'mod_sym_120_1', 'go', 'func', 'public', NULL, NULL);
INSERT INTO claims (id, subject_id, predicate, object_text, object_id, source_file, source_line, confidence, claim_tier, extractor, extractor_version, last_verified) VALUES (10787, 10187, 'defines', 'c-1', NULL, 'pkg/mod120/file.go', 2, 1.0, 'structural', 'test', '1', '2026-01-01T00:00:00Z');
INSERT INTO symbols (id, repo, import_path, symbol_name, language, kind, visibility, display_name, scip_symbol) VALUES (10188, 'bench-repo', 'pkg/mod120/file.go', 'mod_sym_120_2', 'go', 'func', 'public', NULL, NULL);
INSERT INTO claims (id, subject_id, predicate, object_text, object_id, source_file, source_line, confidence, claim_tier, extractor, extractor_version, last_verified) VALUES (10788, 10188, 'defines', 'c-2', NULL, 'pkg/mod120/file.go', 3, 1.0, 'structural', 'test', '1', '2026-01-01T00:00:00Z');
INSERT INTO symbols (id, repo, import_path, symbol_name, language, kind, visibility, display_name, scip_symbol) VALUES (10189, 'bench-repo', 'pkg/mod130/file.go', 'mod_sym_130_0', 'go', 'func', 'public', NULL, NULL);
INSERT INTO claims (id, subject_id, predicate, object_text, object_id, source_file, source_line, confidence, claim_tier, extractor, extractor_version, last_verified) VALUES (10789, 10189, 'defines', 'c-0', NULL, 'pkg/mod130/file.go', 1, 1.0, 'structural', 'test', '1', '2026-01-01T00:00:00Z');
INSERT INTO symbols (id, repo, import_path, symbol_name, language, kind, visibility, display_name, scip_symbol) VALUES (10190, 'bench-repo', 'pkg/mod130/file.go', 'mod_sym_130_1', 'go', 'func', 'public', NULL, NULL);
INSERT INTO claims (id, subject_id, predicate, object_text, object_id, source_file, source_line, confidence, claim_tier, extractor, extractor_version, last_verified) VALUES (10790, 10190, 'defines', 'c-1', NULL, 'pkg/mod130/file.go', 2, 1.0, 'structural', 'test', '1', '2026-01-01T00:00:00Z');
INSERT INTO symbols (id, repo, import_path, symbol_name, language, kind, visibility, display_name, scip_symbol) VALUES (10191, 'bench-repo', 'pkg/mod130/file.go', 'mod_sym_130_2', 'go', 'func', 'public', NULL, NULL);
INSERT INTO claims (id, subject_id, predicate, object_text, object_id, source_file, source_line, confidence, claim_tier, extractor, extractor_version, last_verified) VALUES (10791, 10191, 'defines', 'c-2', NULL, 'pkg/mod130/file.go', 3, 1.0, 'structural', 'test', '1', '2026-01-01T00:00:00Z');
INSERT INTO symbols (id, repo, import_path, symbol_name, language, kind, visibility, display_name, scip_symbol) VALUES (10192, 'bench-repo', 'pkg/mod140/file.go', 'mod_sym_140_0', 'go', 'func', 'public', NULL, NULL);
INSERT INTO claims (id, subject_id, predicate, object_text, object_id, source_file, source_line, confidence, claim_tier, extractor, extractor_version, last_verified) VALUES (10792, 10192, 'defines', 'c-0', NULL, 'pkg/mod140/file.go', 1, 1.0, 'structural', 'test', '1', '2026-01-01T00:00:00Z');
INSERT INTO symbols (id, repo, import_path, symbol_name, language, kind, visibility, display_name, scip_symbol) VALUES (10193, 'bench-repo', 'pkg/mod140/file.go', 'mod_sym_140_1', 'go', 'func', 'public', NULL, NULL);
INSERT INTO claims (id, subject_id, predicate, object_text, object_id, source_file, source_line, confidence, claim_tier, extractor, extractor_version, last_verified) VALUES (10793, 10193, 'defines', 'c-1', NULL, 'pkg/mod140/file.go', 2, 1.0, 'structural', 'test', '1', '2026-01-01T00:00:00Z');
INSERT INTO symbols (id, repo, import_path, symbol_name, language, kind, visibility, display_name, scip_symbol) VALUES (10194, 'bench-repo', 'pkg/mod140/file.go', 'mod_sym_140_2', 'go', 'func', 'public', NULL, NULL);
INSERT INTO claims (id, subject_id, predicate, object_text, object_id, source_file, source_line, confidence, claim_tier, extractor, extractor_version, last_verified) VALUES (10794, 10194, 'defines', 'c-2', NULL, 'pkg/mod140/file.go', 3, 1.0, 'structural', 'test', '1', '2026-01-01T00:00:00Z');
INSERT INTO symbols (id, repo, import_path, symbol_name, language, kind, visibility, display_name, scip_symbol) VALUES (10195, 'bench-repo', 'pkg/mod150/file.go', 'mod_sym_150_0', 'go', 'func', 'public', NULL, NULL);
INSERT INTO claims (id, subject_id, predicate, object_text, object_id, source_file, source_line, confidence, claim_tier, extractor, extractor_version, last_verified) VALUES (10795, 10195, 'defines', 'c-0', NULL, 'pkg/mod150/file.go', 1, 1.0, 'structural', 'test', '1', '2026-01-01T00:00:00Z');
INSERT INTO symbols (id, repo, import_path, symbol_name, language, kind, visibility, display_name, scip_symbol) VALUES (10196, 'bench-repo', 'pkg/mod150/file.go', 'mod_sym_150_1', 'go', 'func', 'public', NULL, NULL);
INSERT INTO claims (id, subject_id, predicate, object_text, object_id, source_file, source_line, confidence, claim_tier, extractor, extractor_version, last_verified) VALUES (10796, 10196, 'defines', 'c-1', NULL, 'pkg/mod150/file.go', 2, 1.0, 'structural', 'test', '1', '2026-01-01T00:00:00Z');
INSERT INTO symbols (id, repo, import_path, symbol_name, language, kind, visibility, display_name, scip_symbol) VALUES (10197, 'bench-repo', 'pkg/mod150/file.go', 'mod_sym_150_2', 'go', 'func', 'public', NULL, NULL);
INSERT INTO claims (id, subject_id, predicate, object_text, object_id, source_file, source_line, confidence, claim_tier, extractor, extractor_version, last_verified) VALUES (10797, 10197, 'defines', 'c-2', NULL, 'pkg/mod150/file.go', 3, 1.0, 'structural', 'test', '1', '2026-01-01T00:00:00Z');
INSERT INTO symbols (id, repo, import_path, symbol_name, language, kind, visibility, display_name, scip_symbol) VALUES (10198, 'bench-repo', 'pkg/mod160/file.go', 'mod_sym_160_0', 'go', 'func', 'public', NULL, NULL);
INSERT INTO claims (id, subject_id, predicate, object_text, object_id, source_file, source_line, confidence, claim_tier, extractor, extractor_version, last_verified) VALUES (10798, 10198, 'defines', 'c-0', NULL, 'pkg/mod160/file.go', 1, 1.0, 'structural', 'test', '1', '2026-01-01T00:00:00Z');
INSERT INTO symbols (id, repo, import_path, symbol_name, language, kind, visibility, display_name, scip_symbol) VALUES (10199, 'bench-repo', 'pkg/mod160/file.go', 'mod_sym_160_1', 'go', 'func', 'public', NULL, NULL);
INSERT INTO claims (id, subject_id, predicate, object_text, object_id, source_file, source_line, confidence, claim_tier, extractor, extractor_version, last_verified) VALUES (10799, 10199, 'defines', 'c-1', NULL, 'pkg/mod160/file.go', 2, 1.0, 'structural', 'test', '1', '2026-01-01T00:00:00Z');
INSERT INTO symbols (id, repo, import_path, symbol_name, language, kind, visibility, display_name, scip_symbol) VALUES (10200, 'bench-repo', 'pkg/mod160/file.go', 'mod_sym_160_2', 'go', 'func', 'public', NULL, NULL);
INSERT INTO claims (id, subject_id, predicate, object_text, object_id, source_file, source_line, confidence, claim_tier, extractor, extractor_version, last_verified) VALUES (10800, 10200, 'defines', 'c-2', NULL, 'pkg/mod160/file.go', 3, 1.0, 'structural', 'test', '1', '2026-01-01T00:00:00Z');
INSERT INTO symbols (id, repo, import_path, symbol_name, language, kind, visibility, display_name, scip_symbol) VALUES (10201, 'bench-repo', 'pkg/mod170/file.go', 'mod_sym_170_0', 'go', 'func', 'public', NULL, NULL);
INSERT INTO claims (id, subject_id, predicate, object_text, object_id, source_file, source_line, confidence, claim_tier, extractor, extractor_version, last_verified) VALUES (10801, 10201, 'defines', 'c-0', NULL, 'pkg/mod170/file.go', 1, 1.0, 'structural', 'test', '1', '2026-01-01T00:00:00Z');
INSERT INTO symbols (id, repo, import_path, symbol_name, language, kind, visibility, display_name, scip_symbol) VALUES (10202, 'bench-repo', 'pkg/mod170/file.go', 'mod_sym_170_1', 'go', 'func', 'public', NULL, NULL);
INSERT INTO claims (id, subject_id, predicate, object_text, object_id, source_file, source_line, confidence, claim_tier, extractor, extractor_version, last_verified) VALUES (10802, 10202, 'defines', 'c-1', NULL, 'pkg/mod170/file.go', 2, 1.0, 'structural', 'test', '1', '2026-01-01T00:00:00Z');
INSERT INTO symbols (id, repo, import_path, symbol_name, language, kind, visibility, display_name, scip_symbol) VALUES (10203, 'bench-repo', 'pkg/mod170/file.go', 'mod_sym_170_2', 'go', 'func', 'public', NULL, NULL);
INSERT INTO claims (id, subject_id, predicate, object_text, object_id, source_file, source_line, confidence, claim_tier, extractor, extractor_version, last_verified) VALUES (10803, 10203, 'defines', 'c-2', NULL, 'pkg/mod170/file.go', 3, 1.0, 'structural', 'test', '1', '2026-01-01T00:00:00Z');
INSERT INTO symbols (id, repo, import_path, symbol_name, language, kind, visibility, display_name, scip_symbol) VALUES (10204, 'bench-repo', 'pkg/mod180/file.go', 'mod_sym_180_0', 'go', 'func', 'public', NULL, NULL);
INSERT INTO claims (id, subject_id, predicate, object_text, object_id, source_file, source_line, confidence, claim_tier, extractor, extractor_version, last_verified) VALUES (10804, 10204, 'defines', 'c-0', NULL, 'pkg/mod180/file.go', 1, 1.0, 'structural', 'test', '1', '2026-01-01T00:00:00Z');
INSERT INTO symbols (id, repo, import_path, symbol_name, language, kind, visibility, display_name, scip_symbol) VALUES (10205, 'bench-repo', 'pkg/mod180/file.go', 'mod_sym_180_1', 'go', 'func', 'public', NULL, NULL);
INSERT INTO claims (id, subject_id, predicate, object_text, object_id, source_file, source_line, confidence, claim_tier, extractor, extractor_version, last_verified) VALUES (10805, 10205, 'defines', 'c-1', NULL, 'pkg/mod180/file.go', 2, 1.0, 'structural', 'test', '1', '2026-01-01T00:00:00Z');
INSERT INTO symbols (id, repo, import_path, symbol_name, language, kind, visibility, display_name, scip_symbol) VALUES (10206, 'bench-repo', 'pkg/mod180/file.go', 'mod_sym_180_2', 'go', 'func', 'public', NULL, NULL);
INSERT INTO claims (id, subject_id, predicate, object_text, object_id, source_file, source_line, confidence, claim_tier, extractor, extractor_version, last_verified) VALUES (10806, 10206, 'defines', 'c-2', NULL, 'pkg/mod180/file.go', 3, 1.0, 'structural', 'test', '1', '2026-01-01T00:00:00Z');
INSERT INTO symbols (id, repo, import_path, symbol_name, language, kind, visibility, display_name, scip_symbol) VALUES (10207, 'bench-repo', 'pkg/mod190/file.go', 'mod_sym_190_0', 'go', 'func', 'public', NULL, NULL);
INSERT INTO claims (id, subject_id, predicate, object_text, object_id, source_file, source_line, confidence, claim_tier, extractor, extractor_version, last_verified) VALUES (10807, 10207, 'defines', 'c-0', NULL, 'pkg/mod190/file.go', 1, 1.0, 'structural', 'test', '1', '2026-01-01T00:00:00Z');
INSERT INTO symbols (id, repo, import_path, symbol_name, language, kind, visibility, display_name, scip_symbol) VALUES (10208, 'bench-repo', 'pkg/mod190/file.go', 'mod_sym_190_1', 'go', 'func', 'public', NULL, NULL);
INSERT INTO claims (id, subject_id, predicate, object_text, object_id, source_file, source_line, confidence, claim_tier, extractor, extractor_version, last_verified) VALUES (10808, 10208, 'defines', 'c-1', NULL, 'pkg/mod190/file.go', 2, 1.0, 'structural', 'test', '1', '2026-01-01T00:00:00Z');
INSERT INTO symbols (id, repo, import_path, symbol_name, language, kind, visibility, display_name, scip_symbol) VALUES (10209, 'bench-repo', 'pkg/mod190/file.go', 'mod_sym_190_2', 'go', 'func', 'public', NULL, NULL);
INSERT INTO claims (id, subject_id, predicate, object_text, object_id, source_file, source_line, confidence, claim_tier, extractor, extractor_version, last_verified) VALUES (10809, 10209, 'defines', 'c-2', NULL, 'pkg/mod190/file.go', 3, 1.0, 'structural', 'test', '1', '2026-01-01T00:00:00Z');
INSERT INTO symbols (id, repo, import_path, symbol_name, language, kind, visibility, display_name, scip_symbol) VALUES (10210, 'bench-repo', 'pkg/mod200/file.go', 'mod_sym_200_0', 'go', 'func', 'public', NULL, NULL);
INSERT INTO claims (id, subject_id, predicate, object_text, object_id, source_file, source_line, confidence, claim_tier, extractor, extractor_version, last_verified) VALUES (10810, 10210, 'defines', 'c-0', NULL, 'pkg/mod200/file.go', 1, 1.0, 'structural', 'test', '1', '2026-01-01T00:00:00Z');
INSERT INTO symbols (id, repo, import_path, symbol_name, language, kind, visibility, display_name, scip_symbol) VALUES (10211, 'bench-repo', 'pkg/mod200/file.go', 'mod_sym_200_1', 'go', 'func', 'public', NULL, NULL);
INSERT INTO claims (id, subject_id, predicate, object_text, object_id, source_file, source_line, confidence, claim_tier, extractor, extractor_version, last_verified) VALUES (10811, 10211, 'defines', 'c-1', NULL, 'pkg/mod200/file.go', 2, 1.0, 'structural', 'test', '1', '2026-01-01T00:00:00Z');
INSERT INTO symbols (id, repo, import_path, symbol_name, language, kind, visibility, display_name, scip_symbol) VALUES (10212, 'bench-repo', 'pkg/mod200/file.go', 'mod_sym_200_2', 'go', 'func', 'public', NULL, NULL);
INSERT INTO claims (id, subject_id, predicate, object_text, object_id, source_file, source_line, confidence, claim_tier, extractor, extractor_version, last_verified) VALUES (10812, 10212, 'defines', 'c-2', NULL, 'pkg/mod200/file.go', 3, 1.0, 'structural', 'test', '1', '2026-01-01T00:00:00Z');
INSERT INTO symbols (id, repo, import_path, symbol_name, language, kind, visibility, display_name, scip_symbol) VALUES (10213, 'bench-repo', 'pkg/mod210/file.go', 'mod_sym_210_0', 'go', 'func', 'public', NULL, NULL);
INSERT INTO claims (id, subject_id, predicate, object_text, object_id, source_file, source_line, confidence, claim_tier, extractor, extractor_version, last_verified) VALUES (10813, 10213, 'defines', 'c-0', NULL, 'pkg/mod210/file.go', 1, 1.0, 'structural', 'test', '1', '2026-01-01T00:00:00Z');
INSERT INTO symbols (id, repo, import_path, symbol_name, language, kind, visibility, display_name, scip_symbol) VALUES (10214, 'bench-repo', 'pkg/mod210/file.go', 'mod_sym_210_1', 'go', 'func', 'public', NULL, NULL);
INSERT INTO claims (id, subject_id, predicate, object_text, object_id, source_file, source_line, confidence, claim_tier, extractor, extractor_version, last_verified) VALUES (10814, 10214, 'defines', 'c-1', NULL, 'pkg/mod210/file.go', 2, 1.0, 'structural', 'test', '1', '2026-01-01T00:00:00Z');
INSERT INTO symbols (id, repo, import_path, symbol_name, language, kind, visibility, display_name, scip_symbol) VALUES (10215, 'bench-repo', 'pkg/mod210/file.go', 'mod_sym_210_2', 'go', 'func', 'public', NULL, NULL);
INSERT INTO claims (id, subject_id, predicate, object_text, object_id, source_file, source_line, confidence, claim_tier, extractor, extractor_version, last_verified) VALUES (10815, 10215, 'defines', 'c-2', NULL, 'pkg/mod210/file.go', 3, 1.0, 'structural', 'test', '1', '2026-01-01T00:00:00Z');
INSERT INTO symbols (id, repo, import_path, symbol_name, language, kind, visibility, display_name, scip_symbol) VALUES (10216, 'bench-repo', 'pkg/mod220/file.go', 'mod_sym_220_0', 'go', 'func', 'public', NULL, NULL);
INSERT INTO claims (id, subject_id, predicate, object_text, object_id, source_file, source_line, confidence, claim_tier, extractor, extractor_version, last_verified) VALUES (10816, 10216, 'defines', 'c-0', NULL, 'pkg/mod220/file.go', 1, 1.0, 'structural', 'test', '1', '2026-01-01T00:00:00Z');
INSERT INTO symbols (id, repo, import_path, symbol_name, language, kind, visibility, display_name, scip_symbol) VALUES (10217, 'bench-repo', 'pkg/mod220/file.go', 'mod_sym_220_1', 'go', 'func', 'public', NULL, NULL);
INSERT INTO claims (id, subject_id, predicate, object_text, object_id, source_file, source_line, confidence, claim_tier, extractor, extractor_version, last_verified) VALUES (10817, 10217, 'defines', 'c-1', NULL, 'pkg/mod220/file.go', 2, 1.0, 'structural', 'test', '1', '2026-01-01T00:00:00Z');
INSERT INTO symbols (id, repo, import_path, symbol_name, language, kind, visibility, display_name, scip_symbol) VALUES (10218, 'bench-repo', 'pkg/mod220/file.go', 'mod_sym_220_2', 'go', 'func', 'public', NULL, NULL);
INSERT INTO claims (id, subject_id, predicate, object_text, object_id, source_file, source_line, confidence, claim_tier, extractor, extractor_version, last_verified) VALUES (10818, 10218, 'defines', 'c-2', NULL, 'pkg/mod220/file.go', 3, 1.0, 'structural', 'test', '1', '2026-01-01T00:00:00Z');
INSERT INTO symbols (id, repo, import_path, symbol_name, language, kind, visibility, display_name, scip_symbol) VALUES (10219, 'bench-repo', 'pkg/mod230/file.go', 'mod_sym_230_0', 'go', 'func', 'public', NULL, NULL);
INSERT INTO claims (id, subject_id, predicate, object_text, object_id, source_file, source_line, confidence, claim_tier, extractor, extractor_version, last_verified) VALUES (10819, 10219, 'defines', 'c-0', NULL, 'pkg/mod230/file.go', 1, 1.0, 'structural', 'test', '1', '2026-01-01T00:00:00Z');
INSERT INTO symbols (id, repo, import_path, symbol_name, language, kind, visibility, display_name, scip_symbol) VALUES (10220, 'bench-repo', 'pkg/mod230/file.go', 'mod_sym_230_1', 'go', 'func', 'public', NULL, NULL);
INSERT INTO claims (id, subject_id, predicate, object_text, object_id, source_file, source_line, confidence, claim_tier, extractor, extractor_version, last_verified) VALUES (10820, 10220, 'defines', 'c-1', NULL, 'pkg/mod230/file.go', 2, 1.0, 'structural', 'test', '1', '2026-01-01T00:00:00Z');
INSERT INTO symbols (id, repo, import_path, symbol_name, language, kind, visibility, display_name, scip_symbol) VALUES (10221, 'bench-repo', 'pkg/mod230/file.go', 'mod_sym_230_2', 'go', 'func', 'public', NULL, NULL);
INSERT INTO claims (id, subject_id, predicate, object_text, object_id, source_file, source_line, confidence, claim_tier, extractor, extractor_version, last_verified) VALUES (10821, 10221, 'defines', 'c-2', NULL, 'pkg/mod230/file.go', 3, 1.0, 'structural', 'test', '1', '2026-01-01T00:00:00Z');
INSERT INTO symbols (id, repo, import_path, symbol_name, language, kind, visibility, display_name, scip_symbol) VALUES (10222, 'bench-repo', 'pkg/mod240/file.go', 'mod_sym_240_0', 'go', 'func', 'public', NULL, NULL);
INSERT INTO claims (id, subject_id, predicate, object_text, object_id, source_file, source_line, confidence, claim_tier, extractor, extractor_version, last_verified) VALUES (10822, 10222, 'defines', 'c-0', NULL, 'pkg/mod240/file.go', 1, 1.0, 'structural', 'test', '1', '2026-01-01T00:00:00Z');
INSERT INTO symbols (id, repo, import_path, symbol_name, language, kind, visibility, display_name, scip_symbol) VALUES (10223, 'bench-repo', 'pkg/mod240/file.go', 'mod_sym_240_1', 'go', 'func', 'public', NULL, NULL);
INSERT INTO claims (id, subject_id, predicate, object_text, object_id, source_file, source_line, confidence, claim_tier, extractor, extractor_version, last_verified) VALUES (10823, 10223, 'defines', 'c-1', NULL, 'pkg/mod240/file.go', 2, 1.0, 'structural', 'test', '1', '2026-01-01T00:00:00Z');
INSERT INTO symbols (id, repo, import_path, symbol_name, language, kind, visibility, display_name, scip_symbol) VALUES (10224, 'bench-repo', 'pkg/mod240/file.go', 'mod_sym_240_2', 'go', 'func', 'public', NULL, NULL);
INSERT INTO claims (id, subject_id, predicate, object_text, object_id, source_file, source_line, confidence, claim_tier, extractor, extractor_version, last_verified) VALUES (10824, 10224, 'defines', 'c-2', NULL, 'pkg/mod240/file.go', 3, 1.0, 'structural', 'test', '1', '2026-01-01T00:00:00Z');
INSERT INTO symbols (id, repo, import_path, symbol_name, language, kind, visibility, display_name, scip_symbol) VALUES (10225, 'bench-repo', 'pkg/mod250/file.go', 'mod_sym_250_0', 'go', 'func', 'public', NULL, NULL);
INSERT INTO claims (id, subject_id, predicate, object_text, object_id, source_file, source_line, confidence, claim_tier, extractor, extractor_version, last_verified) VALUES (10825, 10225, 'defines', 'c-0', NULL, 'pkg/mod250/file.go', 1, 1.0, 'structural', 'test', '1', '2026-01-01T00:00:00Z');
INSERT INTO symbols (id, repo, import_path, symbol_name, language, kind, visibility, display_name, scip_symbol) VALUES (10226, 'bench-repo', 'pkg/mod250/file.go', 'mod_sym_250_1', 'go', 'func', 'public', NULL, NULL);
INSERT INTO claims (id, subject_id, predicate, object_text, object_id, source_file, source_line, confidence, claim_tier, extractor, extractor_version, last_verified) VALUES (10826, 10226, 'defines', 'c-1', NULL, 'pkg/mod250/file.go', 2, 1.0, 'structural', 'test', '1', '2026-01-01T00:00:00Z');
INSERT INTO symbols (id, repo, import_path, symbol_name, language, kind, visibility, display_name, scip_symbol) VALUES (10227, 'bench-repo', 'pkg/mod250/file.go', 'mod_sym_250_2', 'go', 'func', 'public', NULL, NULL);
INSERT INTO claims (id, subject_id, predicate, object_text, object_id, source_file, source_line, confidence, claim_tier, extractor, extractor_version, last_verified) VALUES (10827, 10227, 'defines', 'c-2', NULL, 'pkg/mod250/file.go', 3, 1.0, 'structural', 'test', '1', '2026-01-01T00:00:00Z');
INSERT INTO symbols (id, repo, import_path, symbol_name, language, kind, visibility, display_name, scip_symbol) VALUES (10228, 'bench-repo', 'pkg/mod260/file.go', 'mod_sym_260_0', 'go', 'func', 'public', NULL, NULL);
INSERT INTO claims (id, subject_id, predicate, object_text, object_id, source_file, source_line, confidence, claim_tier, extractor, extractor_version, last_verified) VALUES (10828, 10228, 'defines', 'c-0', NULL, 'pkg/mod260/file.go', 1, 1.0, 'structural', 'test', '1', '2026-01-01T00:00:00Z');
INSERT INTO symbols (id, repo, import_path, symbol_name, language, kind, visibility, display_name, scip_symbol) VALUES (10229, 'bench-repo', 'pkg/mod260/file.go', 'mod_sym_260_1', 'go', 'func', 'public', NULL, NULL);
INSERT INTO claims (id, subject_id, predicate, object_text, object_id, source_file, source_line, confidence, claim_tier, extractor, extractor_version, last_verified) VALUES (10829, 10229, 'defines', 'c-1', NULL, 'pkg/mod260/file.go', 2, 1.0, 'structural', 'test', '1', '2026-01-01T00:00:00Z');
INSERT INTO symbols (id, repo, import_path, symbol_name, language, kind, visibility, display_name, scip_symbol) VALUES (10230, 'bench-repo', 'pkg/mod260/file.go', 'mod_sym_260_2', 'go', 'func', 'public', NULL, NULL);
INSERT INTO claims (id, subject_id, predicate, object_text, object_id, source_file, source_line, confidence, claim_tier, extractor, extractor_version, last_verified) VALUES (10830, 10230, 'defines', 'c-2', NULL, 'pkg/mod260/file.go', 3, 1.0, 'structural', 'test', '1', '2026-01-01T00:00:00Z');
INSERT INTO symbols (id, repo, import_path, symbol_name, language, kind, visibility, display_name, scip_symbol) VALUES (10231, 'bench-repo', 'pkg/mod270/file.go', 'mod_sym_270_0', 'go', 'func', 'public', NULL, NULL);
INSERT INTO claims (id, subject_id, predicate, object_text, object_id, source_file, source_line, confidence, claim_tier, extractor, extractor_version, last_verified) VALUES (10831, 10231, 'defines', 'c-0', NULL, 'pkg/mod270/file.go', 1, 1.0, 'structural', 'test', '1', '2026-01-01T00:00:00Z');
INSERT INTO symbols (id, repo, import_path, symbol_name, language, kind, visibility, display_name, scip_symbol) VALUES (10232, 'bench-repo', 'pkg/mod270/file.go', 'mod_sym_270_1', 'go', 'func', 'public', NULL, NULL);
INSERT INTO claims (id, subject_id, predicate, object_text, object_id, source_file, source_line, confidence, claim_tier, extractor, extractor_version, last_verified) VALUES (10832, 10232, 'defines', 'c-1', NULL, 'pkg/mod270/file.go', 2, 1.0, 'structural', 'test', '1', '2026-01-01T00:00:00Z');
INSERT INTO symbols (id, repo, import_path, symbol_name, language, kind, visibility, display_name, scip_symbol) VALUES (10233, 'bench-repo', 'pkg/mod270/file.go', 'mod_sym_270_2', 'go', 'func', 'public', NULL, NULL);
INSERT INTO claims (id, subject_id, predicate, object_text, object_id, source_file, source_line, confidence, claim_tier, extractor, extractor_version, last_verified) VALUES (10833, 10233, 'defines', 'c-2', NULL, 'pkg/mod270/file.go', 3, 1.0, 'structural', 'test', '1', '2026-01-01T00:00:00Z');
INSERT INTO symbols (id, repo, import_path, symbol_name, language, kind, visibility, display_name, scip_symbol) VALUES (10234, 'bench-repo', 'pkg/mod280/file.go', 'mod_sym_280_0', 'go', 'func', 'public', NULL, NULL);
INSERT INTO claims (id, subject_id, predicate, object_text, object_id, source_file, source_line, confidence, claim_tier, extractor, extractor_version, last_verified) VALUES (10834, 10234, 'defines', 'c-0', NULL, 'pkg/mod280/file.go', 1, 1.0, 'structural', 'test', '1', '2026-01-01T00:00:00Z');
INSERT INTO symbols (id, repo, import_path, symbol_name, language, kind, visibility, display_name, scip_symbol) VALUES (10235, 'bench-repo', 'pkg/mod280/file.go', 'mod_sym_280_1', 'go', 'func', 'public', NULL, NULL);
INSERT INTO claims (id, subject_id, predicate, object_text, object_id, source_file, source_line, confidence, claim_tier, extractor, extractor_version, last_verified) VALUES (10835, 10235, 'defines', 'c-1', NULL, 'pkg/mod280/file.go', 2, 1.0, 'structural', 'test', '1', '2026-01-01T00:00:00Z');
INSERT INTO symbols (id, repo, import_path, symbol_name, language, kind, visibility, display_name, scip_symbol) VALUES (10236, 'bench-repo', 'pkg/mod280/file.go', 'mod_sym_280_2', 'go', 'func', 'public', NULL, NULL);
INSERT INTO claims (id, subject_id, predicate, object_text, object_id, source_file, source_line, confidence, claim_tier, extractor, extractor_version, last_verified) VALUES (10836, 10236, 'defines', 'c-2', NULL, 'pkg/mod280/file.go', 3, 1.0, 'structural', 'test', '1', '2026-01-01T00:00:00Z');
INSERT INTO symbols (id, repo, import_path, symbol_name, language, kind, visibility, display_name, scip_symbol) VALUES (10237, 'bench-repo', 'pkg/mod290/file.go', 'mod_sym_290_0', 'go', 'func', 'public', NULL, NULL);
INSERT INTO claims (id, subject_id, predicate, object_text, object_id, source_file, source_line, confidence, claim_tier, extractor, extractor_version, last_verified) VALUES (10837, 10237, 'defines', 'c-0', NULL, 'pkg/mod290/file.go', 1, 1.0, 'structural', 'test', '1', '2026-01-01T00:00:00Z');
INSERT INTO symbols (id, repo, import_path, symbol_name, language, kind, visibility, display_name, scip_symbol) VALUES (10238, 'bench-repo', 'pkg/mod290/file.go', 'mod_sym_290_1', 'go', 'func', 'public', NULL, NULL);
INSERT INTO claims (id, subject_id, predicate, object_text, object_id, source_file, source_line, confidence, claim_tier, extractor, extractor_version, last_verified) VALUES (10838, 10238, 'defines', 'c-1', NULL, 'pkg/mod290/file.go', 2, 1.0, 'structural', 'test', '1', '2026-01-01T00:00:00Z');
INSERT INTO symbols (id, repo, import_path, symbol_name, language, kind, visibility, display_name, scip_symbol) VALUES (10239, 'bench-repo', 'pkg/mod290/file.go', 'mod_sym_290_2', 'go', 'func', 'public', NULL, NULL);
INSERT INTO claims (id, subject_id, predicate, object_text, object_id, source_file, source_line, confidence, claim_tier, extractor, extractor_version, last_verified) VALUES (10839, 10239, 'defines', 'c-2', NULL, 'pkg/mod290/file.go', 3, 1.0, 'structural', 'test', '1', '2026-01-01T00:00:00Z');
INSERT INTO symbols (id, repo, import_path, symbol_name, language, kind, visibility, display_name, scip_symbol) VALUES (10240, 'bench-repo', 'pkg/mod300/file.go', 'mod_sym_300_0', 'go', 'func', 'public', NULL, NULL);
INSERT INTO claims (id, subject_id, predicate, object_text, object_id, source_file, source_line, confidence, claim_tier, extractor, extractor_version, last_verified) VALUES (10840, 10240, 'defines', 'c-0', NULL, 'pkg/mod300/file.go', 1, 1.0, 'structural', 'test', '1', '2026-01-01T00:00:00Z');
INSERT INTO symbols (id, repo, import_path, symbol_name, language, kind, visibility, display_name, scip_symbol) VALUES (10241, 'bench-repo', 'pkg/mod300/file.go', 'mod_sym_300_1', 'go', 'func', 'public', NULL, NULL);
INSERT INTO claims (id, subject_id, predicate, object_text, object_id, source_file, source_line, confidence, claim_tier, extractor, extractor_version, last_verified) VALUES (10841, 10241, 'defines', 'c-1', NULL, 'pkg/mod300/file.go', 2, 1.0, 'structural', 'test', '1', '2026-01-01T00:00:00Z');
INSERT INTO symbols (id, repo, import_path, symbol_name, language, kind, visibility, display_name, scip_symbol) VALUES (10242, 'bench-repo', 'pkg/mod300/file.go', 'mod_sym_300_2', 'go', 'func', 'public', NULL, NULL);
INSERT INTO claims (id, subject_id, predicate, object_text, object_id, source_file, source_line, confidence, claim_tier, extractor, extractor_version, last_verified) VALUES (10842, 10242, 'defines', 'c-2', NULL, 'pkg/mod300/file.go', 3, 1.0, 'structural', 'test', '1', '2026-01-01T00:00:00Z');
INSERT INTO symbols (id, repo, import_path, symbol_name, language, kind, visibility, display_name, scip_symbol) VALUES (10243, 'bench-repo', 'pkg/mod310/file.go', 'mod_sym_310_0', 'go', 'func', 'public', NULL, NULL);
INSERT INTO claims (id, subject_id, predicate, object_text, object_id, source_file, source_line, confidence, claim_tier, extractor, extractor_version, last_verified) VALUES (10843, 10243, 'defines', 'c-0', NULL, 'pkg/mod310/file.go', 1, 1.0, 'structural', 'test', '1', '2026-01-01T00:00:00Z');
INSERT INTO symbols (id, repo, import_path, symbol_name, language, kind, visibility, display_name, scip_symbol) VALUES (10244, 'bench-repo', 'pkg/mod310/file.go', 'mod_sym_310_1', 'go', 'func', 'public', NULL, NULL);
INSERT INTO claims (id, subject_id, predicate, object_text, object_id, source_file, source_line, confidence, claim_tier, extractor, extractor_version, last_verified) VALUES (10844, 10244, 'defines', 'c-1', NULL, 'pkg/mod310/file.go', 2, 1.0, 'structural', 'test', '1', '2026-01-01T00:00:00Z');
INSERT INTO symbols (id, repo, import_path, symbol_name, language, kind, visibility, display_name, scip_symbol) VALUES (10245, 'bench-repo', 'pkg/mod310/file.go', 'mod_sym_310_2', 'go', 'func', 'public', NULL, NULL);
INSERT INTO claims (id, subject_id, predicate, object_text, object_id, source_file, source_line, confidence, claim_tier, extractor, extractor_version, last_verified) VALUES (10845, 10245, 'defines', 'c-2', NULL, 'pkg/mod310/file.go', 3, 1.0, 'structural', 'test', '1', '2026-01-01T00:00:00Z');
INSERT INTO symbols (id, repo, import_path, symbol_name, language, kind, visibility, display_name, scip_symbol) VALUES (10246, 'bench-repo', 'pkg/mod320/file.go', 'mod_sym_320_0', 'go', 'func', 'public', NULL, NULL);
INSERT INTO claims (id, subject_id, predicate, object_text, object_id, source_file, source_line, confidence, claim_tier, extractor, extractor_version, last_verified) VALUES (10846, 10246, 'defines', 'c-0', NULL, 'pkg/mod320/file.go', 1, 1.0, 'structural', 'test', '1', '2026-01-01T00:00:00Z');
INSERT INTO symbols (id, repo, import_path, symbol_name, language, kind, visibility, display_name, scip_symbol) VALUES (10247, 'bench-repo', 'pkg/mod320/file.go', 'mod_sym_320_1', 'go', 'func', 'public', NULL, NULL);
INSERT INTO claims (id, subject_id, predicate, object_text, object_id, source_file, source_line, confidence, claim_tier, extractor, extractor_version, last_verified) VALUES (10847, 10247, 'defines', 'c-1', NULL, 'pkg/mod320/file.go', 2, 1.0, 'structural', 'test', '1', '2026-01-01T00:00:00Z');
INSERT INTO symbols (id, repo, import_path, symbol_name, language, kind, visibility, display_name, scip_symbol) VALUES (10248, 'bench-repo', 'pkg/mod320/file.go', 'mod_sym_320_2', 'go', 'func', 'public', NULL, NULL);
INSERT INTO claims (id, subject_id, predicate, object_text, object_id, source_file, source_line, confidence, claim_tier, extractor, extractor_version, last_verified) VALUES (10848, 10248, 'defines', 'c-2', NULL, 'pkg/mod320/file.go', 3, 1.0, 'structural', 'test', '1', '2026-01-01T00:00:00Z');
INSERT INTO symbols (id, repo, import_path, symbol_name, language, kind, visibility, display_name, scip_symbol) VALUES (10249, 'bench-repo', 'pkg/mod330/file.go', 'mod_sym_330_0', 'go', 'func', 'public', NULL, NULL);
INSERT INTO claims (id, subject_id, predicate, object_text, object_id, source_file, source_line, confidence, claim_tier, extractor, extractor_version, last_verified) VALUES (10849, 10249, 'defines', 'c-0', NULL, 'pkg/mod330/file.go', 1, 1.0, 'structural', 'test', '1', '2026-01-01T00:00:00Z');
INSERT INTO symbols (id, repo, import_path, symbol_name, language, kind, visibility, display_name, scip_symbol) VALUES (10250, 'bench-repo', 'pkg/mod330/file.go', 'mod_sym_330_1', 'go', 'func', 'public', NULL, NULL);
INSERT INTO claims (id, subject_id, predicate, object_text, object_id, source_file, source_line, confidence, claim_tier, extractor, extractor_version, last_verified) VALUES (10850, 10250, 'defines', 'c-1', NULL, 'pkg/mod330/file.go', 2, 1.0, 'structural', 'test', '1', '2026-01-01T00:00:00Z');
INSERT INTO symbols (id, repo, import_path, symbol_name, language, kind, visibility, display_name, scip_symbol) VALUES (10251, 'bench-repo', 'pkg/mod330/file.go', 'mod_sym_330_2', 'go', 'func', 'public', NULL, NULL);
INSERT INTO claims (id, subject_id, predicate, object_text, object_id, source_file, source_line, confidence, claim_tier, extractor, extractor_version, last_verified) VALUES (10851, 10251, 'defines', 'c-2', NULL, 'pkg/mod330/file.go', 3, 1.0, 'structural', 'test', '1', '2026-01-01T00:00:00Z');
INSERT INTO symbols (id, repo, import_path, symbol_name, language, kind, visibility, display_name, scip_symbol) VALUES (10252, 'bench-repo', 'pkg/mod340/file.go', 'mod_sym_340_0', 'go', 'func', 'public', NULL, NULL);
INSERT INTO claims (id, subject_id, predicate, object_text, object_id, source_file, source_line, confidence, claim_tier, extractor, extractor_version, last_verified) VALUES (10852, 10252, 'defines', 'c-0', NULL, 'pkg/mod340/file.go', 1, 1.0, 'structural', 'test', '1', '2026-01-01T00:00:00Z');
INSERT INTO symbols (id, repo, import_path, symbol_name, language, kind, visibility, display_name, scip_symbol) VALUES (10253, 'bench-repo', 'pkg/mod340/file.go', 'mod_sym_340_1', 'go', 'func', 'public', NULL, NULL);
INSERT INTO claims (id, subject_id, predicate, object_text, object_id, source_file, source_line, confidence, claim_tier, extractor, extractor_version, last_verified) VALUES (10853, 10253, 'defines', 'c-1', NULL, 'pkg/mod340/file.go', 2, 1.0, 'structural', 'test', '1', '2026-01-01T00:00:00Z');
INSERT INTO symbols (id, repo, import_path, symbol_name, language, kind, visibility, display_name, scip_symbol) VALUES (10254, 'bench-repo', 'pkg/mod340/file.go', 'mod_sym_340_2', 'go', 'func', 'public', NULL, NULL);
INSERT INTO claims (id, subject_id, predicate, object_text, object_id, source_file, source_line, confidence, claim_tier, extractor, extractor_version, last_verified) VALUES (10854, 10254, 'defines', 'c-2', NULL, 'pkg/mod340/file.go', 3, 1.0, 'structural', 'test', '1', '2026-01-01T00:00:00Z');
INSERT INTO symbols (id, repo, import_path, symbol_name, language, kind, visibility, display_name, scip_symbol) VALUES (10255, 'bench-repo', 'pkg/mod350/file.go', 'mod_sym_350_0', 'go', 'func', 'public', NULL, NULL);
INSERT INTO claims (id, subject_id, predicate, object_text, object_id, source_file, source_line, confidence, claim_tier, extractor, extractor_version, last_verified) VALUES (10855, 10255, 'defines', 'c-0', NULL, 'pkg/mod350/file.go', 1, 1.0, 'structural', 'test', '1', '2026-01-01T00:00:00Z');
INSERT INTO symbols (id, repo, import_path, symbol_name, language, kind, visibility, display_name, scip_symbol) VALUES (10256, 'bench-repo', 'pkg/mod350/file.go', 'mod_sym_350_1', 'go', 'func', 'public', NULL, NULL);
INSERT INTO claims (id, subject_id, predicate, object_text, object_id, source_file, source_line, confidence, claim_tier, extractor, extractor_version, last_verified) VALUES (10856, 10256, 'defines', 'c-1', NULL, 'pkg/mod350/file.go', 2, 1.0, 'structural', 'test', '1', '2026-01-01T00:00:00Z');
INSERT INTO symbols (id, repo, import_path, symbol_name, language, kind, visibility, display_name, scip_symbol) VALUES (10257, 'bench-repo', 'pkg/mod350/file.go', 'mod_sym_350_2', 'go', 'func', 'public', NULL, NULL);
INSERT INTO claims (id, subject_id, predicate, object_text, object_id, source_file, source_line, confidence, claim_tier, extractor, extractor_version, last_verified) VALUES (10857, 10257, 'defines', 'c-2', NULL, 'pkg/mod350/file.go', 3, 1.0, 'structural', 'test', '1', '2026-01-01T00:00:00Z');
INSERT INTO symbols (id, repo, import_path, symbol_name, language, kind, visibility, display_name, scip_symbol) VALUES (10258, 'bench-repo', 'pkg/mod360/file.go', 'mod_sym_360_0', 'go', 'func', 'public', NULL, NULL);
INSERT INTO claims (id, subject_id, predicate, object_text, object_id, source_file, source_line, confidence, claim_tier, extractor, extractor_version, last_verified) VALUES (10858, 10258, 'defines', 'c-0', NULL, 'pkg/mod360/file.go', 1, 1.0, 'structural', 'test', '1', '2026-01-01T00:00:00Z');
INSERT INTO symbols (id, repo, import_path, symbol_name, language, kind, visibility, display_name, scip_symbol) VALUES (10259, 'bench-repo', 'pkg/mod360/file.go', 'mod_sym_360_1', 'go', 'func', 'public', NULL, NULL);
INSERT INTO claims (id, subject_id, predicate, object_text, object_id, source_file, source_line, confidence, claim_tier, extractor, extractor_version, last_verified) VALUES (10859, 10259, 'defines', 'c-1', NULL, 'pkg/mod360/file.go', 2, 1.0, 'structural', 'test', '1', '2026-01-01T00:00:00Z');
INSERT INTO symbols (id, repo, import_path, symbol_name, language, kind, visibility, display_name, scip_symbol) VALUES (10260, 'bench-repo', 'pkg/mod360/file.go', 'mod_sym_360_2', 'go', 'func', 'public', NULL, NULL);
INSERT INTO claims (id, subject_id, predicate, object_text, object_id, source_file, source_line, confidence, claim_tier, extractor, extractor_version, last_verified) VALUES (10860, 10260, 'defines', 'c-2', NULL, 'pkg/mod360/file.go', 3, 1.0, 'structural', 'test', '1', '2026-01-01T00:00:00Z');
INSERT INTO symbols (id, repo, import_path, symbol_name, language, kind, visibility, display_name, scip_symbol) VALUES (10261, 'bench-repo', 'pkg/mod370/file.go', 'mod_sym_370_0', 'go', 'func', 'public', NULL, NULL);
INSERT INTO claims (id, subject_id, predicate, object_text, object_id, source_file, source_line, confidence, claim_tier, extractor, extractor_version, last_verified) VALUES (10861, 10261, 'defines', 'c-0', NULL, 'pkg/mod370/file.go', 1, 1.0, 'structural', 'test', '1', '2026-01-01T00:00:00Z');
INSERT INTO symbols (id, repo, import_path, symbol_name, language, kind, visibility, display_name, scip_symbol) VALUES (10262, 'bench-repo', 'pkg/mod370/file.go', 'mod_sym_370_1', 'go', 'func', 'public', NULL, NULL);
INSERT INTO claims (id, subject_id, predicate, object_text, object_id, source_file, source_line, confidence, claim_tier, extractor, extractor_version, last_verified) VALUES (10862, 10262, 'defines', 'c-1', NULL, 'pkg/mod370/file.go', 2, 1.0, 'structural', 'test', '1', '2026-01-01T00:00:00Z');
INSERT INTO symbols (id, repo, import_path, symbol_name, language, kind, visibility, display_name, scip_symbol) VALUES (10263, 'bench-repo', 'pkg/mod370/file.go', 'mod_sym_370_2', 'go', 'func', 'public', NULL, NULL);
INSERT INTO claims (id, subject_id, predicate, object_text, object_id, source_file, source_line, confidence, claim_tier, extractor, extractor_version, last_verified) VALUES (10863, 10263, 'defines', 'c-2', NULL, 'pkg/mod370/file.go', 3, 1.0, 'structural', 'test', '1', '2026-01-01T00:00:00Z');
INSERT INTO symbols (id, repo, import_path, symbol_name, language, kind, visibility, display_name, scip_symbol) VALUES (10264, 'bench-repo', 'pkg/mod380/file.go', 'mod_sym_380_0', 'go', 'func', 'public', NULL, NULL);
INSERT INTO claims (id, subject_id, predicate, object_text, object_id, source_file, source_line, confidence, claim_tier, extractor, extractor_version, last_verified) VALUES (10864, 10264, 'defines', 'c-0', NULL, 'pkg/mod380/file.go', 1, 1.0, 'structural', 'test', '1', '2026-01-01T00:00:00Z');
INSERT INTO symbols (id, repo, import_path, symbol_name, language, kind, visibility, display_name, scip_symbol) VALUES (10265, 'bench-repo', 'pkg/mod380/file.go', 'mod_sym_380_1', 'go', 'func', 'public', NULL, NULL);
INSERT INTO claims (id, subject_id, predicate, object_text, object_id, source_file, source_line, confidence, claim_tier, extractor, extractor_version, last_verified) VALUES (10865, 10265, 'defines', 'c-1', NULL, 'pkg/mod380/file.go', 2, 1.0, 'structural', 'test', '1', '2026-01-01T00:00:00Z');
INSERT INTO symbols (id, repo, import_path, symbol_name, language, kind, visibility, display_name, scip_symbol) VALUES (10266, 'bench-repo', 'pkg/mod380/file.go', 'mod_sym_380_2', 'go', 'func', 'public', NULL, NULL);
INSERT INTO claims (id, subject_id, predicate, object_text, object_id, source_file, source_line, confidence, claim_tier, extractor, extractor_version, last_verified) VALUES (10866, 10266, 'defines', 'c-2', NULL, 'pkg/mod380/file.go', 3, 1.0, 'structural', 'test', '1', '2026-01-01T00:00:00Z');
INSERT INTO symbols (id, repo, import_path, symbol_name, language, kind, visibility, display_name, scip_symbol) VALUES (10267, 'bench-repo', 'pkg/mod390/file.go', 'mod_sym_390_0', 'go', 'func', 'public', NULL, NULL);
INSERT INTO claims (id, subject_id, predicate, object_text, object_id, source_file, source_line, confidence, claim_tier, extractor, extractor_version, last_verified) VALUES (10867, 10267, 'defines', 'c-0', NULL, 'pkg/mod390/file.go', 1, 1.0, 'structural', 'test', '1', '2026-01-01T00:00:00Z');
INSERT INTO symbols (id, repo, import_path, symbol_name, language, kind, visibility, display_name, scip_symbol) VALUES (10268, 'bench-repo', 'pkg/mod390/file.go', 'mod_sym_390_1', 'go', 'func', 'public', NULL, NULL);
INSERT INTO claims (id, subject_id, predicate, object_text, object_id, source_file, source_line, confidence, claim_tier, extractor, extractor_version, last_verified) VALUES (10868, 10268, 'defines', 'c-1', NULL, 'pkg/mod390/file.go', 2, 1.0, 'structural', 'test', '1', '2026-01-01T00:00:00Z');
INSERT INTO symbols (id, repo, import_path, symbol_name, language, kind, visibility, display_name, scip_symbol) VALUES (10269, 'bench-repo', 'pkg/mod390/file.go', 'mod_sym_390_2', 'go', 'func', 'public', NULL, NULL);
INSERT INTO claims (id, subject_id, predicate, object_text, object_id, source_file, source_line, confidence, claim_tier, extractor, extractor_version, last_verified) VALUES (10869, 10269, 'defines', 'c-2', NULL, 'pkg/mod390/file.go', 3, 1.0, 'structural', 'test', '1', '2026-01-01T00:00:00Z');
INSERT INTO symbols (id, repo, import_path, symbol_name, language, kind, visibility, display_name, scip_symbol) VALUES (10270, 'bench-repo', 'pkg/mod400/file.go', 'mod_sym_400_0', 'go', 'func', 'public', NULL, NULL);
INSERT INTO claims (id, subject_id, predicate, object_text, object_id, source_file, source_line, confidence, claim_tier, extractor, extractor_version, last_verified) VALUES (10870, 10270, 'defines', 'c-0', NULL, 'pkg/mod400/file.go', 1, 1.0, 'structural', 'test', '1', '2026-01-01T00:00:00Z');
INSERT INTO symbols (id, repo, import_path, symbol_name, language, kind, visibility, display_name, scip_symbol) VALUES (10271, 'bench-repo', 'pkg/mod400/file.go', 'mod_sym_400_1', 'go', 'func', 'public', NULL, NULL);
INSERT INTO claims (id, subject_id, predicate, object_text, object_id, source_file, source_line, confidence, claim_tier, extractor, extractor_version, last_verified) VALUES (10871, 10271, 'defines', 'c-1', NULL, 'pkg/mod400/file.go', 2, 1.0, 'structural', 'test', '1', '2026-01-01T00:00:00Z');
INSERT INTO symbols (id, repo, import_path, symbol_name, language, kind, visibility, display_name, scip_symbol) VALUES (10272, 'bench-repo', 'pkg/mod400/file.go', 'mod_sym_400_2', 'go', 'func', 'public', NULL, NULL);
INSERT INTO claims (id, subject_id, predicate, object_text, object_id, source_file, source_line, confidence, claim_tier, extractor, extractor_version, last_verified) VALUES (10872, 10272, 'defines', 'c-2', NULL, 'pkg/mod400/file.go', 3, 1.0, 'structural', 'test', '1', '2026-01-01T00:00:00Z');
INSERT INTO symbols (id, repo, import_path, symbol_name, language, kind, visibility, display_name, scip_symbol) VALUES (10273, 'bench-repo', 'pkg/mod410/file.go', 'mod_sym_410_0', 'go', 'func', 'public', NULL, NULL);
INSERT INTO claims (id, subject_id, predicate, object_text, object_id, source_file, source_line, confidence, claim_tier, extractor, extractor_version, last_verified) VALUES (10873, 10273, 'defines', 'c-0', NULL, 'pkg/mod410/file.go', 1, 1.0, 'structural', 'test', '1', '2026-01-01T00:00:00Z');
INSERT INTO symbols (id, repo, import_path, symbol_name, language, kind, visibility, display_name, scip_symbol) VALUES (10274, 'bench-repo', 'pkg/mod410/file.go', 'mod_sym_410_1', 'go', 'func', 'public', NULL, NULL);
INSERT INTO claims (id, subject_id, predicate, object_text, object_id, source_file, source_line, confidence, claim_tier, extractor, extractor_version, last_verified) VALUES (10874, 10274, 'defines', 'c-1', NULL, 'pkg/mod410/file.go', 2, 1.0, 'structural', 'test', '1', '2026-01-01T00:00:00Z');
INSERT INTO symbols (id, repo, import_path, symbol_name, language, kind, visibility, display_name, scip_symbol) VALUES (10275, 'bench-repo', 'pkg/mod410/file.go', 'mod_sym_410_2', 'go', 'func', 'public', NULL, NULL);
INSERT INTO claims (id, subject_id, predicate, object_text, object_id, source_file, source_line, confidence, claim_tier, extractor, extractor_version, last_verified) VALUES (10875, 10275, 'defines', 'c-2', NULL, 'pkg/mod410/file.go', 3, 1.0, 'structural', 'test', '1', '2026-01-01T00:00:00Z');
INSERT INTO symbols (id, repo, import_path, symbol_name, language, kind, visibility, display_name, scip_symbol) VALUES (10276, 'bench-repo', 'pkg/mod420/file.go', 'mod_sym_420_0', 'go', 'func', 'public', NULL, NULL);
INSERT INTO claims (id, subject_id, predicate, object_text, object_id, source_file, source_line, confidence, claim_tier, extractor, extractor_version, last_verified) VALUES (10876, 10276, 'defines', 'c-0', NULL, 'pkg/mod420/file.go', 1, 1.0, 'structural', 'test', '1', '2026-01-01T00:00:00Z');
INSERT INTO symbols (id, repo, import_path, symbol_name, language, kind, visibility, display_name, scip_symbol) VALUES (10277, 'bench-repo', 'pkg/mod420/file.go', 'mod_sym_420_1', 'go', 'func', 'public', NULL, NULL);
INSERT INTO claims (id, subject_id, predicate, object_text, object_id, source_file, source_line, confidence, claim_tier, extractor, extractor_version, last_verified) VALUES (10877, 10277, 'defines', 'c-1', NULL, 'pkg/mod420/file.go', 2, 1.0, 'structural', 'test', '1', '2026-01-01T00:00:00Z');
INSERT INTO symbols (id, repo, import_path, symbol_name, language, kind, visibility, display_name, scip_symbol) VALUES (10278, 'bench-repo', 'pkg/mod420/file.go', 'mod_sym_420_2', 'go', 'func', 'public', NULL, NULL);
INSERT INTO claims (id, subject_id, predicate, object_text, object_id, source_file, source_line, confidence, claim_tier, extractor, extractor_version, last_verified) VALUES (10878, 10278, 'defines', 'c-2', NULL, 'pkg/mod420/file.go', 3, 1.0, 'structural', 'test', '1', '2026-01-01T00:00:00Z');
INSERT INTO symbols (id, repo, import_path, symbol_name, language, kind, visibility, display_name, scip_symbol) VALUES (10279, 'bench-repo', 'pkg/mod430/file.go', 'mod_sym_430_0', 'go', 'func', 'public', NULL, NULL);
INSERT INTO claims (id, subject_id, predicate, object_text, object_id, source_file, source_line, confidence, claim_tier, extractor, extractor_version, last_verified) VALUES (10879, 10279, 'defines', 'c-0', NULL, 'pkg/mod430/file.go', 1, 1.0, 'structural', 'test', '1', '2026-01-01T00:00:00Z');
INSERT INTO symbols (id, repo, import_path, symbol_name, language, kind, visibility, display_name, scip_symbol) VALUES (10280, 'bench-repo', 'pkg/mod430/file.go', 'mod_sym_430_1', 'go', 'func', 'public', NULL, NULL);
INSERT INTO claims (id, subject_id, predicate, object_text, object_id, source_file, source_line, confidence, claim_tier, extractor, extractor_version, last_verified) VALUES (10880, 10280, 'defines', 'c-1', NULL, 'pkg/mod430/file.go', 2, 1.0, 'structural', 'test', '1', '2026-01-01T00:00:00Z');
INSERT INTO symbols (id, repo, import_path, symbol_name, language, kind, visibility, display_name, scip_symbol) VALUES (10281, 'bench-repo', 'pkg/mod430/file.go', 'mod_sym_430_2', 'go', 'func', 'public', NULL, NULL);
INSERT INTO claims (id, subject_id, predicate, object_text, object_id, source_file, source_line, confidence, claim_tier, extractor, extractor_version, last_verified) VALUES (10881, 10281, 'defines', 'c-2', NULL, 'pkg/mod430/file.go', 3, 1.0, 'structural', 'test', '1', '2026-01-01T00:00:00Z');
INSERT INTO symbols (id, repo, import_path, symbol_name, language, kind, visibility, display_name, scip_symbol) VALUES (10282, 'bench-repo', 'pkg/mod440/file.go', 'mod_sym_440_0', 'go', 'func', 'public', NULL, NULL);
INSERT INTO claims (id, subject_id, predicate, object_text, object_id, source_file, source_line, confidence, claim_tier, extractor, extractor_version, last_verified) VALUES (10882, 10282, 'defines', 'c-0', NULL, 'pkg/mod440/file.go', 1, 1.0, 'structural', 'test', '1', '2026-01-01T00:00:00Z');
INSERT INTO symbols (id, repo, import_path, symbol_name, language, kind, visibility, display_name, scip_symbol) VALUES (10283, 'bench-repo', 'pkg/mod440/file.go', 'mod_sym_440_1', 'go', 'func', 'public', NULL, NULL);
INSERT INTO claims (id, subject_id, predicate, object_text, object_id, source_file, source_line, confidence, claim_tier, extractor, extractor_version, last_verified) VALUES (10883, 10283, 'defines', 'c-1', NULL, 'pkg/mod440/file.go', 2, 1.0, 'structural', 'test', '1', '2026-01-01T00:00:00Z');
INSERT INTO symbols (id, repo, import_path, symbol_name, language, kind, visibility, display_name, scip_symbol) VALUES (10284, 'bench-repo', 'pkg/mod440/file.go', 'mod_sym_440_2', 'go', 'func', 'public', NULL, NULL);
INSERT INTO claims (id, subject_id, predicate, object_text, object_id, source_file, source_line, confidence, claim_tier, extractor, extractor_version, last_verified) VALUES (10884, 10284, 'defines', 'c-2', NULL, 'pkg/mod440/file.go', 3, 1.0, 'structural', 'test', '1', '2026-01-01T00:00:00Z');
INSERT INTO symbols (id, repo, import_path, symbol_name, language, kind, visibility, display_name, scip_symbol) VALUES (10285, 'bench-repo', 'pkg/mod450/file.go', 'mod_sym_450_0', 'go', 'func', 'public', NULL, NULL);
INSERT INTO claims (id, subject_id, predicate, object_text, object_id, source_file, source_line, confidence, claim_tier, extractor, extractor_version, last_verified) VALUES (10885, 10285, 'defines', 'c-0', NULL, 'pkg/mod450/file.go', 1, 1.0, 'structural', 'test', '1', '2026-01-01T00:00:00Z');
INSERT INTO symbols (id, repo, import_path, symbol_name, language, kind, visibility, display_name, scip_symbol) VALUES (10286, 'bench-repo', 'pkg/mod450/file.go', 'mod_sym_450_1', 'go', 'func', 'public', NULL, NULL);
INSERT INTO claims (id, subject_id, predicate, object_text, object_id, source_file, source_line, confidence, claim_tier, extractor, extractor_version, last_verified) VALUES (10886, 10286, 'defines', 'c-1', NULL, 'pkg/mod450/file.go', 2, 1.0, 'structural', 'test', '1', '2026-01-01T00:00:00Z');
INSERT INTO symbols (id, repo, import_path, symbol_name, language, kind, visibility, display_name, scip_symbol) VALUES (10287, 'bench-repo', 'pkg/mod450/file.go', 'mod_sym_450_2', 'go', 'func', 'public', NULL, NULL);
INSERT INTO claims (id, subject_id, predicate, object_text, object_id, source_file, source_line, confidence, claim_tier, extractor, extractor_version, last_verified) VALUES (10887, 10287, 'defines', 'c-2', NULL, 'pkg/mod450/file.go', 3, 1.0, 'structural', 'test', '1', '2026-01-01T00:00:00Z');
INSERT INTO symbols (id, repo, import_path, symbol_name, language, kind, visibility, display_name, scip_symbol) VALUES (10288, 'bench-repo', 'pkg/mod460/file.go', 'mod_sym_460_0', 'go', 'func', 'public', NULL, NULL);
INSERT INTO claims (id, subject_id, predicate, object_text, object_id, source_file, source_line, confidence, claim_tier, extractor, extractor_version, last_verified) VALUES (10888, 10288, 'defines', 'c-0', NULL, 'pkg/mod460/file.go', 1, 1.0, 'structural', 'test', '1', '2026-01-01T00:00:00Z');
INSERT INTO symbols (id, repo, import_path, symbol_name, language, kind, visibility, display_name, scip_symbol) VALUES (10289, 'bench-repo', 'pkg/mod460/file.go', 'mod_sym_460_1', 'go', 'func', 'public', NULL, NULL);
INSERT INTO claims (id, subject_id, predicate, object_text, object_id, source_file, source_line, confidence, claim_tier, extractor, extractor_version, last_verified) VALUES (10889, 10289, 'defines', 'c-1', NULL, 'pkg/mod460/file.go', 2, 1.0, 'structural', 'test', '1', '2026-01-01T00:00:00Z');
INSERT INTO symbols (id, repo, import_path, symbol_name, language, kind, visibility, display_name, scip_symbol) VALUES (10290, 'bench-repo', 'pkg/mod460/file.go', 'mod_sym_460_2', 'go', 'func', 'public', NULL, NULL);
INSERT INTO claims (id, subject_id, predicate, object_text, object_id, source_file, source_line, confidence, claim_tier, extractor, extractor_version, last_verified) VALUES (10890, 10290, 'defines', 'c-2', NULL, 'pkg/mod460/file.go', 3, 1.0, 'structural', 'test', '1', '2026-01-01T00:00:00Z');
INSERT INTO symbols (id, repo, import_path, symbol_name, language, kind, visibility, display_name, scip_symbol) VALUES (10291, 'bench-repo', 'pkg/mod470/file.go', 'mod_sym_470_0', 'go', 'func', 'public', NULL, NULL);
INSERT INTO claims (id, subject_id, predicate, object_text, object_id, source_file, source_line, confidence, claim_tier, extractor, extractor_version, last_verified) VALUES (10891, 10291, 'defines', 'c-0', NULL, 'pkg/mod470/file.go', 1, 1.0, 'structural', 'test', '1', '2026-01-01T00:00:00Z');
INSERT INTO symbols (id, repo, import_path, symbol_name, language, kind, visibility, display_name, scip_symbol) VALUES (10292, 'bench-repo', 'pkg/mod470/file.go', 'mod_sym_470_1', 'go', 'func', 'public', NULL, NULL);
INSERT INTO claims (id, subject_id, predicate, object_text, object_id, source_file, source_line, confidence, claim_tier, extractor, extractor_version, last_verified) VALUES (10892, 10292, 'defines', 'c-1', NULL, 'pkg/mod470/file.go', 2, 1.0, 'structural', 'test', '1', '2026-01-01T00:00:00Z');
INSERT INTO symbols (id, repo, import_path, symbol_name, language, kind, visibility, display_name, scip_symbol) VALUES (10293, 'bench-repo', 'pkg/mod470/file.go', 'mod_sym_470_2', 'go', 'func', 'public', NULL, NULL);
INSERT INTO claims (id, subject_id, predicate, object_text, object_id, source_file, source_line, confidence, claim_tier, extractor, extractor_version, last_verified) VALUES (10893, 10293, 'defines', 'c-2', NULL, 'pkg/mod470/file.go', 3, 1.0, 'structural', 'test', '1', '2026-01-01T00:00:00Z');
INSERT INTO symbols (id, repo, import_path, symbol_name, language, kind, visibility, display_name, scip_symbol) VALUES (10294, 'bench-repo', 'pkg/mod480/file.go', 'mod_sym_480_0', 'go', 'func', 'public', NULL, NULL);
INSERT INTO claims (id, subject_id, predicate, object_text, object_id, source_file, source_line, confidence, claim_tier, extractor, extractor_version, last_verified) VALUES (10894, 10294, 'defines', 'c-0', NULL, 'pkg/mod480/file.go', 1, 1.0, 'structural', 'test', '1', '2026-01-01T00:00:00Z');
INSERT INTO symbols (id, repo, import_path, symbol_name, language, kind, visibility, display_name, scip_symbol) VALUES (10295, 'bench-repo', 'pkg/mod480/file.go', 'mod_sym_480_1', 'go', 'func', 'public', NULL, NULL);
INSERT INTO claims (id, subject_id, predicate, object_text, object_id, source_file, source_line, confidence, claim_tier, extractor, extractor_version, last_verified) VALUES (10895, 10295, 'defines', 'c-1', NULL, 'pkg/mod480/file.go', 2, 1.0, 'structural', 'test', '1', '2026-01-01T00:00:00Z');
INSERT INTO symbols (id, repo, import_path, symbol_name, language, kind, visibility, display_name, scip_symbol) VALUES (10296, 'bench-repo', 'pkg/mod480/file.go', 'mod_sym_480_2', 'go', 'func', 'public', NULL, NULL);
INSERT INTO claims (id, subject_id, predicate, object_text, object_id, source_file, source_line, confidence, claim_tier, extractor, extractor_version, last_verified) VALUES (10896, 10296, 'defines', 'c-2', NULL, 'pkg/mod480/file.go', 3, 1.0, 'structural', 'test', '1', '2026-01-01T00:00:00Z');
INSERT INTO symbols (id, repo, import_path, symbol_name, language, kind, visibility, display_name, scip_symbol) VALUES (10297, 'bench-repo', 'pkg/mod490/file.go', 'mod_sym_490_0', 'go', 'func', 'public', NULL, NULL);
INSERT INTO claims (id, subject_id, predicate, object_text, object_id, source_file, source_line, confidence, claim_tier, extractor, extractor_version, last_verified) VALUES (10897, 10297, 'defines', 'c-0', NULL, 'pkg/mod490/file.go', 1, 1.0, 'structural', 'test', '1', '2026-01-01T00:00:00Z');
INSERT INTO symbols (id, repo, import_path, symbol_name, language, kind, visibility, display_name, scip_symbol) VALUES (10298, 'bench-repo', 'pkg/mod490/file.go', 'mod_sym_490_1', 'go', 'func', 'public', NULL, NULL);
INSERT INTO claims (id, subject_id, predicate, object_text, object_id, source_file, source_line, confidence, claim_tier, extractor, extractor_version, last_verified) VALUES (10898, 10298, 'defines', 'c-1', NULL, 'pkg/mod490/file.go', 2, 1.0, 'structural', 'test', '1', '2026-01-01T00:00:00Z');
INSERT INTO symbols (id, repo, import_path, symbol_name, language, kind, visibility, display_name, scip_symbol) VALUES (10299, 'bench-repo', 'pkg/mod490/file.go', 'mod_sym_490_2', 'go', 'func', 'public', NULL, NULL);
INSERT INTO claims (id, subject_id, predicate, object_text, object_id, source_file, source_line, confidence, claim_tier, extractor, extractor_version, last_verified) VALUES (10899, 10299, 'defines', 'c-2', NULL, 'pkg/mod490/file.go', 3, 1.0, 'structural', 'test', '1', '2026-01-01T00:00:00Z');
INSERT INTO symbols (id, repo, import_path, symbol_name, language, kind, visibility, display_name, scip_symbol) VALUES (10300, 'bench-repo', 'pkg/mod500/file.go', 'mod_sym_500_0', 'go', 'func', 'public', NULL, NULL);
INSERT INTO claims (id, subject_id, predicate, object_text, object_id, source_file, source_line, confidence, claim_tier, extractor, extractor_version, last_verified) VALUES (10900, 10300, 'defines', 'c-0', NULL, 'pkg/mod500/file.go', 1, 1.0, 'structural', 'test', '1', '2026-01-01T00:00:00Z');
INSERT INTO symbols (id, repo, import_path, symbol_name, language, kind, visibility, display_name, scip_symbol) VALUES (10301, 'bench-repo', 'pkg/mod500/file.go', 'mod_sym_500_1', 'go', 'func', 'public', NULL, NULL);
INSERT INTO claims (id, subject_id, predicate, object_text, object_id, source_file, source_line, confidence, claim_tier, extractor, extractor_version, last_verified) VALUES (10901, 10301, 'defines', 'c-1', NULL, 'pkg/mod500/file.go', 2, 1.0, 'structural', 'test', '1', '2026-01-01T00:00:00Z');
INSERT INTO symbols (id, repo, import_path, symbol_name, language, kind, visibility, display_name, scip_symbol) VALUES (10302, 'bench-repo', 'pkg/mod500/file.go', 'mod_sym_500_2', 'go', 'func', 'public', NULL, NULL);
INSERT INTO claims (id, subject_id, predicate, object_text, object_id, source_file, source_line, confidence, claim_tier, extractor, extractor_version, last_verified) VALUES (10902, 10302, 'defines', 'c-2', NULL, 'pkg/mod500/file.go', 3, 1.0, 'structural', 'test', '1', '2026-01-01T00:00:00Z');
INSERT INTO symbols (id, repo, import_path, symbol_name, language, kind, visibility, display_name, scip_symbol) VALUES (10303, 'bench-repo', 'pkg/mod510/file.go', 'mod_sym_510_0', 'go', 'func', 'public', NULL, NULL);
INSERT INTO claims (id, subject_id, predicate, object_text, object_id, source_file, source_line, confidence, claim_tier, extractor, extractor_version, last_verified) VALUES (10903, 10303, 'defines', 'c-0', NULL, 'pkg/mod510/file.go', 1, 1.0, 'structural', 'test', '1', '2026-01-01T00:00:00Z');
INSERT INTO symbols (id, repo, import_path, symbol_name, language, kind, visibility, display_name, scip_symbol) VALUES (10304, 'bench-repo', 'pkg/mod510/file.go', 'mod_sym_510_1', 'go', 'func', 'public', NULL, NULL);
INSERT INTO claims (id, subject_id, predicate, object_text, object_id, source_file, source_line, confidence, claim_tier, extractor, extractor_version, last_verified) VALUES (10904, 10304, 'defines', 'c-1', NULL, 'pkg/mod510/file.go', 2, 1.0, 'structural', 'test', '1', '2026-01-01T00:00:00Z');
INSERT INTO symbols (id, repo, import_path, symbol_name, language, kind, visibility, display_name, scip_symbol) VALUES (10305, 'bench-repo', 'pkg/mod510/file.go', 'mod_sym_510_2', 'go', 'func', 'public', NULL, NULL);
INSERT INTO claims (id, subject_id, predicate, object_text, object_id, source_file, source_line, confidence, claim_tier, extractor, extractor_version, last_verified) VALUES (10905, 10305, 'defines', 'c-2', NULL, 'pkg/mod510/file.go', 3, 1.0, 'structural', 'test', '1', '2026-01-01T00:00:00Z');
INSERT INTO symbols (id, repo, import_path, symbol_name, language, kind, visibility, display_name, scip_symbol) VALUES (10306, 'bench-repo', 'pkg/mod520/file.go', 'mod_sym_520_0', 'go', 'func', 'public', NULL, NULL);
INSERT INTO claims (id, subject_id, predicate, object_text, object_id, source_file, source_line, confidence, claim_tier, extractor, extractor_version, last_verified) VALUES (10906, 10306, 'defines', 'c-0', NULL, 'pkg/mod520/file.go', 1, 1.0, 'structural', 'test', '1', '2026-01-01T00:00:00Z');
INSERT INTO symbols (id, repo, import_path, symbol_name, language, kind, visibility, display_name, scip_symbol) VALUES (10307, 'bench-repo', 'pkg/mod520/file.go', 'mod_sym_520_1', 'go', 'func', 'public', NULL, NULL);
INSERT INTO claims (id, subject_id, predicate, object_text, object_id, source_file, source_line, confidence, claim_tier, extractor, extractor_version, last_verified) VALUES (10907, 10307, 'defines', 'c-1', NULL, 'pkg/mod520/file.go', 2, 1.0, 'structural', 'test', '1', '2026-01-01T00:00:00Z');
INSERT INTO symbols (id, repo, import_path, symbol_name, language, kind, visibility, display_name, scip_symbol) VALUES (10308, 'bench-repo', 'pkg/mod520/file.go', 'mod_sym_520_2', 'go', 'func', 'public', NULL, NULL);
INSERT INTO claims (id, subject_id, predicate, object_text, object_id, source_file, source_line, confidence, claim_tier, extractor, extractor_version, last_verified) VALUES (10908, 10308, 'defines', 'c-2', NULL, 'pkg/mod520/file.go', 3, 1.0, 'structural', 'test', '1', '2026-01-01T00:00:00Z');
INSERT INTO symbols (id, repo, import_path, symbol_name, language, kind, visibility, display_name, scip_symbol) VALUES (10309, 'bench-repo', 'pkg/mod530/file.go', 'mod_sym_530_0', 'go', 'func', 'public', NULL, NULL);
INSERT INTO claims (id, subject_id, predicate, object_text, object_id, source_file, source_line, confidence, claim_tier, extractor, extractor_version, last_verified) VALUES (10909, 10309, 'defines', 'c-0', NULL, 'pkg/mod530/file.go', 1, 1.0, 'structural', 'test', '1', '2026-01-01T00:00:00Z');
INSERT INTO symbols (id, repo, import_path, symbol_name, language, kind, visibility, display_name, scip_symbol) VALUES (10310, 'bench-repo', 'pkg/mod530/file.go', 'mod_sym_530_1', 'go', 'func', 'public', NULL, NULL);
INSERT INTO claims (id, subject_id, predicate, object_text, object_id, source_file, source_line, confidence, claim_tier, extractor, extractor_version, last_verified) VALUES (10910, 10310, 'defines', 'c-1', NULL, 'pkg/mod530/file.go', 2, 1.0, 'structural', 'test', '1', '2026-01-01T00:00:00Z');
INSERT INTO symbols (id, repo, import_path, symbol_name, language, kind, visibility, display_name, scip_symbol) VALUES (10311, 'bench-repo', 'pkg/mod530/file.go', 'mod_sym_530_2', 'go', 'func', 'public', NULL, NULL);
INSERT INTO claims (id, subject_id, predicate, object_text, object_id, source_file, source_line, confidence, claim_tier, extractor, extractor_version, last_verified) VALUES (10911, 10311, 'defines', 'c-2', NULL, 'pkg/mod530/file.go', 3, 1.0, 'structural', 'test', '1', '2026-01-01T00:00:00Z');
INSERT INTO symbols (id, repo, import_path, symbol_name, language, kind, visibility, display_name, scip_symbol) VALUES (10312, 'bench-repo', 'pkg/mod540/file.go', 'mod_sym_540_0', 'go', 'func', 'public', NULL, NULL);
INSERT INTO claims (id, subject_id, predicate, object_text, object_id, source_file, source_line, confidence, claim_tier, extractor, extractor_version, last_verified) VALUES (10912, 10312, 'defines', 'c-0', NULL, 'pkg/mod540/file.go', 1, 1.0, 'structural', 'test', '1', '2026-01-01T00:00:00Z');
INSERT INTO symbols (id, repo, import_path, symbol_name, language, kind, visibility, display_name, scip_symbol) VALUES (10313, 'bench-repo', 'pkg/mod540/file.go', 'mod_sym_540_1', 'go', 'func', 'public', NULL, NULL);
INSERT INTO claims (id, subject_id, predicate, object_text, object_id, source_file, source_line, confidence, claim_tier, extractor, extractor_version, last_verified) VALUES (10913, 10313, 'defines', 'c-1', NULL, 'pkg/mod540/file.go', 2, 1.0, 'structural', 'test', '1', '2026-01-01T00:00:00Z');
INSERT INTO symbols (id, repo, import_path, symbol_name, language, kind, visibility, display_name, scip_symbol) VALUES (10314, 'bench-repo', 'pkg/mod540/file.go', 'mod_sym_540_2', 'go', 'func', 'public', NULL, NULL);
INSERT INTO claims (id, subject_id, predicate, object_text, object_id, source_file, source_line, confidence, claim_tier, extractor, extractor_version, last_verified) VALUES (10914, 10314, 'defines', 'c-2', NULL, 'pkg/mod540/file.go', 3, 1.0, 'structural', 'test', '1', '2026-01-01T00:00:00Z');
INSERT INTO symbols (id, repo, import_path, symbol_name, language, kind, visibility, display_name, scip_symbol) VALUES (10315, 'bench-repo', 'pkg/mod550/file.go', 'mod_sym_550_0', 'go', 'func', 'public', NULL, NULL);
INSERT INTO claims (id, subject_id, predicate, object_text, object_id, source_file, source_line, confidence, claim_tier, extractor, extractor_version, last_verified) VALUES (10915, 10315, 'defines', 'c-0', NULL, 'pkg/mod550/file.go', 1, 1.0, 'structural', 'test', '1', '2026-01-01T00:00:00Z');
INSERT INTO symbols (id, repo, import_path, symbol_name, language, kind, visibility, display_name, scip_symbol) VALUES (10316, 'bench-repo', 'pkg/mod550/file.go', 'mod_sym_550_1', 'go', 'func', 'public', NULL, NULL);
INSERT INTO claims (id, subject_id, predicate, object_text, object_id, source_file, source_line, confidence, claim_tier, extractor, extractor_version, last_verified) VALUES (10916, 10316, 'defines', 'c-1', NULL, 'pkg/mod550/file.go', 2, 1.0, 'structural', 'test', '1', '2026-01-01T00:00:00Z');
INSERT INTO symbols (id, repo, import_path, symbol_name, language, kind, visibility, display_name, scip_symbol) VALUES (10317, 'bench-repo', 'pkg/mod550/file.go', 'mod_sym_550_2', 'go', 'func', 'public', NULL, NULL);
INSERT INTO claims (id, subject_id, predicate, object_text, object_id, source_file, source_line, confidence, claim_tier, extractor, extractor_version, last_verified) VALUES (10917, 10317, 'defines', 'c-2', NULL, 'pkg/mod550/file.go', 3, 1.0, 'structural', 'test', '1', '2026-01-01T00:00:00Z');
INSERT INTO symbols (id, repo, import_path, symbol_name, language, kind, visibility, display_name, scip_symbol) VALUES (10318, 'bench-repo', 'pkg/mod560/file.go', 'mod_sym_560_0', 'go', 'func', 'public', NULL, NULL);
INSERT INTO claims (id, subject_id, predicate, object_text, object_id, source_file, source_line, confidence, claim_tier, extractor, extractor_version, last_verified) VALUES (10918, 10318, 'defines', 'c-0', NULL, 'pkg/mod560/file.go', 1, 1.0, 'structural', 'test', '1', '2026-01-01T00:00:00Z');
INSERT INTO symbols (id, repo, import_path, symbol_name, language, kind, visibility, display_name, scip_symbol) VALUES (10319, 'bench-repo', 'pkg/mod560/file.go', 'mod_sym_560_1', 'go', 'func', 'public', NULL, NULL);
INSERT INTO claims (id, subject_id, predicate, object_text, object_id, source_file, source_line, confidence, claim_tier, extractor, extractor_version, last_verified) VALUES (10919, 10319, 'defines', 'c-1', NULL, 'pkg/mod560/file.go', 2, 1.0, 'structural', 'test', '1', '2026-01-01T00:00:00Z');
INSERT INTO symbols (id, repo, import_path, symbol_name, language, kind, visibility, display_name, scip_symbol) VALUES (10320, 'bench-repo', 'pkg/mod560/file.go', 'mod_sym_560_2', 'go', 'func', 'public', NULL, NULL);
INSERT INTO claims (id, subject_id, predicate, object_text, object_id, source_file, source_line, confidence, claim_tier, extractor, extractor_version, last_verified) VALUES (10920, 10320, 'defines', 'c-2', NULL, 'pkg/mod560/file.go', 3, 1.0, 'structural', 'test', '1', '2026-01-01T00:00:00Z');
INSERT INTO symbols (id, repo, import_path, symbol_name, language, kind, visibility, display_name, scip_symbol) VALUES (10321, 'bench-repo', 'pkg/mod570/file.go', 'mod_sym_570_0', 'go', 'func', 'public', NULL, NULL);
INSERT INTO claims (id, subject_id, predicate, object_text, object_id, source_file, source_line, confidence, claim_tier, extractor, extractor_version, last_verified) VALUES (10921, 10321, 'defines', 'c-0', NULL, 'pkg/mod570/file.go', 1, 1.0, 'structural', 'test', '1', '2026-01-01T00:00:00Z');
INSERT INTO symbols (id, repo, import_path, symbol_name, language, kind, visibility, display_name, scip_symbol) VALUES (10322, 'bench-repo', 'pkg/mod570/file.go', 'mod_sym_570_1', 'go', 'func', 'public', NULL, NULL);
INSERT INTO claims (id, subject_id, predicate, object_text, object_id, source_file, source_line, confidence, claim_tier, extractor, extractor_version, last_verified) VALUES (10922, 10322, 'defines', 'c-1', NULL, 'pkg/mod570/file.go', 2, 1.0, 'structural', 'test', '1', '2026-01-01T00:00:00Z');
INSERT INTO symbols (id, repo, import_path, symbol_name, language, kind, visibility, display_name, scip_symbol) VALUES (10323, 'bench-repo', 'pkg/mod570/file.go', 'mod_sym_570_2', 'go', 'func', 'public', NULL, NULL);
INSERT INTO claims (id, subject_id, predicate, object_text, object_id, source_file, source_line, confidence, claim_tier, extractor, extractor_version, last_verified) VALUES (10923, 10323, 'defines', 'c-2', NULL, 'pkg/mod570/file.go', 3, 1.0, 'structural', 'test', '1', '2026-01-01T00:00:00Z');
INSERT INTO symbols (id, repo, import_path, symbol_name, language, kind, visibility, display_name, scip_symbol) VALUES (10324, 'bench-repo', 'pkg/mod580/file.go', 'mod_sym_580_0', 'go', 'func', 'public', NULL, NULL);
INSERT INTO claims (id, subject_id, predicate, object_text, object_id, source_file, source_line, confidence, claim_tier, extractor, extractor_version, last_verified) VALUES (10924, 10324, 'defines', 'c-0', NULL, 'pkg/mod580/file.go', 1, 1.0, 'structural', 'test', '1', '2026-01-01T00:00:00Z');
INSERT INTO symbols (id, repo, import_path, symbol_name, language, kind, visibility, display_name, scip_symbol) VALUES (10325, 'bench-repo', 'pkg/mod580/file.go', 'mod_sym_580_1', 'go', 'func', 'public', NULL, NULL);
INSERT INTO claims (id, subject_id, predicate, object_text, object_id, source_file, source_line, confidence, claim_tier, extractor, extractor_version, last_verified) VALUES (10925, 10325, 'defines', 'c-1', NULL, 'pkg/mod580/file.go', 2, 1.0, 'structural', 'test', '1', '2026-01-01T00:00:00Z');
INSERT INTO symbols (id, repo, import_path, symbol_name, language, kind, visibility, display_name, scip_symbol) VALUES (10326, 'bench-repo', 'pkg/mod580/file.go', 'mod_sym_580_2', 'go', 'func', 'public', NULL, NULL);
INSERT INTO claims (id, subject_id, predicate, object_text, object_id, source_file, source_line, confidence, claim_tier, extractor, extractor_version, last_verified) VALUES (10926, 10326, 'defines', 'c-2', NULL, 'pkg/mod580/file.go', 3, 1.0, 'structural', 'test', '1', '2026-01-01T00:00:00Z');
INSERT INTO symbols (id, repo, import_path, symbol_name, language, kind, visibility, display_name, scip_symbol) VALUES (10327, 'bench-repo', 'pkg/mod590/file.go', 'mod_sym_590_0', 'go', 'func', 'public', NULL, NULL);
INSERT INTO claims (id, subject_id, predicate, object_text, object_id, source_file, source_line, confidence, claim_tier, extractor, extractor_version, last_verified) VALUES (10927, 10327, 'defines', 'c-0', NULL, 'pkg/mod590/file.go', 1, 1.0, 'structural', 'test', '1', '2026-01-01T00:00:00Z');
INSERT INTO symbols (id, repo, import_path, symbol_name, language, kind, visibility, display_name, scip_symbol) VALUES (10328, 'bench-repo', 'pkg/mod590/file.go', 'mod_sym_590_1', 'go', 'func', 'public', NULL, NULL);
INSERT INTO claims (id, subject_id, predicate, object_text, object_id, source_file, source_line, confidence, claim_tier, extractor, extractor_version, last_verified) VALUES (10928, 10328, 'defines', 'c-1', NULL, 'pkg/mod590/file.go', 2, 1.0, 'structural', 'test', '1', '2026-01-01T00:00:00Z');
INSERT INTO symbols (id, repo, import_path, symbol_name, language, kind, visibility, display_name, scip_symbol) VALUES (10329, 'bench-repo', 'pkg/mod590/file.go', 'mod_sym_590_2', 'go', 'func', 'public', NULL, NULL);
INSERT INTO claims (id, subject_id, predicate, object_text, object_id, source_file, source_line, confidence, claim_tier, extractor, extractor_version, last_verified) VALUES (10929, 10329, 'defines', 'c-2', NULL, 'pkg/mod590/file.go', 3, 1.0, 'structural', 'test', '1', '2026-01-01T00:00:00Z');
INSERT INTO symbols (id, repo, import_path, symbol_name, language, kind, visibility, display_name, scip_symbol) VALUES (10330, 'bench-repo', 'pkg/mod600/file.go', 'mod_sym_600_0', 'go', 'func', 'public', NULL, NULL);
INSERT INTO claims (id, subject_id, predicate, object_text, object_id, source_file, source_line, confidence, claim_tier, extractor, extractor_version, last_verified) VALUES (10930, 10330, 'defines', 'c-0', NULL, 'pkg/mod600/file.go', 1, 1.0, 'structural', 'test', '1', '2026-01-01T00:00:00Z');
INSERT INTO symbols (id, repo, import_path, symbol_name, language, kind, visibility, display_name, scip_symbol) VALUES (10331, 'bench-repo', 'pkg/mod600/file.go', 'mod_sym_600_1', 'go', 'func', 'public', NULL, NULL);
INSERT INTO claims (id, subject_id, predicate, object_text, object_id, source_file, source_line, confidence, claim_tier, extractor, extractor_version, last_verified) VALUES (10931, 10331, 'defines', 'c-1', NULL, 'pkg/mod600/file.go', 2, 1.0, 'structural', 'test', '1', '2026-01-01T00:00:00Z');
INSERT INTO symbols (id, repo, import_path, symbol_name, language, kind, visibility, display_name, scip_symbol) VALUES (10332, 'bench-repo', 'pkg/mod600/file.go', 'mod_sym_600_2', 'go', 'func', 'public', NULL, NULL);
INSERT INTO claims (id, subject_id, predicate, object_text, object_id, source_file, source_line, confidence, claim_tier, extractor, extractor_version, last_verified) VALUES (10932, 10332, 'defines', 'c-2', NULL, 'pkg/mod600/file.go', 3, 1.0, 'structural', 'test', '1', '2026-01-01T00:00:00Z');
INSERT INTO symbols (id, repo, import_path, symbol_name, language, kind, visibility, display_name, scip_symbol) VALUES (10333, 'bench-repo', 'pkg/mod610/file.go', 'mod_sym_610_0', 'go', 'func', 'public', NULL, NULL);
INSERT INTO claims (id, subject_id, predicate, object_text, object_id, source_file, source_line, confidence, claim_tier, extractor, extractor_version, last_verified) VALUES (10933, 10333, 'defines', 'c-0', NULL, 'pkg/mod610/file.go', 1, 1.0, 'structural', 'test', '1', '2026-01-01T00:00:00Z');
INSERT INTO symbols (id, repo, import_path, symbol_name, language, kind, visibility, display_name, scip_symbol) VALUES (10334, 'bench-repo', 'pkg/mod610/file.go', 'mod_sym_610_1', 'go', 'func', 'public', NULL, NULL);
INSERT INTO claims (id, subject_id, predicate, object_text, object_id, source_file, source_line, confidence, claim_tier, extractor, extractor_version, last_verified) VALUES (10934, 10334, 'defines', 'c-1', NULL, 'pkg/mod610/file.go', 2, 1.0, 'structural', 'test', '1', '2026-01-01T00:00:00Z');
INSERT INTO symbols (id, repo, import_path, symbol_name, language, kind, visibility, display_name, scip_symbol) VALUES (10335, 'bench-repo', 'pkg/mod610/file.go', 'mod_sym_610_2', 'go', 'func', 'public', NULL, NULL);
INSERT INTO claims (id, subject_id, predicate, object_text, object_id, source_file, source_line, confidence, claim_tier, extractor, extractor_version, last_verified) VALUES (10935, 10335, 'defines', 'c-2', NULL, 'pkg/mod610/file.go', 3, 1.0, 'structural', 'test', '1', '2026-01-01T00:00:00Z');
INSERT INTO symbols (id, repo, import_path, symbol_name, language, kind, visibility, display_name, scip_symbol) VALUES (10336, 'bench-repo', 'pkg/mod620/file.go', 'mod_sym_620_0', 'go', 'func', 'public', NULL, NULL);
INSERT INTO claims (id, subject_id, predicate, object_text, object_id, source_file, source_line, confidence, claim_tier, extractor, extractor_version, last_verified) VALUES (10936, 10336, 'defines', 'c-0', NULL, 'pkg/mod620/file.go', 1, 1.0, 'structural', 'test', '1', '2026-01-01T00:00:00Z');
INSERT INTO symbols (id, repo, import_path, symbol_name, language, kind, visibility, display_name, scip_symbol) VALUES (10337, 'bench-repo', 'pkg/mod620/file.go', 'mod_sym_620_1', 'go', 'func', 'public', NULL, NULL);
INSERT INTO claims (id, subject_id, predicate, object_text, object_id, source_file, source_line, confidence, claim_tier, extractor, extractor_version, last_verified) VALUES (10937, 10337, 'defines', 'c-1', NULL, 'pkg/mod620/file.go', 2, 1.0, 'structural', 'test', '1', '2026-01-01T00:00:00Z');
INSERT INTO symbols (id, repo, import_path, symbol_name, language, kind, visibility, display_name, scip_symbol) VALUES (10338, 'bench-repo', 'pkg/mod620/file.go', 'mod_sym_620_2', 'go', 'func', 'public', NULL, NULL);
INSERT INTO claims (id, subject_id, predicate, object_text, object_id, source_file, source_line, confidence, claim_tier, extractor, extractor_version, last_verified) VALUES (10938, 10338, 'defines', 'c-2', NULL, 'pkg/mod620/file.go', 3, 1.0, 'structural', 'test', '1', '2026-01-01T00:00:00Z');
INSERT INTO symbols (id, repo, import_path, symbol_name, language, kind, visibility, display_name, scip_symbol) VALUES (10339, 'bench-repo', 'pkg/mod630/file.go', 'mod_sym_630_0', 'go', 'func', 'public', NULL, NULL);
INSERT INTO claims (id, subject_id, predicate, object_text, object_id, source_file, source_line, confidence, claim_tier, extractor, extractor_version, last_verified) VALUES (10939, 10339, 'defines', 'c-0', NULL, 'pkg/mod630/file.go', 1, 1.0, 'structural', 'test', '1', '2026-01-01T00:00:00Z');
INSERT INTO symbols (id, repo, import_path, symbol_name, language, kind, visibility, display_name, scip_symbol) VALUES (10340, 'bench-repo', 'pkg/mod630/file.go', 'mod_sym_630_1', 'go', 'func', 'public', NULL, NULL);
INSERT INTO claims (id, subject_id, predicate, object_text, object_id, source_file, source_line, confidence, claim_tier, extractor, extractor_version, last_verified) VALUES (10940, 10340, 'defines', 'c-1', NULL, 'pkg/mod630/file.go', 2, 1.0, 'structural', 'test', '1', '2026-01-01T00:00:00Z');
INSERT INTO symbols (id, repo, import_path, symbol_name, language, kind, visibility, display_name, scip_symbol) VALUES (10341, 'bench-repo', 'pkg/mod630/file.go', 'mod_sym_630_2', 'go', 'func', 'public', NULL, NULL);
INSERT INTO claims (id, subject_id, predicate, object_text, object_id, source_file, source_line, confidence, claim_tier, extractor, extractor_version, last_verified) VALUES (10941, 10341, 'defines', 'c-2', NULL, 'pkg/mod630/file.go', 3, 1.0, 'structural', 'test', '1', '2026-01-01T00:00:00Z');
INSERT INTO symbols (id, repo, import_path, symbol_name, language, kind, visibility, display_name, scip_symbol) VALUES (10342, 'bench-repo', 'pkg/mod640/file.go', 'mod_sym_640_0', 'go', 'func', 'public', NULL, NULL);
INSERT INTO claims (id, subject_id, predicate, object_text, object_id, source_file, source_line, confidence, claim_tier, extractor, extractor_version, last_verified) VALUES (10942, 10342, 'defines', 'c-0', NULL, 'pkg/mod640/file.go', 1, 1.0, 'structural', 'test', '1', '2026-01-01T00:00:00Z');
INSERT INTO symbols (id, repo, import_path, symbol_name, language, kind, visibility, display_name, scip_symbol) VALUES (10343, 'bench-repo', 'pkg/mod640/file.go', 'mod_sym_640_1', 'go', 'func', 'public', NULL, NULL);
INSERT INTO claims (id, subject_id, predicate, object_text, object_id, source_file, source_line, confidence, claim_tier, extractor, extractor_version, last_verified) VALUES (10943, 10343, 'defines', 'c-1', NULL, 'pkg/mod640/file.go', 2, 1.0, 'structural', 'test', '1', '2026-01-01T00:00:00Z');
INSERT INTO symbols (id, repo, import_path, symbol_name, language, kind, visibility, display_name, scip_symbol) VALUES (10344, 'bench-repo', 'pkg/mod640/file.go', 'mod_sym_640_2', 'go', 'func', 'public', NULL, NULL);
INSERT INTO claims (id, subject_id, predicate, object_text, object_id, source_file, source_line, confidence, claim_tier, extractor, extractor_version, last_verified) VALUES (10944, 10344, 'defines', 'c-2', NULL, 'pkg/mod640/file.go', 3, 1.0, 'structural', 'test', '1', '2026-01-01T00:00:00Z');
INSERT INTO symbols (id, repo, import_path, symbol_name, language, kind, visibility, display_name, scip_symbol) VALUES (10345, 'bench-repo', 'pkg/mod650/file.go', 'mod_sym_650_0', 'go', 'func', 'public', NULL, NULL);
INSERT INTO claims (id, subject_id, predicate, object_text, object_id, source_file, source_line, confidence, claim_tier, extractor, extractor_version, last_verified) VALUES (10945, 10345, 'defines', 'c-0', NULL, 'pkg/mod650/file.go', 1, 1.0, 'structural', 'test', '1', '2026-01-01T00:00:00Z');
INSERT INTO symbols (id, repo, import_path, symbol_name, language, kind, visibility, display_name, scip_symbol) VALUES (10346, 'bench-repo', 'pkg/mod650/file.go', 'mod_sym_650_1', 'go', 'func', 'public', NULL, NULL);
INSERT INTO claims (id, subject_id, predicate, object_text, object_id, source_file, source_line, confidence, claim_tier, extractor, extractor_version, last_verified) VALUES (10946, 10346, 'defines', 'c-1', NULL, 'pkg/mod650/file.go', 2, 1.0, 'structural', 'test', '1', '2026-01-01T00:00:00Z');
INSERT INTO symbols (id, repo, import_path, symbol_name, language, kind, visibility, display_name, scip_symbol) VALUES (10347, 'bench-repo', 'pkg/mod650/file.go', 'mod_sym_650_2', 'go', 'func', 'public', NULL, NULL);
INSERT INTO claims (id, subject_id, predicate, object_text, object_id, source_file, source_line, confidence, claim_tier, extractor, extractor_version, last_verified) VALUES (10947, 10347, 'defines', 'c-2', NULL, 'pkg/mod650/file.go', 3, 1.0, 'structural', 'test', '1', '2026-01-01T00:00:00Z');
INSERT INTO symbols (id, repo, import_path, symbol_name, language, kind, visibility, display_name, scip_symbol) VALUES (10348, 'bench-repo', 'pkg/mod660/file.go', 'mod_sym_660_0', 'go', 'func', 'public', NULL, NULL);
INSERT INTO claims (id, subject_id, predicate, object_text, object_id, source_file, source_line, confidence, claim_tier, extractor, extractor_version, last_verified) VALUES (10948, 10348, 'defines', 'c-0', NULL, 'pkg/mod660/file.go', 1, 1.0, 'structural', 'test', '1', '2026-01-01T00:00:00Z');
INSERT INTO symbols (id, repo, import_path, symbol_name, language, kind, visibility, display_name, scip_symbol) VALUES (10349, 'bench-repo', 'pkg/mod660/file.go', 'mod_sym_660_1', 'go', 'func', 'public', NULL, NULL);
INSERT INTO claims (id, subject_id, predicate, object_text, object_id, source_file, source_line, confidence, claim_tier, extractor, extractor_version, last_verified) VALUES (10949, 10349, 'defines', 'c-1', NULL, 'pkg/mod660/file.go', 2, 1.0, 'structural', 'test', '1', '2026-01-01T00:00:00Z');
INSERT INTO symbols (id, repo, import_path, symbol_name, language, kind, visibility, display_name, scip_symbol) VALUES (10350, 'bench-repo', 'pkg/mod660/file.go', 'mod_sym_660_2', 'go', 'func', 'public', NULL, NULL);
INSERT INTO claims (id, subject_id, predicate, object_text, object_id, source_file, source_line, confidence, claim_tier, extractor, extractor_version, last_verified) VALUES (10950, 10350, 'defines', 'c-2', NULL, 'pkg/mod660/file.go', 3, 1.0, 'structural', 'test', '1', '2026-01-01T00:00:00Z');
INSERT INTO symbols (id, repo, import_path, symbol_name, language, kind, visibility, display_name, scip_symbol) VALUES (10351, 'bench-repo', 'pkg/mod670/file.go', 'mod_sym_670_0', 'go', 'func', 'public', NULL, NULL);
INSERT INTO claims (id, subject_id, predicate, object_text, object_id, source_file, source_line, confidence, claim_tier, extractor, extractor_version, last_verified) VALUES (10951, 10351, 'defines', 'c-0', NULL, 'pkg/mod670/file.go', 1, 1.0, 'structural', 'test', '1', '2026-01-01T00:00:00Z');
INSERT INTO symbols (id, repo, import_path, symbol_name, language, kind, visibility, display_name, scip_symbol) VALUES (10352, 'bench-repo', 'pkg/mod670/file.go', 'mod_sym_670_1', 'go', 'func', 'public', NULL, NULL);
INSERT INTO claims (id, subject_id, predicate, object_text, object_id, source_file, source_line, confidence, claim_tier, extractor, extractor_version, last_verified) VALUES (10952, 10352, 'defines', 'c-1', NULL, 'pkg/mod670/file.go', 2, 1.0, 'structural', 'test', '1', '2026-01-01T00:00:00Z');
INSERT INTO symbols (id, repo, import_path, symbol_name, language, kind, visibility, display_name, scip_symbol) VALUES (10353, 'bench-repo', 'pkg/mod670/file.go', 'mod_sym_670_2', 'go', 'func', 'public', NULL, NULL);
INSERT INTO claims (id, subject_id, predicate, object_text, object_id, source_file, source_line, confidence, claim_tier, extractor, extractor_version, last_verified) VALUES (10953, 10353, 'defines', 'c-2', NULL, 'pkg/mod670/file.go', 3, 1.0, 'structural', 'test', '1', '2026-01-01T00:00:00Z');
INSERT INTO symbols (id, repo, import_path, symbol_name, language, kind, visibility, display_name, scip_symbol) VALUES (10354, 'bench-repo', 'pkg/mod680/file.go', 'mod_sym_680_0', 'go', 'func', 'public', NULL, NULL);
INSERT INTO claims (id, subject_id, predicate, object_text, object_id, source_file, source_line, confidence, claim_tier, extractor, extractor_version, last_verified) VALUES (10954, 10354, 'defines', 'c-0', NULL, 'pkg/mod680/file.go', 1, 1.0, 'structural', 'test', '1', '2026-01-01T00:00:00Z');
INSERT INTO symbols (id, repo, import_path, symbol_name, language, kind, visibility, display_name, scip_symbol) VALUES (10355, 'bench-repo', 'pkg/mod680/file.go', 'mod_sym_680_1', 'go', 'func', 'public', NULL, NULL);
INSERT INTO claims (id, subject_id, predicate, object_text, object_id, source_file, source_line, confidence, claim_tier, extractor, extractor_version, last_verified) VALUES (10955, 10355, 'defines', 'c-1', NULL, 'pkg/mod680/file.go', 2, 1.0, 'structural', 'test', '1', '2026-01-01T00:00:00Z');
INSERT INTO symbols (id, repo, import_path, symbol_name, language, kind, visibility, display_name, scip_symbol) VALUES (10356, 'bench-repo', 'pkg/mod680/file.go', 'mod_sym_680_2', 'go', 'func', 'public', NULL, NULL);
INSERT INTO claims (id, subject_id, predicate, object_text, object_id, source_file, source_line, confidence, claim_tier, extractor, extractor_version, last_verified) VALUES (10956, 10356, 'defines', 'c-2', NULL, 'pkg/mod680/file.go', 3, 1.0, 'structural', 'test', '1', '2026-01-01T00:00:00Z');
INSERT INTO symbols (id, repo, import_path, symbol_name, language, kind, visibility, display_name, scip_symbol) VALUES (10357, 'bench-repo', 'pkg/mod690/file.go', 'mod_sym_690_0', 'go', 'func', 'public', NULL, NULL);
INSERT INTO claims (id, subject_id, predicate, object_text, object_id, source_file, source_line, confidence, claim_tier, extractor, extractor_version, last_verified) VALUES (10957, 10357, 'defines', 'c-0', NULL, 'pkg/mod690/file.go', 1, 1.0, 'structural', 'test', '1', '2026-01-01T00:00:00Z');
INSERT INTO symbols (id, repo, import_path, symbol_name, language, kind, visibility, display_name, scip_symbol) VALUES (10358, 'bench-repo', 'pkg/mod690/file.go', 'mod_sym_690_1', 'go', 'func', 'public', NULL, NULL);
INSERT INTO claims (id, subject_id, predicate, object_text, object_id, source_file, source_line, confidence, claim_tier, extractor, extractor_version, last_verified) VALUES (10958, 10358, 'defines', 'c-1', NULL, 'pkg/mod690/file.go', 2, 1.0, 'structural', 'test', '1', '2026-01-01T00:00:00Z');
INSERT INTO symbols (id, repo, import_path, symbol_name, language, kind, visibility, display_name, scip_symbol) VALUES (10359, 'bench-repo', 'pkg/mod690/file.go', 'mod_sym_690_2', 'go', 'func', 'public', NULL, NULL);
INSERT INTO claims (id, subject_id, predicate, object_text, object_id, source_file, source_line, confidence, claim_tier, extractor, extractor_version, last_verified) VALUES (10959, 10359, 'defines', 'c-2', NULL, 'pkg/mod690/file.go', 3, 1.0, 'structural', 'test', '1', '2026-01-01T00:00:00Z');
INSERT INTO symbols (id, repo, import_path, symbol_name, language, kind, visibility, display_name, scip_symbol) VALUES (10360, 'bench-repo', 'pkg/mod700/file.go', 'mod_sym_700_0', 'go', 'func', 'public', NULL, NULL);
INSERT INTO claims (id, subject_id, predicate, object_text, object_id, source_file, source_line, confidence, claim_tier, extractor, extractor_version, last_verified) VALUES (10960, 10360, 'defines', 'c-0', NULL, 'pkg/mod700/file.go', 1, 1.0, 'structural', 'test', '1', '2026-01-01T00:00:00Z');
INSERT INTO symbols (id, repo, import_path, symbol_name, language, kind, visibility, display_name, scip_symbol) VALUES (10361, 'bench-repo', 'pkg/mod700/file.go', 'mod_sym_700_1', 'go', 'func', 'public', NULL, NULL);
INSERT INTO claims (id, subject_id, predicate, object_text, object_id, source_file, source_line, confidence, claim_tier, extractor, extractor_version, last_verified) VALUES (10961, 10361, 'defines', 'c-1', NULL, 'pkg/mod700/file.go', 2, 1.0, 'structural', 'test', '1', '2026-01-01T00:00:00Z');
INSERT INTO symbols (id, repo, import_path, symbol_name, language, kind, visibility, display_name, scip_symbol) VALUES (10362, 'bench-repo', 'pkg/mod700/file.go', 'mod_sym_700_2', 'go', 'func', 'public', NULL, NULL);
INSERT INTO claims (id, subject_id, predicate, object_text, object_id, source_file, source_line, confidence, claim_tier, extractor, extractor_version, last_verified) VALUES (10962, 10362, 'defines', 'c-2', NULL, 'pkg/mod700/file.go', 3, 1.0, 'structural', 'test', '1', '2026-01-01T00:00:00Z');
INSERT INTO symbols (id, repo, import_path, symbol_name, language, kind, visibility, display_name, scip_symbol) VALUES (10363, 'bench-repo', 'pkg/mod710/file.go', 'mod_sym_710_0', 'go', 'func', 'public', NULL, NULL);
INSERT INTO claims (id, subject_id, predicate, object_text, object_id, source_file, source_line, confidence, claim_tier, extractor, extractor_version, last_verified) VALUES (10963, 10363, 'defines', 'c-0', NULL, 'pkg/mod710/file.go', 1, 1.0, 'structural', 'test', '1', '2026-01-01T00:00:00Z');
INSERT INTO symbols (id, repo, import_path, symbol_name, language, kind, visibility, display_name, scip_symbol) VALUES (10364, 'bench-repo', 'pkg/mod710/file.go', 'mod_sym_710_1', 'go', 'func', 'public', NULL, NULL);
INSERT INTO claims (id, subject_id, predicate, object_text, object_id, source_file, source_line, confidence, claim_tier, extractor, extractor_version, last_verified) VALUES (10964, 10364, 'defines', 'c-1', NULL, 'pkg/mod710/file.go', 2, 1.0, 'structural', 'test', '1', '2026-01-01T00:00:00Z');
INSERT INTO symbols (id, repo, import_path, symbol_name, language, kind, visibility, display_name, scip_symbol) VALUES (10365, 'bench-repo', 'pkg/mod710/file.go', 'mod_sym_710_2', 'go', 'func', 'public', NULL, NULL);
INSERT INTO claims (id, subject_id, predicate, object_text, object_id, source_file, source_line, confidence, claim_tier, extractor, extractor_version, last_verified) VALUES (10965, 10365, 'defines', 'c-2', NULL, 'pkg/mod710/file.go', 3, 1.0, 'structural', 'test', '1', '2026-01-01T00:00:00Z');
INSERT INTO symbols (id, repo, import_path, symbol_name, language, kind, visibility, display_name, scip_symbol) VALUES (10366, 'bench-repo', 'pkg/mod720/file.go', 'mod_sym_720_0', 'go', 'func', 'public', NULL, NULL);
INSERT INTO claims (id, subject_id, predicate, object_text, object_id, source_file, source_line, confidence, claim_tier, extractor, extractor_version, last_verified) VALUES (10966, 10366, 'defines', 'c-0', NULL, 'pkg/mod720/file.go', 1, 1.0, 'structural', 'test', '1', '2026-01-01T00:00:00Z');
INSERT INTO symbols (id, repo, import_path, symbol_name, language, kind, visibility, display_name, scip_symbol) VALUES (10367, 'bench-repo', 'pkg/mod720/file.go', 'mod_sym_720_1', 'go', 'func', 'public', NULL, NULL);
INSERT INTO claims (id, subject_id, predicate, object_text, object_id, source_file, source_line, confidence, claim_tier, extractor, extractor_version, last_verified) VALUES (10967, 10367, 'defines', 'c-1', NULL, 'pkg/mod720/file.go', 2, 1.0, 'structural', 'test', '1', '2026-01-01T00:00:00Z');
INSERT INTO symbols (id, repo, import_path, symbol_name, language, kind, visibility, display_name, scip_symbol) VALUES (10368, 'bench-repo', 'pkg/mod720/file.go', 'mod_sym_720_2', 'go', 'func', 'public', NULL, NULL);
INSERT INTO claims (id, subject_id, predicate, object_text, object_id, source_file, source_line, confidence, claim_tier, extractor, extractor_version, last_verified) VALUES (10968, 10368, 'defines', 'c-2', NULL, 'pkg/mod720/file.go', 3, 1.0, 'structural', 'test', '1', '2026-01-01T00:00:00Z');
INSERT INTO symbols (id, repo, import_path, symbol_name, language, kind, visibility, display_name, scip_symbol) VALUES (10369, 'bench-repo', 'pkg/mod730/file.go', 'mod_sym_730_0', 'go', 'func', 'public', NULL, NULL);
INSERT INTO claims (id, subject_id, predicate, object_text, object_id, source_file, source_line, confidence, claim_tier, extractor, extractor_version, last_verified) VALUES (10969, 10369, 'defines', 'c-0', NULL, 'pkg/mod730/file.go', 1, 1.0, 'structural', 'test', '1', '2026-01-01T00:00:00Z');
INSERT INTO symbols (id, repo, import_path, symbol_name, language, kind, visibility, display_name, scip_symbol) VALUES (10370, 'bench-repo', 'pkg/mod730/file.go', 'mod_sym_730_1', 'go', 'func', 'public', NULL, NULL);
INSERT INTO claims (id, subject_id, predicate, object_text, object_id, source_file, source_line, confidence, claim_tier, extractor, extractor_version, last_verified) VALUES (10970, 10370, 'defines', 'c-1', NULL, 'pkg/mod730/file.go', 2, 1.0, 'structural', 'test', '1', '2026-01-01T00:00:00Z');
INSERT INTO symbols (id, repo, import_path, symbol_name, language, kind, visibility, display_name, scip_symbol) VALUES (10371, 'bench-repo', 'pkg/mod730/file.go', 'mod_sym_730_2', 'go', 'func', 'public', NULL, NULL);
INSERT INTO claims (id, subject_id, predicate, object_text, object_id, source_file, source_line, confidence, claim_tier, extractor, extractor_version, last_verified) VALUES (10971, 10371, 'defines', 'c-2', NULL, 'pkg/mod730/file.go', 3, 1.0, 'structural', 'test', '1', '2026-01-01T00:00:00Z');
INSERT INTO symbols (id, repo, import_path, symbol_name, language, kind, visibility, display_name, scip_symbol) VALUES (10372, 'bench-repo', 'pkg/mod740/file.go', 'mod_sym_740_0', 'go', 'func', 'public', NULL, NULL);
INSERT INTO claims (id, subject_id, predicate, object_text, object_id, source_file, source_line, confidence, claim_tier, extractor, extractor_version, last_verified) VALUES (10972, 10372, 'defines', 'c-0', NULL, 'pkg/mod740/file.go', 1, 1.0, 'structural', 'test', '1', '2026-01-01T00:00:00Z');
INSERT INTO symbols (id, repo, import_path, symbol_name, language, kind, visibility, display_name, scip_symbol) VALUES (10373, 'bench-repo', 'pkg/mod740/file.go', 'mod_sym_740_1', 'go', 'func', 'public', NULL, NULL);
INSERT INTO claims (id, subject_id, predicate, object_text, object_id, source_file, source_line, confidence, claim_tier, extractor, extractor_version, last_verified) VALUES (10973, 10373, 'defines', 'c-1', NULL, 'pkg/mod740/file.go', 2, 1.0, 'structural', 'test', '1', '2026-01-01T00:00:00Z');
INSERT INTO symbols (id, repo, import_path, symbol_name, language, kind, visibility, display_name, scip_symbol) VALUES (10374, 'bench-repo', 'pkg/mod740/file.go', 'mod_sym_740_2', 'go', 'func', 'public', NULL, NULL);
INSERT INTO claims (id, subject_id, predicate, object_text, object_id, source_file, source_line, confidence, claim_tier, extractor, extractor_version, last_verified) VALUES (10974, 10374, 'defines', 'c-2', NULL, 'pkg/mod740/file.go', 3, 1.0, 'structural', 'test', '1', '2026-01-01T00:00:00Z');
INSERT INTO symbols (id, repo, import_path, symbol_name, language, kind, visibility, display_name, scip_symbol) VALUES (10375, 'bench-repo', 'pkg/mod750/file.go', 'mod_sym_750_0', 'go', 'func', 'public', NULL, NULL);
INSERT INTO claims (id, subject_id, predicate, object_text, object_id, source_file, source_line, confidence, claim_tier, extractor, extractor_version, last_verified) VALUES (10975, 10375, 'defines', 'c-0', NULL, 'pkg/mod750/file.go', 1, 1.0, 'structural', 'test', '1', '2026-01-01T00:00:00Z');
INSERT INTO symbols (id, repo, import_path, symbol_name, language, kind, visibility, display_name, scip_symbol) VALUES (10376, 'bench-repo', 'pkg/mod750/file.go', 'mod_sym_750_1', 'go', 'func', 'public', NULL, NULL);
INSERT INTO claims (id, subject_id, predicate, object_text, object_id, source_file, source_line, confidence, claim_tier, extractor, extractor_version, last_verified) VALUES (10976, 10376, 'defines', 'c-1', NULL, 'pkg/mod750/file.go', 2, 1.0, 'structural', 'test', '1', '2026-01-01T00:00:00Z');
INSERT INTO symbols (id, repo, import_path, symbol_name, language, kind, visibility, display_name, scip_symbol) VALUES (10377, 'bench-repo', 'pkg/mod750/file.go', 'mod_sym_750_2', 'go', 'func', 'public', NULL, NULL);
INSERT INTO claims (id, subject_id, predicate, object_text, object_id, source_file, source_line, confidence, claim_tier, extractor, extractor_version, last_verified) VALUES (10977, 10377, 'defines', 'c-2', NULL, 'pkg/mod750/file.go', 3, 1.0, 'structural', 'test', '1', '2026-01-01T00:00:00Z');
INSERT INTO symbols (id, repo, import_path, symbol_name, language, kind, visibility, display_name, scip_symbol) VALUES (10378, 'bench-repo', 'pkg/mod760/file.go', 'mod_sym_760_0', 'go', 'func', 'public', NULL, NULL);
INSERT INTO claims (id, subject_id, predicate, object_text, object_id, source_file, source_line, confidence, claim_tier, extractor, extractor_version, last_verified) VALUES (10978, 10378, 'defines', 'c-0', NULL, 'pkg/mod760/file.go', 1, 1.0, 'structural', 'test', '1', '2026-01-01T00:00:00Z');
INSERT INTO symbols (id, repo, import_path, symbol_name, language, kind, visibility, display_name, scip_symbol) VALUES (10379, 'bench-repo', 'pkg/mod760/file.go', 'mod_sym_760_1', 'go', 'func', 'public', NULL, NULL);
INSERT INTO claims (id, subject_id, predicate, object_text, object_id, source_file, source_line, confidence, claim_tier, extractor, extractor_version, last_verified) VALUES (10979, 10379, 'defines', 'c-1', NULL, 'pkg/mod760/file.go', 2, 1.0, 'structural', 'test', '1', '2026-01-01T00:00:00Z');
INSERT INTO symbols (id, repo, import_path, symbol_name, language, kind, visibility, display_name, scip_symbol) VALUES (10380, 'bench-repo', 'pkg/mod760/file.go', 'mod_sym_760_2', 'go', 'func', 'public', NULL, NULL);
INSERT INTO claims (id, subject_id, predicate, object_text, object_id, source_file, source_line, confidence, claim_tier, extractor, extractor_version, last_verified) VALUES (10980, 10380, 'defines', 'c-2', NULL, 'pkg/mod760/file.go', 3, 1.0, 'structural', 'test', '1', '2026-01-01T00:00:00Z');
INSERT INTO symbols (id, repo, import_path, symbol_name, language, kind, visibility, display_name, scip_symbol) VALUES (10381, 'bench-repo', 'pkg/mod770/file.go', 'mod_sym_770_0', 'go', 'func', 'public', NULL, NULL);
INSERT INTO claims (id, subject_id, predicate, object_text, object_id, source_file, source_line, confidence, claim_tier, extractor, extractor_version, last_verified) VALUES (10981, 10381, 'defines', 'c-0', NULL, 'pkg/mod770/file.go', 1, 1.0, 'structural', 'test', '1', '2026-01-01T00:00:00Z');
INSERT INTO symbols (id, repo, import_path, symbol_name, language, kind, visibility, display_name, scip_symbol) VALUES (10382, 'bench-repo', 'pkg/mod770/file.go', 'mod_sym_770_1', 'go', 'func', 'public', NULL, NULL);
INSERT INTO claims (id, subject_id, predicate, object_text, object_id, source_file, source_line, confidence, claim_tier, extractor, extractor_version, last_verified) VALUES (10982, 10382, 'defines', 'c-1', NULL, 'pkg/mod770/file.go', 2, 1.0, 'structural', 'test', '1', '2026-01-01T00:00:00Z');
INSERT INTO symbols (id, repo, import_path, symbol_name, language, kind, visibility, display_name, scip_symbol) VALUES (10383, 'bench-repo', 'pkg/mod770/file.go', 'mod_sym_770_2', 'go', 'func', 'public', NULL, NULL);
INSERT INTO claims (id, subject_id, predicate, object_text, object_id, source_file, source_line, confidence, claim_tier, extractor, extractor_version, last_verified) VALUES (10983, 10383, 'defines', 'c-2', NULL, 'pkg/mod770/file.go', 3, 1.0, 'structural', 'test', '1', '2026-01-01T00:00:00Z');
INSERT INTO symbols (id, repo, import_path, symbol_name, language, kind, visibility, display_name, scip_symbol) VALUES (10384, 'bench-repo', 'pkg/mod780/file.go', 'mod_sym_780_0', 'go', 'func', 'public', NULL, NULL);
INSERT INTO claims (id, subject_id, predicate, object_text, object_id, source_file, source_line, confidence, claim_tier, extractor, extractor_version, last_verified) VALUES (10984, 10384, 'defines', 'c-0', NULL, 'pkg/mod780/file.go', 1, 1.0, 'structural', 'test', '1', '2026-01-01T00:00:00Z');
INSERT INTO symbols (id, repo, import_path, symbol_name, language, kind, visibility, display_name, scip_symbol) VALUES (10385, 'bench-repo', 'pkg/mod780/file.go', 'mod_sym_780_1', 'go', 'func', 'public', NULL, NULL);
INSERT INTO claims (id, subject_id, predicate, object_text, object_id, source_file, source_line, confidence, claim_tier, extractor, extractor_version, last_verified) VALUES (10985, 10385, 'defines', 'c-1', NULL, 'pkg/mod780/file.go', 2, 1.0, 'structural', 'test', '1', '2026-01-01T00:00:00Z');
INSERT INTO symbols (id, repo, import_path, symbol_name, language, kind, visibility, display_name, scip_symbol) VALUES (10386, 'bench-repo', 'pkg/mod780/file.go', 'mod_sym_780_2', 'go', 'func', 'public', NULL, NULL);
INSERT INTO claims (id, subject_id, predicate, object_text, object_id, source_file, source_line, confidence, claim_tier, extractor, extractor_version, last_verified) VALUES (10986, 10386, 'defines', 'c-2', NULL, 'pkg/mod780/file.go', 3, 1.0, 'structural', 'test', '1', '2026-01-01T00:00:00Z');
INSERT INTO symbols (id, repo, import_path, symbol_name, language, kind, visibility, display_name, scip_symbol) VALUES (10387, 'bench-repo', 'pkg/mod790/file.go', 'mod_sym_790_0', 'go', 'func', 'public', NULL, NULL);
INSERT INTO claims (id, subject_id, predicate, object_text, object_id, source_file, source_line, confidence, claim_tier, extractor, extractor_version, last_verified) VALUES (10987, 10387, 'defines', 'c-0', NULL, 'pkg/mod790/file.go', 1, 1.0, 'structural', 'test', '1', '2026-01-01T00:00:00Z');
INSERT INTO symbols (id, repo, import_path, symbol_name, language, kind, visibility, display_name, scip_symbol) VALUES (10388, 'bench-repo', 'pkg/mod790/file.go', 'mod_sym_790_1', 'go', 'func', 'public', NULL, NULL);
INSERT INTO claims (id, subject_id, predicate, object_text, object_id, source_file, source_line, confidence, claim_tier, extractor, extractor_version, last_verified) VALUES (10988, 10388, 'defines', 'c-1', NULL, 'pkg/mod790/file.go', 2, 1.0, 'structural', 'test', '1', '2026-01-01T00:00:00Z');
INSERT INTO symbols (id, repo, import_path, symbol_name, language, kind, visibility, display_name, scip_symbol) VALUES (10389, 'bench-repo', 'pkg/mod790/file.go', 'mod_sym_790_2', 'go', 'func', 'public', NULL, NULL);
INSERT INTO claims (id, subject_id, predicate, object_text, object_id, source_file, source_line, confidence, claim_tier, extractor, extractor_version, last_verified) VALUES (10989, 10389, 'defines', 'c-2', NULL, 'pkg/mod790/file.go', 3, 1.0, 'structural', 'test', '1', '2026-01-01T00:00:00Z');
COMMIT;
